endpoint,sample_id,model,strategy,top_k,features,shap_values,prompt,explanation
ADME_hPPB,0,llama3,biomedical,3,"['fr_COO', 'fr_para_hydroxylation', 'AvgIpc']","[0.23030167332376775, 0.09173439901369888, 0.08776491290549547]","
You are a biomedical expert.

A machine learning model predicted a drug property.

The most influential molecular descriptors were:

- fr_COO: 0.230
- fr_para_hydroxylation: 0.092
- AvgIpc: 0.088


Explain in biomedical and chemical terms why these descriptors influence the prediction.
Avoid mentioning SHAP or machine learning terminology.
","The fascinating world of molecular descriptors! Let me break down why these three descriptors are crucial in predicting the behavior of a drug.

**1. fr_COO (0.230)**

The ""fr_COO"" descriptor likely captures the presence and characteristics of carboxyl (-COOH) functional groups on the molecule. Carboxyl groups are negatively charged, which affects the molecule's interactions with its environment. In the context of drug behavior, this descriptor may indicate the molecule's ability to interact with proteins, enzymes, or other biomolecules via electrostatic forces. The high influence of fr_COO suggests that the presence and nature of carboxyl groups significantly impact the predicted drug property.

**2. fr_para_hydroxylation (0.092)**

This descriptor is related to the presence and extent of hydroxyl (-OH) groups on the molecule, particularly when they're situated in a para position (i.e., adjacent to each other). Hydroxyl groups can participate in hydrogen bonding, a crucial interaction in biological systems. The influence of fr_para_hydroxylation suggests that the arrangement and number of hydroxyl groups significantly affect the predicted drug property. This might be due to changes in the molecule's ability to form key interactions with biological targets or modulate protein-ligand interactions.

**3. AvgIpc (0.088)**

AvgIpc stands for ""Average Ionization Potential of Conjugated Systems."" This descriptor is linked to the molecule's electronic structure and the ease with which electrons can be removed (ionized). In the context of drug behavior, AvgIpc may reflect the molecule's ability to interact with biological targets through electrostatic and/or π-π stacking interactions. The influence of AvgIpc suggests that the electronic structure of the molecule plays a significant role in determining the predicted drug property.

In summary, these three descriptors are influential because they capture aspects of the molecule's chemical structure that are relevant to its interactions with biological systems. The presence and arrangement of carboxyl, hydroxyl, and π-electronic systems can affect the molecule's ability to bind to biological targets, modulate protein-ligand interactions, and influence the predicted drug property."
ADME_hPPB,1,llama3,biomedical,3,"['fr_COO', 'HeavyAtomMolWt', 'HallKierAlpha']","[-0.09066957024896542, 0.05647438464739423, 0.056451441376551476]","
You are a biomedical expert.

A machine learning model predicted a drug property.

The most influential molecular descriptors were:

- fr_COO: -0.091
- HeavyAtomMolWt: 0.056
- HallKierAlpha: 0.056


Explain in biomedical and chemical terms why these descriptors influence the prediction.
Avoid mentioning SHAP or machine learning terminology.
","A fascinating prediction!

The three molecular descriptors that significantly influenced the prediction are:

1. **fr_COO**: This descriptor measures the fraction of carbonyl (CO) groups in the molecule. In biomedical contexts, carbonyl groups are often associated with protein-ligand interactions and enzyme catalysis. The negative value of -0.091 suggests that the presence of carbonyl groups might be detrimental to the predicted drug property. This could be due to the molecule's ability to bind to proteins or enzymes in a way that hinders the desired biological response.
2. **HeavyAtomMolWt**: This descriptor represents the molecular weight of the molecule, focusing on the heavier atoms such as sulfur, phosphorus, and chlorine. A positive correlation of 0.056 with the predicted drug property implies that larger, heavier molecules with these atoms are more likely to exhibit the desired property. This could be due to the increased lipophilicity (fat solubility) of these molecules, which might enhance their ability to cross cell membranes and interact with biological targets.
3. **HallKierAlpha**: This descriptor is a measure of the molecule's lipophilicity, specifically the ability of the molecule to interact with the alpha (hydrophobic) region of proteins. A positive correlation of 0.056 suggests that molecules with higher lipophilicity (more alpha-hydrophobic interactions) are more likely to exhibit the predicted drug property. This could be due to the molecule's ability to bind to and modulate the activity of target proteins, which is often dependent on hydrophobic interactions.

In summary, the prediction suggests that molecules with:

* Reduced carbonyl groups (fr_COO)
* Larger, heavier atoms (HeavyAtomMolWt)
* Increased lipophilicity (HallKierAlpha)

are more likely to exhibit the predicted drug property. These descriptors may be influencing the prediction by modulating the molecule's ability to interact with biological targets, such as proteins, and affect the desired biological response."
ADME_hPPB,2,llama3,biomedical,3,"['fr_COO', 'HeavyAtomMolWt', 'EState_VSA3']","[0.21410272034319877, -0.08789373115731833, 0.06264410426729361]","
You are a biomedical expert.

A machine learning model predicted a drug property.

The most influential molecular descriptors were:

- fr_COO: 0.214
- HeavyAtomMolWt: -0.088
- EState_VSA3: 0.063


Explain in biomedical and chemical terms why these descriptors influence the prediction.
Avoid mentioning SHAP or machine learning terminology.
","A fascinating prediction! Let's dive into the chemical and biomedical significance of these influential molecular descriptors.

1. **fr_COO**: The fractional contribution of carboxyl (-COO) functional groups to the molecule's overall polar surface area (PSA) is a key factor. Carboxyl groups are negatively charged, which influences the drug's ability to interact with proteins and membranes. A higher value for fr_COO (0.214) suggests that the drug's ability to interact with biological targets is mediated, in part, by its carboxylate moieties. This descriptor's influence implies that the drug may have a greater affinity for certain biomolecules, such as enzymes or receptors, due to its negatively charged nature.
2. **HeavyAtomMolWt**: The molecular weight of the heaviest atom in the molecule is a significant factor. A negative correlation with the predicted property (−0.088) indicates that molecules with heavier atoms tend to have the opposite property. This could be attributed to the increased steric hindrance and electrostatic interactions caused by the presence of heavier atoms, which might affect the drug's ability to interact with biological targets or its own stability.
3. **EState_VSA3**: The third-order electronic state descriptor, EState_VSA3, captures the molecule's electronic properties. A positive correlation with the predicted property (0.063) suggests that molecules with a higher EState_VSA3 value tend to exhibit the desired property. This descriptor is related to the molecule's ability to delocalize electrons, which can influence its reactivity and interactions with biological molecules. A higher EState_VSA3 value may indicate that the drug is more likely to form stable complexes with its targets or exhibit desired pharmacological properties.

In summary, these descriptors highlight the importance of the drug's functional groups (carboxyl), atomic mass (heavier atoms), and electronic properties (delocalized electrons) in predicting its behavior. These chemical and biomedical factors collectively contribute to the drug's ability to interact with biological targets, stability, and overall pharmacological properties."
ADME_hPPB,3,llama3,biomedical,3,"['fr_COO', 'HeavyAtomMolWt', 'fr_C_O']","[-0.07941055982920611, -0.036676242675749135, 0.034697503994073946]","
You are a biomedical expert.

A machine learning model predicted a drug property.

The most influential molecular descriptors were:

- fr_COO: -0.079
- HeavyAtomMolWt: -0.037
- fr_C_O: 0.035


Explain in biomedical and chemical terms why these descriptors influence the prediction.
Avoid mentioning SHAP or machine learning terminology.
","As a biomedical expert, I'd be happy to help explain the significance of these molecular descriptors in the context of drug properties.

1. **fr_COO: -0.079**: This descriptor is related to the presence and distribution of carboxyl (-COO) groups in the molecule. In biological systems, carboxyl groups can play a crucial role in binding to proteins, enzymes, and other molecules. A negative correlation with the predicted drug property suggests that the presence of carboxyl groups may be unfavorable for the activity or potency of the drug. This could be due to steric hindrance, charge repulsion, or competitive binding interactions.

In the context of drug development, a negative influence of carboxyl groups might indicate that molecules with fewer or no carboxyl groups have a higher likelihood of being effective or having improved pharmacokinetic properties.

2. **HeavyAtomMolWt: -0.037**: This descriptor is a measure of the total molecular weight of heavy atoms (excluding hydrogen) in the molecule. Heavy atoms are typically those with a higher atomic number, such as C, N, O, F, and Cl. A negative correlation with the predicted drug property suggests that an increase in the molecular weight of heavy atoms may be unfavorable for the activity or potency of the drug.

This could be due to several factors, including:

* Increased steric hindrance, making it more difficult for the molecule to bind to its target or interact with enzymes;
* Reduced solubility or bioavailability due to increased molecular weight;
* Altered electronic properties, leading to changes in the molecule's affinity for its target or its ability to interact with other molecules.

In the context of drug development, a negative influence of heavy atoms may indicate that molecules with lower molecular weights or a more balanced distribution of heavy atoms have a higher likelihood of being effective or having improved pharmacokinetic properties.

3. **fr_C_O: 0.035**: This descriptor is related to the presence and distribution of carbonyl (-C=O) groups in the molecule. Carbonyl groups are common in biomolecules and can play important roles in protein-ligand interactions. A positive correlation with the predicted drug property suggests that the presence of carbonyl groups may be favorable for the activity or potency of the drug.

In the context of drug development, a positive influence of carbonyl groups may indicate that molecules with one or more carbonyl groups have a higher likelihood of being effective or having improved pharmacokinetic properties. This could be due to the ability of carbonyl groups to form hydrogen bonds, π-π stacking interactions, or other favorable interactions with proteins or other molecules.

In summary, the molecular descriptors fr_COO, HeavyAtomMolWt, and fr_C_O provide insights into the chemical and biological properties of the molecules that are relevant to their drug-like behavior. By understanding the influence of these descriptors on the predicted drug property, researchers can design and optimize molecules with improved biological activity and pharmacokinetic profiles."
ADME_hPPB,4,llama3,biomedical,3,"['Chi0n', 'PEOE_VSA1', 'HeavyAtomMolWt']","[-0.11669207127936318, 0.0823257502401111, 0.07957564252908186]","
You are a biomedical expert.

A machine learning model predicted a drug property.

The most influential molecular descriptors were:

- Chi0n: -0.117
- PEOE_VSA1: 0.082
- HeavyAtomMolWt: 0.080


Explain in biomedical and chemical terms why these descriptors influence the prediction.
Avoid mentioning SHAP or machine learning terminology.
","The predictions are in, and it's time to dive into the molecular nuances that underlie the results!

Let's break down the influential molecular descriptors:

1. **Chi0n (-0.117)**: This descriptor is related to the molecular shape and topology. The Chi0n value represents the average curvature of the molecule. In this case, the negative value suggests that the molecule tends to have a more compact, globular shape, which may facilitate interactions with biological targets. A more curved molecule can also indicate a higher degree of steric hindrance, potentially influencing the molecule's ability to bind to specific sites.
2. **PEOE_VSA1 (0.082)**: This descriptor is linked to the molecule's electronic properties, specifically the polarizability. The positive value indicates that the molecule has a higher tendency to polarize (i.e., become electrically charged) in response to external influences, such as changes in the local electric field or interactions with charged molecules. This property can be relevant in the context of drug binding, as polarizability can affect the molecule's ability to interact with target proteins or other biomolecules.
3. **HeavyAtomMolWt (0.080)**: This descriptor is related to the molecular weight and the presence of heavy atoms (those with an atomic number > 20). The high value suggests that the molecule contains a significant proportion of heavy atoms, which can contribute to its overall size, shape, and physical properties. Heavy atoms can also influence the molecule's reactivity, bioavailability, and susceptibility to metabolism or elimination. In the context of drug binding, the presence of heavy atoms can affect the molecule's ability to interact with target proteins or other biomolecules, potentially influencing the efficacy and toxicity of the drug.

In summary, these molecular descriptors influence the prediction because they capture important aspects of the molecule's shape, electronic properties, and physical characteristics. The compact, globular shape and polarizability may facilitate interactions with biological targets, while the presence of heavy atoms can affect the molecule's reactivity, bioavailability, and susceptibility to metabolism or elimination. These properties can ultimately impact the molecule's ability to bind to specific sites, exert its therapeutic effects, or exhibit adverse effects."
ADME_hPPB,5,llama3,biomedical,3,"['fr_COO', 'Chi2n', 'PEOE_VSA6']","[0.671899759352337, 0.06830291145927844, -0.05654044626110822]","
You are a biomedical expert.

A machine learning model predicted a drug property.

The most influential molecular descriptors were:

- fr_COO: 0.672
- Chi2n: 0.068
- PEOE_VSA6: -0.057


Explain in biomedical and chemical terms why these descriptors influence the prediction.
Avoid mentioning SHAP or machine learning terminology.
","A fascinating set of molecular descriptors! Let me break them down for you in biomedical and chemical terms.

**fr_COO: 0.672**
The fr_COO descriptor is related to the presence and characteristics of carboxyl (-COO) groups on the molecule. In biomedical contexts, carboxyl groups are often associated with molecules that can interact with proteins, such as peptides or enzymes. The high value of 0.672 suggests that the presence and orientation of these groups play a significant role in determining the predicted drug property. This could be due to the carboxyl groups' ability to form hydrogen bonds or ionic interactions with target proteins, influencing the molecule's binding affinity or efficacy.

**Chi2n: 0.068**
The Chi2n descriptor is a topological index that describes the branching or connectivity of the molecule. In chemical terms, Chi2n measures the number of cycles (ring structures) and branches in the molecule. The relatively low value of 0.068 indicates that the overall branching and cyclization patterns of the molecule do not have a strong influence on the predicted drug property. This might be because the molecule's conformation and flexibility are not crucial for the desired biological activity.

**PEOE_VSA6: -0.057**
The PEOE_VSA6 descriptor is a physicochemical property that relates to the molecule's polar and apolar (non-polar) regions. PEOE stands for ""Partial Equal Odds Energies,"" which is a measure of the energy required to partition the molecule between a polar and apolar environment. The negative value of -0.057 suggests that the molecule's polar properties, such as its ability to interact with water or solubility, are unfavorable for the predicted drug property. This could indicate that the molecule's apolar regions or hydrophobic character are more important for its biological activity.

In summary, the fr_COO descriptor highlights the importance of carboxyl groups in influencing the predicted drug property, while the Chi2n descriptor suggests that the molecule's branching and cyclization patterns are not critical. The PEOE_VSA6 descriptor emphasizes the role of polar and apolar regions in determining the molecule's biological activity, with apolar regions being favored."
ADME_hPPB,6,llama3,biomedical,3,"['fr_ketone', 'HeavyAtomMolWt', 'PEOE_VSA14']","[0.09213258011619159, -0.0678695845211875, -0.05898779363623399]","
You are a biomedical expert.

A machine learning model predicted a drug property.

The most influential molecular descriptors were:

- fr_ketone: 0.092
- HeavyAtomMolWt: -0.068
- PEOE_VSA14: -0.059


Explain in biomedical and chemical terms why these descriptors influence the prediction.
Avoid mentioning SHAP or machine learning terminology.
","A fascinating prediction! Let me break down the importance of each descriptor in biomedical and chemical terms:

1. **Fr_ketone: 0.092**: This descriptor is related to the presence and proportion of ketone functional groups in the molecule. In biomedical contexts, ketone-containing molecules are often associated with biological processes, such as protein modification or cellular signaling. The positive coefficient (0.092) suggests that the presence of ketone groups in the molecule is positively correlated with the predicted drug property. This could indicate that the ketone functional group is involved in the molecule's ability to interact with biological targets or modulate cellular pathways, leading to the predicted drug property.

2. **HeavyAtomMolWt: -0.068**: This descriptor is a measure of the molecular weight of the molecule, with a focus on the heavier atoms (e.g., S, Se, Cl, Br, I) rather than lighter atoms (e.g., H, C, N, O). The negative coefficient (-0.068) implies that the presence of heavier atoms in the molecule is negatively correlated with the predicted drug property. In chemical terms, this could indicate that the molecule's overall size and the presence of certain heavy atoms might be detrimental to its ability to interact with biological targets or modulate cellular pathways, resulting in a lower predicted drug property.

3. **PEOE_VSA14: -0.059**: This descriptor is related to the polarity and electrostatic potential of the molecule, as measured by the PEOE (Polarization-Electric Orientation) method. The negative coefficient (-0.059) suggests that the molecule's polarity and electrostatic potential are negatively correlated with the predicted drug property. In biomedical terms, this could imply that the molecule's ability to interact with biological targets or modulate cellular pathways is compromised by its polarity and electrostatic potential, leading to a lower predicted drug property.

In summary, these descriptors highlight the importance of specific molecular features in influencing the predicted drug property. The presence of ketone groups, the size and composition of the molecule, and the polarity and electrostatic potential of the molecule all contribute to the prediction, with some features being positively correlated and others being negatively correlated with the predicted property."
ADME_hPPB,7,llama3,biomedical,3,"['fr_COO', 'HeavyAtomMolWt', 'PEOE_VSA1']","[0.13489737593521717, -0.10046860935451038, 0.08911939643095157]","
You are a biomedical expert.

A machine learning model predicted a drug property.

The most influential molecular descriptors were:

- fr_COO: 0.135
- HeavyAtomMolWt: -0.100
- PEOE_VSA1: 0.089


Explain in biomedical and chemical terms why these descriptors influence the prediction.
Avoid mentioning SHAP or machine learning terminology.
","As a biomedical expert, I'd be happy to help you understand the significance of these molecular descriptors in the context of drug properties.

**Fr_COO: 0.135**

This descriptor is related to the presence and properties of carboxylate (-COO-) groups in the molecule. The coefficient value of 0.135 indicates that the presence of carboxylate groups positively correlates with the predicted drug property. In biomedical terms, carboxylate groups are often associated with the ability of a molecule to interact with proteins or other biological molecules, such as enzymes or receptors. This interaction can influence the molecule's ability to modulate biological pathways, making it a relevant descriptor for predicting drug properties.

**HeavyAtomMolWt: -0.100**

This descriptor is related to the molecular weight of the heaviest atoms in the molecule, typically heavier elements like sulfur, phosphorus, or chlorine. The negative coefficient value of -0.100 suggests that the presence of heavy atoms in the molecule negatively correlates with the predicted drug property. In chemical terms, heavy atoms can introduce steric hindrance, making it more difficult for the molecule to interact with biological targets or undergo metabolic transformations. This descriptor may be influencing the prediction by indicating that molecules with heavier atoms are less likely to exhibit the desired drug property.

**PEOE_VSA1: 0.089**

This descriptor is related to the presence and properties of polar or electronegative atoms (e.g., oxygen, nitrogen, or fluorine) in the molecule. The coefficient value of 0.089 indicates that the presence of polar atoms positively correlates with the predicted drug property. In biomedical terms, polar atoms are often associated with the ability of a molecule to interact with water or biological molecules through hydrogen bonding or other electrostatic interactions. This interaction can influence the molecule's ability to modulate biological pathways, making it a relevant descriptor for predicting drug properties.

In summary, these molecular descriptors are influencing the prediction of the drug property by capturing information about the molecule's ability to interact with biological targets, its overall size and shape, and its chemical properties."
ADME_hPPB,8,llama3,biomedical,3,"['fr_COO', 'Phi', 'ExactMolWt']","[0.1141172624089847, 0.08616550763236536, 0.07881938810849363]","
You are a biomedical expert.

A machine learning model predicted a drug property.

The most influential molecular descriptors were:

- fr_COO: 0.114
- Phi: 0.086
- ExactMolWt: 0.079


Explain in biomedical and chemical terms why these descriptors influence the prediction.
Avoid mentioning SHAP or machine learning terminology.
","As a biomedical expert, I'd be happy to break down the significance of these molecular descriptors in the context of drug properties.

**fr_COO: 0.114**
The fr_COO descriptor refers to the presence and characteristics of carboxyl (-COO) groups in the molecule. In the context of drug properties, this descriptor likely captures the influence of carboxyl groups on the compound's ability to interact with biological targets. Carboxyl groups can participate in hydrogen bonding, which is crucial for protein-ligand interactions. A higher value of fr_COO may indicate that the compound is more likely to form strong hydrogen bonds with its target protein, which could enhance its binding affinity and efficacy.

**Phi: 0.086**
The Phi descriptor is a measure of the molecule's shape and flexibility. In the context of drug properties, Phi might be influencing the prediction by capturing the compound's ability to adopt a specific conformation or orientation when interacting with its target protein. A higher value of Phi may indicate that the compound has a more flexible or adaptable shape, which could facilitate its binding to the target protein and enhance its activity.

**ExactMolWt: 0.079**
The ExactMolWt descriptor represents the molecular weight of the compound, which is a fundamental physical property. In the context of drug properties, ExactMolWt might be influencing the prediction by capturing the compound's size and steric properties. A higher molecular weight may indicate that the compound is larger and more bulky, which could affect its ability to penetrate tissues and reach its target protein. Additionally, molecular weight can influence the compound's solubility, stability, and pharmacokinetic profile, all of which are important considerations for drug development.

In summary, these molecular descriptors are influencing the prediction by capturing various aspects of the compound's structure and properties that are relevant to its biological activity. The carboxyl group descriptor (fr_COO) may be capturing the compound's ability to interact with proteins through hydrogen bonding, the shape and flexibility descriptor (Phi) may be influencing the prediction by capturing the compound's ability to adopt a specific conformation, and the molecular weight descriptor (ExactMolWt) may be capturing the compound's size and steric properties, which can affect its pharmacokinetic and pharmacodynamic profiles."
ADME_hPPB,9,llama3,biomedical,3,"['fr_COO', 'VSA_EState4', 'VSA_EState3']","[0.4660350543987155, 0.06998149123792072, 0.057304458739837034]","
You are a biomedical expert.

A machine learning model predicted a drug property.

The most influential molecular descriptors were:

- fr_COO: 0.466
- VSA_EState4: 0.070
- VSA_EState3: 0.057


Explain in biomedical and chemical terms why these descriptors influence the prediction.
Avoid mentioning SHAP or machine learning terminology.
","As a biomedical expert, I'd be happy to break down the significance of these molecular descriptors in the context of drug properties.

The first descriptor, fr_COO, is related to the presence and distribution of carboxyl (-COO) functional groups within the molecule. Carboxyl groups are typically found in acidic molecules, and their presence can influence the drug's physicochemical properties, such as its solubility, permeability, and ability to interact with biological targets. In this case, the high influence of fr_COO on the predicted drug property suggests that the presence and arrangement of carboxyl groups may be crucial for the molecule's activity or efficacy.

The next two descriptors, VSA_EState3 and VSA_EState4, are both related to the molecule's electronic properties. In particular, they describe the molecule's ability to interact with and respond to electromagnetic radiation, such as light or electrical fields. These descriptors are influenced by the molecule's electronic cloud, which is shaped by the arrangement of electrons and the presence of functional groups like carboxyls.

VSA_EState3 is related to the molecule's ability to absorb and respond to lower-energy electromagnetic radiation, such as radiofrequency or microwave radiation. This descriptor may be influencing the predicted drug property by capturing the molecule's ability to interact with biological systems or targets that are sensitive to these types of radiation.

VSA_EState4, on the other hand, is related to the molecule's ability to absorb and respond to higher-energy electromagnetic radiation, such as ultraviolet (UV) or visible light. This descriptor may be influencing the predicted drug property by capturing the molecule's ability to interact with biological systems or targets that are sensitive to these types of radiation, such as DNA or proteins.

In summary, these three descriptors are influencing the predicted drug property by capturing the molecule's physicochemical properties, such as its acidity, electronic properties, and ability to interact with electromagnetic radiation. These properties may be important for the molecule's ability to bind to targets, modulate biological pathways, or exert its therapeutic effects."
ADME_hPPB,10,llama3,biomedical,3,"['fr_COO', 'fr_ketone', 'EState_VSA9']","[0.23201331387892193, 0.06441642838872992, -0.03633415771955667]","
You are a biomedical expert.

A machine learning model predicted a drug property.

The most influential molecular descriptors were:

- fr_COO: 0.232
- fr_ketone: 0.064
- EState_VSA9: -0.036


Explain in biomedical and chemical terms why these descriptors influence the prediction.
Avoid mentioning SHAP or machine learning terminology.
","The fascinating world of molecular descriptors! Let me break down the significance of these influential features in biomedical and chemical terms.

**fr_COO: 0.232**
The fr_COO descriptor refers to the fraction of the molecule that is negatively charged (COO-). This is a measure of the molecule's overall acidity. In biological systems, acidity plays a crucial role in protein-ligand interactions, enzyme catalysis, and membrane permeability. A high value for fr_COO (0.232) suggests that the molecule has a relatively high propensity to donate a negative charge, which could influence its binding affinity to target proteins or its ability to traverse biological membranes.

**fr_ketone: 0.064**
The fr_ketone descriptor represents the fraction of the molecule that contains a ketone functional group (R-CO-R'). Ketones are an important class of bioactive molecules, as they can participate in enzyme-substrate interactions, protein-ligand binding, and even membrane permeation. The presence of a ketone group can influence the molecule's shape, polarity, and reactivity, which in turn affects its biological properties. A moderate value for fr_ketone (0.064) suggests that the molecule's ketone functional group is likely to contribute to its biological activity.

**EState_VSA9: -0.036**
The EState_VSA9 descriptor is an electrotopological state index, which measures the molecule's local electronic properties. This index is sensitive to the spatial distribution of electronegative atoms, such as oxygen, nitrogen, and fluorine. A negative value for EState_VSA9 (-0.036) indicates that the molecule has a relatively high concentration of electronegative atoms, which can influence its ability to form hydrogen bonds, participate in enzyme-substrate interactions, or modulate protein-ligand binding. This descriptor is particularly important in the context of drug development, as it can impact the molecule's ADMET (absorption, distribution, metabolism, and excretion) properties.

In summary, these three molecular descriptors capture distinct aspects of the molecule's chemical structure that are relevant to its biological properties. The acidity of the molecule (fr_COO), the presence of a ketone functional group (fr_ketone), and the local electronic properties (EState_VSA9) all contribute to the molecule's predicted drug properties."
ADME_hPPB,11,llama3,biomedical,3,"['fr_COO', 'VSA_EState8', 'VSA_EState4']","[-0.6924093339782766, 0.07126712930884477, -0.058448230719866275]","
You are a biomedical expert.

A machine learning model predicted a drug property.

The most influential molecular descriptors were:

- fr_COO: -0.692
- VSA_EState8: 0.071
- VSA_EState4: -0.058


Explain in biomedical and chemical terms why these descriptors influence the prediction.
Avoid mentioning SHAP or machine learning terminology.
","The intriguing molecular descriptors that govern the behavior of our target compound! Let's dive into their biological and chemical significance.

**fr_COO: -0.692**

The fr_COO descriptor is related to the molecular surface area and shape. The negative value suggests that the compound's molecular surface area is smaller than expected, indicating a more compact or globular structure. This could imply that the drug has a lower solubility or bioavailability due to its increased hydrophobicity. In biomedical terms, this might impact the drug's ability to penetrate biological membranes or interact with its target protein. The negative value may also hint at steric hindrances, where the drug's shape limits its ability to bind to its intended target.

**VSA_EState8: 0.071**

The VSA_EState8 descriptor is a measure of molecular electronegativity, which is the tendency of an atom or molecule to attract electrons. The positive value indicates that the compound has a relatively high electronegativity, implying that it may have a strong tendency to form hydrogen bonds or π-π stacking interactions with other molecules. Biomedically, this could influence the drug's ability to interact with specific biomolecules, such as proteins or nucleic acids, and potentially modulate their functions.

**VSA_EState4: -0.058**

The VSA_EState4 descriptor is also related to molecular electronegativity, but this time it assesses the molecule's ability to donate electrons (negatively charged). The negative value suggests that the compound has a relatively low ability to donate electrons, which might indicate that it is not as effective at forming hydrogen bonds or other electronegativity-driven interactions. Biomedically, this could impact the drug's ability to interact with specific biomolecules, potentially reducing its efficacy or potency.

In summary, these descriptors suggest that our target compound has a compact, hydrophobic structure that may impact its solubility and bioavailability. Additionally, its electronegative properties may influence its interactions with biomolecules, potentially modulating their functions. These findings can provide valuable insights into the compound's biological behavior and inform the design of subsequent optimization strategies."
ADME_hPPB,12,llama3,biomedical,3,"['HeavyAtomMolWt', 'fr_COO', 'PEOE_VSA1']","[0.10329290196699509, 0.09176128219994943, 0.08390663050484298]","
You are a biomedical expert.

A machine learning model predicted a drug property.

The most influential molecular descriptors were:

- HeavyAtomMolWt: 0.103
- fr_COO: 0.092
- PEOE_VSA1: 0.084


Explain in biomedical and chemical terms why these descriptors influence the prediction.
Avoid mentioning SHAP or machine learning terminology.
","What an intriguing set of molecular descriptors! Let's dive into the biomedical and chemical significance of these influential features.

**HeavyAtomMolWt (0.103)**:
The HeavyAtomMolWt descriptor is a measure of the overall molecular weight of the compound, focusing on the contribution from heavier atoms like carbon, nitrogen, and sulfur. In biomedical contexts, this property is relevant because larger molecules often have more complex interactions with biological targets, such as enzymes, receptors, or DNA.

In chemical terms, the molecular weight of a compound can influence its solubility, stability, and ability to diffuse through membranes. A higher molecular weight can also affect the compound's ability to bind to specific targets, as larger molecules may have increased surface areas for interactions. In the context of the predicted drug property, a strong influence from HeavyAtomMolWt suggests that the model is considering the overall size and complexity of the molecule in relation to its biological activity.

**fr_COO (0.092)**:
The fr_COO descriptor is a fragment-based feature that quantifies the presence and frequency of a specific molecular fragment, in this case, the carboxyl group (-COO-). In biomedical terms, the carboxyl group is an important motif in many biological molecules, such as peptides, proteins, and nucleic acids.

From a chemical perspective, the carboxyl group is a common functional group that can participate in a variety of biological processes, including protein-ligand interactions, enzyme catalysis, and membrane transport. The presence and frequency of this fragment in the predicted drug molecule may indicate its potential to interact with specific biological targets or modulate specific biochemical pathways. The strong influence of fr_COO on the predicted drug property suggests that the model is considering the molecule's ability to interact with biological molecules containing carboxyl groups.

**PEOE_VSA1 (0.084)**:
The PEOE_VSA1 descriptor is a quantum-chemical feature that represents the molecular electrostatic potential (MEP) at a specific atom, in this case, the first valence shell atom (VSA1). MEP is a measure of the electronic charge distribution around an atom, which can influence the molecule's interactions with biological molecules.

In biomedical terms, the MEP of a molecule can affect its ability to bind to specific biological targets, such as enzymes or receptors, which often rely on electrostatic interactions to recognize and bind ligands. The influence of PEOE_VSA1 on the predicted drug property suggests that the model is considering the molecule's electrostatic properties and how they might influence its interactions with biological targets.

In summary, the influential molecular descriptors suggest that the predicted drug property is influenced by the overall size and complexity of the molecule (HeavyAtomMolWt), the presence and frequency of specific functional groups (fr_COO), and the molecular electrostatic potential (PEOE_VSA1). These features may be important for understanding the molecule's interactions with biological targets and its potential biological activity."
ADME_hPPB,13,llama3,biomedical,3,"['fr_COO', 'HeavyAtomMolWt', 'BalabanJ']","[-0.05648788350153549, 0.05363327848729964, -0.03621439703177483]","
You are a biomedical expert.

A machine learning model predicted a drug property.

The most influential molecular descriptors were:

- fr_COO: -0.056
- HeavyAtomMolWt: 0.054
- BalabanJ: -0.036


Explain in biomedical and chemical terms why these descriptors influence the prediction.
Avoid mentioning SHAP or machine learning terminology.
","The molecular descriptors that influenced the prediction of the drug property are interesting indeed!

Let's dive into the biomedical and chemical significance of each descriptor:

1. **fr_COO**: This descriptor measures the frequency of carboxylic acid (COO) functional groups in the molecule. Carboxylic acids are important in biological systems, as they can participate in key biochemical reactions, such as protein-ligand interactions and enzyme catalysis. The negative value of fr_COO (-0.056) suggests that the presence of carboxylic acid groups in the molecule is associated with the predicted drug property. This might be due to the ability of these groups to form hydrogen bonds with biological targets, influencing their activity or binding affinity.
2. **HeavyAtomMolWt**: This descriptor is a measure of the molecular weight of the heaviest atom in the molecule. In this case, the positive value (0.054) indicates that the presence of heavier atoms (such as phosphorus, sulfur, or chlorine) in the molecule is linked to the predicted drug property. Heavier atoms can contribute to the overall polarity and electrostatic potential of the molecule, which may impact its ability to interact with biological targets or traverse cellular membranes.
3. **BalabanJ**: This descriptor is a topological index that measures the molecular flexibility and conformational entropy of the molecule. The negative value (-0.036) suggests that the predicted drug property is associated with molecules that have a more rigid or constrained conformation. This might be related to the ability of the molecule to adopt a specific binding conformation or to resist conformational changes upon binding to a biological target.

In summary, the influential molecular descriptors suggest that the predicted drug property is linked to the presence of carboxylic acid groups, the incorporation of heavier atoms, and the molecular flexibility and conformational entropy. These findings may provide valuable insights for the design and optimization of new drugs, as they highlight the importance of considering these molecular properties in the development of bioactive compounds."
ADME_hPPB,14,llama3,biomedical,3,"['fr_COO', 'fr_ketone', 'fr_para_hydroxylation']","[0.5704528397652694, 0.06836895475537104, 0.05640116934964586]","
You are a biomedical expert.

A machine learning model predicted a drug property.

The most influential molecular descriptors were:

- fr_COO: 0.570
- fr_ketone: 0.068
- fr_para_hydroxylation: 0.056


Explain in biomedical and chemical terms why these descriptors influence the prediction.
Avoid mentioning SHAP or machine learning terminology.
","A fascinating prediction! Let's dive into the chemical and biomedical aspects of these descriptors and their potential influence on the drug property.

1. **fr_COO (0.570)**: This descriptor likely relates to the presence and properties of carboxyl (-COOH) functional groups in the molecule. Carboxyl groups are a common feature in many bioactive molecules, including drugs. The high value of 0.570 suggests that the presence and position of carboxyl groups significantly influence the predicted drug property.

In a biological context, carboxyl groups can participate in hydrogen bonding, ionic interactions, and enzyme recognition, which are crucial for molecular recognition and binding to target proteins. Therefore, the presence and arrangement of carboxyl groups can impact the molecule's ability to interact with its target, which in turn affects its efficacy and potency.

2. **fr_ketone (0.068)**: This descriptor is likely linked to the presence and properties of ketone functional groups (R-CO-R') in the molecule. Ketones are a common type of functional group in organic chemistry, and they can play important roles in molecular recognition and binding.

In a biomedical context, ketones can participate in hydrogen bonding and influence the conformation of a molecule, which can, in turn, affect its binding affinity to proteins. The relatively low value of 0.068 suggests that ketone functional groups have a smaller, yet still significant, impact on the predicted drug property compared to carboxyl groups.

3. **fr_para_hydroxylation (0.056)**: This descriptor likely relates to the presence and properties of para-hydroxylated (phenolic) functional groups in the molecule. Para-hydroxylation refers to the presence of a hydroxyl (-OH) group attached to a phenolic ring.

In a biomedical context, para-hydroxylation can influence the molecule's ability to interact with enzymes, transport proteins, and other biological targets. The relatively low value of 0.056 suggests that para-hydroxylation has a smaller impact on the predicted drug property compared to carboxyl and ketone groups.

In summary, these descriptors likely reflect the importance of carboxyl, ketone, and para-hydroxylated functional groups in influencing the predicted drug property. The presence and properties of these functional groups can impact the molecule's ability to interact with biological targets, which can, in turn, affect its efficacy and potency."
ADME_hPPB,15,llama3,biomedical,3,"['AvgIpc', 'fr_para_hydroxylation', 'fr_COO']","[0.09671728735014064, 0.09133884498835236, -0.07322228318065295]","
You are a biomedical expert.

A machine learning model predicted a drug property.

The most influential molecular descriptors were:

- AvgIpc: 0.097
- fr_para_hydroxylation: 0.091
- fr_COO: -0.073


Explain in biomedical and chemical terms why these descriptors influence the prediction.
Avoid mentioning SHAP or machine learning terminology.
","What a fascinating prediction! Let me break down the molecular descriptors that influenced the prediction in biomedical and chemical terms.

**AvgIpc (0.097)**: This descriptor likely captures the overall hydrophobicity or lipophilicity of the molecule. The average ionization potential charge (AvgIpc) measures the energy required to remove an electron from the molecule. A higher value indicates increased lipophilicity, which is the ability of a molecule to dissolve in lipids. In this context, a positive AvgIpc value (0.097) suggests that the molecule has a moderate to high affinity for non-polar environments, such as cellular membranes or lipid droplets. This property might be important for the drug's absorption, distribution, metabolism, and excretion (ADME) characteristics, as well as its potential interactions with target proteins or receptors.

**fr_para_hydroxylation (0.091)**: This descriptor probably reflects the molecule's propensity to undergo para-hydroxylation, a type of oxidative metabolism. Para-hydroxylation is a common metabolic pathway that converts aromatic compounds into hydroxylated derivatives. The fraction of para-hydroxylation (fr_para_hydroxylation) likely indicates the molecule's susceptibility to this metabolic pathway. A positive value (0.091) implies that the molecule is more likely to be hydroxylated at the para position, which might impact its pharmacokinetic profile, such as its clearance or bioavailability.

**fr_COO (-0.073)**: This descriptor is related to the presence and properties of carboxylate groups (COO-) in the molecule. The fraction of COO- (fr_COO) probably measures the extent to which the molecule has a carboxylate functionality. The negative value (-0.073) suggests that the molecule has a relatively low content of carboxylate groups. This might influence the drug's properties, such as its pKa value (the pH at which the molecule is 50% ionized), its solubility, or its interactions with proteins or receptors.

In summary, the influential molecular descriptors in this prediction likely capture the molecule's lipophilicity, metabolic stability, and carboxylate group content, which are all important factors in determining a drug's ADME characteristics, target interactions, and overall pharmacological profile."
ADME_hPPB,16,llama3,biomedical,3,"['fr_lactam', 'NumAromaticCarbocycles', 'AvgIpc']","[0.08175047560165764, 0.08019525158837393, 0.07307065787156841]","
You are a biomedical expert.

A machine learning model predicted a drug property.

The most influential molecular descriptors were:

- fr_lactam: 0.082
- NumAromaticCarbocycles: 0.080
- AvgIpc: 0.073


Explain in biomedical and chemical terms why these descriptors influence the prediction.
Avoid mentioning SHAP or machine learning terminology.
","As a biomedical expert, I can explain the significance of these molecular descriptors in the context of drug properties.

1. **Fr_lactam**: This descriptor likely captures the presence and structural features of lactams, which are a type of heterocyclic ring. Lactams are a common motif in many biologically active molecules, including antibiotics and antiviral agents. The presence of a lactam ring can influence the drug's ability to bind to its target protein, modulate its activity, or affect its metabolic stability. In the context of the predicted drug property, a high value for fr_lactam may indicate that the molecule has a propensity to interact with proteins or enzymes, which could impact its efficacy or toxicity.

2. **NumAromaticCarbocycles**: This descriptor is related to the number of aromatic rings (e.g., benzene, indole) and carbocyclic rings (e.g., cyclohexane) in the molecule. Aromatic rings are common in many biologically active molecules, as they can facilitate binding to target proteins or enhance metabolic stability. Carbocyclic rings can also influence the molecule's shape and flexibility, affecting its interactions with biological molecules. The presence of multiple aromatic and carbocyclic rings may contribute to the molecule's ability to interact with biological targets, such as enzymes or receptors, which could impact its predicted drug property.

3. **AvgIpc**: This descriptor represents the average ionization potential (Ipc) of the molecule, which is a measure of its tendency to release electrons. Ionization potential is related to the molecule's electronic structure and can influence its ability to interact with biological molecules. In general, molecules with lower ionization potentials tend to be more reactive, while those with higher ionization potentials are less reactive. The average Ipc value may indicate the molecule's overall reactivity, which could impact its ability to interact with biological targets or undergo metabolic processing. In the context of the predicted drug property, a high value for AvgIpc may indicate that the molecule is relatively unreactive and less likely to interact with biological targets in a specific way.

In summary, these molecular descriptors capture aspects of the molecule's structure and electronic properties that may influence its ability to interact with biological targets or undergo metabolic processing. The specific values for these descriptors can provide insights into the molecule's potential to exhibit a particular drug property, such as binding to proteins, modulating enzyme activity, or affecting metabolic stability."
ADME_hPPB,17,llama3,biomedical,3,"['fr_COO', 'VSA_EState3', 'Phi']","[0.17649785070845542, -0.09227044022638244, 0.07531143550959007]","
You are a biomedical expert.

A machine learning model predicted a drug property.

The most influential molecular descriptors were:

- fr_COO: 0.176
- VSA_EState3: -0.092
- Phi: 0.075


Explain in biomedical and chemical terms why these descriptors influence the prediction.
Avoid mentioning SHAP or machine learning terminology.
","A fascinating prediction! Let's dive into the biomedical and chemical significance of these influential molecular descriptors.

**fr_COO (0.176)**

The fr_COO descriptor measures the frequency of carboxyl (-COO) groups in the molecule. In a biomedical context, carboxyl groups are often associated with the molecular structure of amino acids, which are the building blocks of proteins. A higher frequency of carboxyl groups might suggest that the molecule has a higher likelihood of interacting with proteins or influencing protein-ligand binding, which could impact the predicted drug property.

**VSA_EState3 (-0.092)**

VSA_EState3 is a 3D pharmacophore descriptor that captures the electrostatic properties of the molecule. In this context, the negative value (-0.092) indicates that the molecule has a more electrophilic (electron-seeking) character. This might be relevant in the context of drug-drug interactions or the molecule's ability to bind to specific receptors, as electrophilic molecules can form important interactions with nucleophilic (electron-donating) groups.

**Phi (0.075)**

The Phi descriptor measures the molecular flexibility, specifically the ability of the molecule to adopt different conformations. A positive value (0.075) suggests that the molecule is relatively flexible, which could be beneficial for a drug molecule that needs to interact with multiple targets or adapt to different binding modes. Molecular flexibility can also influence the molecule's ability to penetrate biological membranes or interact with enzymes.

In summary, these influential molecular descriptors suggest that the predicted drug property is influenced by the molecule's interactions with proteins (fr_COO), its electrostatic properties (VSA_EState3), and its molecular flexibility (Phi). These findings can inform the design of follow-up studies or the development of new drug candidates that exploit these properties to achieve the desired biological response."
ADME_hPPB,18,llama3,biomedical,3,"['fr_COO', 'SMR_VSA6', 'HeavyAtomMolWt']","[-0.47552652329425077, -0.1401437973543603, -0.06158045312051016]","
You are a biomedical expert.

A machine learning model predicted a drug property.

The most influential molecular descriptors were:

- fr_COO: -0.476
- SMR_VSA6: -0.140
- HeavyAtomMolWt: -0.062


Explain in biomedical and chemical terms why these descriptors influence the prediction.
Avoid mentioning SHAP or machine learning terminology.
","A fascinating prediction! Let's dive into the biomedical and chemical significance of these influential molecular descriptors.

**fr_COO: -0.476**

The fr_COO descriptor represents the fractional contribution of carboxyl (-COO-) groups in the molecule. A negative value indicates that the presence of carboxyl groups is associated with the predicted drug property.

In biomedical terms, carboxyl groups are often involved in protein-ligand interactions, particularly in enzymes and receptors. The negative correlation with the predicted drug property suggests that molecules with carboxyl groups may have a reduced ability to bind to or modulate protein targets, potentially impacting their therapeutic efficacy.

**SMR_VSA6: -0.140**

SMR_VSA6 is a topological descriptor that measures the molecular shape's relationship to a set of 6-ring structures. A negative value implies that molecules with these ring structures are less likely to exhibit the predicted drug property.

In chemical terms, the presence of certain ring structures can influence a molecule's ability to interact with biological targets or modify their conformation. The negative correlation with SMR_VSA6 may indicate that these ring structures create steric hindrances or disrupt protein-ligand interactions, thereby affecting the drug property.

**HeavyAtomMolWt: -0.062**

HeavyAtomMolWt is a descriptor that takes into account the molecular weight of heavy atoms (e.g., S, Se, Cl, Br, I) in the molecule. A negative value suggests that an increase in heavy atom content is associated with a decrease in the predicted drug property.

From a biomedical perspective, the presence of heavy atoms can influence a molecule's pharmacokinetic and pharmacodynamic properties. For example, the presence of sulfur-containing groups can affect protein binding, metabolism, or excretion. The negative correlation with HeavyAtomMolWt may indicate that an increased presence of heavy atoms can lead to reduced bioavailability, metabolism, or efficacy, ultimately impacting the predicted drug property.

In summary, these influential molecular descriptors suggest that the predicted drug property is influenced by the presence and arrangement of carboxyl groups, specific ring structures, and the molecular weight of heavy atoms. These findings can inform the design of new molecules with improved properties, helping to accelerate the discovery of effective therapeutics."
ADME_hPPB,19,llama3,biomedical,3,"['Chi0n', 'Kappa2', 'HallKierAlpha']","[0.07274975401143807, 0.05731062043537562, 0.053281827433969677]","
You are a biomedical expert.

A machine learning model predicted a drug property.

The most influential molecular descriptors were:

- Chi0n: 0.073
- Kappa2: 0.057
- HallKierAlpha: 0.053


Explain in biomedical and chemical terms why these descriptors influence the prediction.
Avoid mentioning SHAP or machine learning terminology.
","A fascinating prediction! Let's dive into the world of molecular descriptors to understand why these three properties have a significant impact on the predicted drug property.

**Chi0n: 0.073**

Chi0n, also known as the chi-zero moment, measures the distribution of electrons in a molecule. A high Chi0n value indicates that the molecule has a more even distribution of electrons, while a low value suggests an uneven distribution. In the context of drug properties, Chi0n can influence the prediction by reflecting the molecule's ability to interact with biological targets. Molecules with an even electron distribution may have a higher affinity for binding to target proteins, which is crucial for drug efficacy. The Chi0n value of 0.073 suggests that the model is emphasizing the importance of electronic distribution in the molecule's ability to interact with biological targets.

**Kappa2: 0.057**

Kappa2, a topological descriptor, measures the curvature of a molecule's surface. This property is related to the molecular shape and the presence of cavities or voids. A higher Kappa2 value indicates a more complex, curved molecular surface, which can influence the prediction by affecting the molecule's ability to interact with biological targets. In particular, molecules with a high Kappa2 value may have a greater tendency to form hydrogen bonds or π-π stacking interactions with target proteins, which can impact drug efficacy. The Kappa2 value of 0.057 suggests that the model is considering the molecular shape and curvature as important factors in the prediction.

**HallKierAlpha: 0.053**

HallKierAlpha is a topological descriptor that measures the degree of branching in a molecule. This property is related to the molecular flexibility and the presence of functional groups. A higher HallKierAlpha value indicates a more highly branched molecule, which can influence the prediction by affecting the molecule's ability to interact with biological targets. In particular, molecules with a high HallKierAlpha value may have a greater tendency to form complex interactions with target proteins, which can impact drug efficacy. The HallKierAlpha value of 0.053 suggests that the model is considering the molecular branching and flexibility as important factors in the prediction.

In summary, these three descriptors are influencing the prediction by reflecting the molecule's ability to interact with biological targets through electronic distribution, molecular shape, and molecular flexibility. These properties are all important factors in determining a molecule's potential as a drug, and the model is highlighting their significance in the prediction."
ADME_hPPB,20,llama3,biomedical,3,"['fr_COO', 'SMR_VSA6', 'EState_VSA3']","[-0.2561860846366209, -0.15076422946183524, -0.08937276507156378]","
You are a biomedical expert.

A machine learning model predicted a drug property.

The most influential molecular descriptors were:

- fr_COO: -0.256
- SMR_VSA6: -0.151
- EState_VSA3: -0.089


Explain in biomedical and chemical terms why these descriptors influence the prediction.
Avoid mentioning SHAP or machine learning terminology.
","A fascinating set of molecular descriptors! Let me break them down for you.

**fr_COO**: This descriptor is related to the acidity of a molecule. The negative value (-0.256) indicates that the model associates this property with a decrease in the predicted drug property. In biomedical terms, this could mean that the presence of a carboxyl (-COO-) group (a characteristic of acidic molecules) is unfavorable for the predicted outcome. This is consistent with the general understanding that acidic molecules can interact with proteins and other biomolecules in ways that might hinder their biological activity.

**SMR_VSA6**: This descriptor is a type of molecular electrostatic potential (MEP) descriptor. MEP describes the distribution of electric charge within a molecule. The negative value (-0.151) suggests that the model links this descriptor to a decrease in the predicted drug property. In chemical terms, this could mean that the molecule's electrostatic potential, particularly at this specific region (VSA6), is unfavorable for the desired outcome. This might be related to the molecule's ability to interact with charged residues on proteins or other biomolecules, which could impact its biological activity.

**EState_VSA3**: This descriptor is another type of MEP descriptor, focusing on the molecule's electronic state (EState) at a specific region (VSA3). The negative value (-0.089) indicates that the model associates this descriptor with a decrease in the predicted drug property. In biomedical terms, this could mean that the molecule's electronic state, particularly at this region, is unfavorable for the desired outcome. This might be related to the molecule's ability to interact with specific proteins or other biomolecules, influencing their activity or function.

In summary, these descriptors suggest that the predicted drug property is influenced by the molecule's acidity, electrostatic potential, and electronic state. These chemical properties could impact the molecule's ability to interact with biomolecules, influencing its biological activity and ultimately the predicted drug property."
ADME_hPPB,21,llama3,biomedical,3,"['fr_COO', 'HeavyAtomMolWt', 'SlogP_VSA6']","[-0.5258083724859114, -0.09461140181177966, 0.054770261118923635]","
You are a biomedical expert.

A machine learning model predicted a drug property.

The most influential molecular descriptors were:

- fr_COO: -0.526
- HeavyAtomMolWt: -0.095
- SlogP_VSA6: 0.055


Explain in biomedical and chemical terms why these descriptors influence the prediction.
Avoid mentioning SHAP or machine learning terminology.
","A fascinating case! Let's dive into the biochemical and chemical significance of these descriptors.

**fr_COO: -0.526**

This descriptor is related to the presence and properties of carboxyl (-COO) groups in the molecule. A negative value suggests that the model is predicting that molecules with fewer carboxyl groups or those that are less reactive at the carboxyl group tend to exhibit the desired drug property. In biochemical terms, this makes sense, as carboxyl groups can influence the binding of molecules to specific receptors or enzymes. For instance, a molecule with a reduced number of carboxyl groups might have improved solubility or stability, making it a more effective drug candidate.

**HeavyAtomMolWt: -0.095**

This descriptor is linked to the molecular weight of the molecule, with a focus on the contribution of heavy atoms (e.g., S, Cl, Br, I, and heavy metals). The negative value indicates that the model is predicting that molecules with lighter molecular weights or those containing fewer heavy atoms tend to exhibit the desired drug property. From a biochemical perspective, this makes sense, as heavier molecules can be more difficult to transport across biological membranes or may exhibit increased toxicity. The model is likely capturing the importance of molecular size and atomic composition in influencing the drug property.

**SlogP_VSA6: 0.055**

This descriptor is a variation of the well-known logP (logarithmic partition coefficient) parameter, which measures a molecule's ability to partition between water and octanol. The SlogP_VSA6 value is a fragment-based approach that assesses the contribution of specific molecular fragments to the overall logP value. The positive value indicates that the model is predicting that molecules with higher logP values or those containing specific molecular fragments that increase logP tend to exhibit the desired drug property. From a chemical perspective, this makes sense, as logP is a surrogate measure of a molecule's hydrophobicity and ability to interact with membranes. A higher logP value can indicate improved membrane permeability and bioavailability, which are critical properties for a drug candidate.

In summary, these descriptors are influencing the prediction by capturing aspects of molecular structure that are relevant to the desired drug property. The model is considering factors such as carboxyl group reactivity, molecular size, and hydrophobicity to predict which molecules are more likely to exhibit the desired properties."
ADME_hPPB,22,llama3,biomedical,3,"['PEOE_VSA1', 'HeavyAtomMolWt', 'ExactMolWt']","[0.08877750781621638, -0.07431886473544108, 0.05992418816279728]","
You are a biomedical expert.

A machine learning model predicted a drug property.

The most influential molecular descriptors were:

- PEOE_VSA1: 0.089
- HeavyAtomMolWt: -0.074
- ExactMolWt: 0.060


Explain in biomedical and chemical terms why these descriptors influence the prediction.
Avoid mentioning SHAP or machine learning terminology.
","As a biomedical expert, I'd be happy to help explain the chemical and biological significance of these molecular descriptors.

**PEOE_VSA1: 0.089**

PEOE stands for ""Physicochemical Property Estimates Using atomic and Bondi's van der Waals volumes and Surface Areas."" The VSA1 descriptor specifically measures the molecular volume and surface area. A positive value of 0.089 for PEOE_VSA1 suggests that the model is favoring molecules with larger volumes and surface areas. This could indicate that the predicted drug property is related to the molecule's ability to interact with biological targets, such as proteins or membranes. Larger molecules with increased surface areas may have a greater propensity to bind to these targets, influencing the predicted drug property.

**HeavyAtomMolWt: -0.074**

Molecular weight (MolWt) is a fundamental chemical property that describes the mass of a molecule. HeavyAtomMolWt is a specific descriptor that focuses on the molecular weight of the heavy atoms (e.g., S, P, Cl, Br, I) in the molecule. A negative coefficient of -0.074 indicates that the model is penalizing molecules with higher molecular weights of heavy atoms. This might suggest that the predicted drug property is influenced by the molecule's ability to interact with specific biological pathways or enzymes, which may be more sensitive to the presence of certain heavy atoms. Molecules with higher heavy atom content may have reduced potency or altered mechanisms of action, influencing the predicted drug property.

**ExactMolWt: 0.060**

The ExactMolWt descriptor is a more general measure of a molecule's molecular weight. A positive coefficient of 0.060 suggests that the model is favoring molecules with lower molecular weights. This could indicate that the predicted drug property is related to the molecule's ability to penetrate biological membranes or interact with specific cellular targets. Molecules with lower molecular weights may be more readily absorbed or have better bioavailability, influencing the predicted drug property.

In summary, these molecular descriptors are influencing the prediction of the drug property due to their relationships with the molecule's size, shape, and composition. The PEOE_VSA1 descriptor highlights the importance of molecular volume and surface area, while the HeavyAtomMolWt and ExactMolWt descriptors suggest that the presence and abundance of certain atoms can influence the molecule's interactions with biological targets and its overall bioavailability."
ADME_hPPB,23,llama3,biomedical,3,"['fr_COO', 'HeavyAtomMolWt', 'SMR_VSA4']","[-0.17924993004410167, 0.06811917206491082, 0.04344205479516056]","
You are a biomedical expert.

A machine learning model predicted a drug property.

The most influential molecular descriptors were:

- fr_COO: -0.179
- HeavyAtomMolWt: 0.068
- SMR_VSA4: 0.043


Explain in biomedical and chemical terms why these descriptors influence the prediction.
Avoid mentioning SHAP or machine learning terminology.
","As a biomedical expert, I'd be happy to help decipher the significance of these molecular descriptors.

**fr_COO: -0.179**

The fr_COO descriptor is related to the presence and nature of carboxyl (-COO-) groups in the molecule. The negative value suggests that the presence of carboxyl groups is associated with the predicted drug property. In biochemical terms, carboxyl groups can play a crucial role in protein-ligand interactions, influencing the binding affinity and specificity of a molecule. In this context, the presence of carboxyl groups may enhance the molecule's ability to interact with a target protein, which could contribute to its predicted drug property.

**HeavyAtomMolWt: 0.068**

The HeavyAtomMolWt descriptor refers to the molecular weight of the molecule, focusing on the contribution of heavy atoms (non-hydrogen, non-carbon atoms) to the overall mass. The positive value indicates that the presence of heavy atoms is associated with the predicted drug property. In biochemical terms, the presence of heavy atoms can influence the molecule's chemical properties, such as lipophilicity and solubility, which can impact its ability to interact with biological targets. Heavy atoms can also contribute to the molecule's stability and resistance to metabolism, which may enhance its efficacy and duration of action.

**SMR_VSA4: 0.043**

The SMR_VSA4 descriptor is a topological descriptor that captures information about the molecule's spatial arrangement and chemical functionality. The positive value suggests that the presence of certain molecular features, such as ring systems or specific functional groups, is associated with the predicted drug property. In chemical terms, the SMR_VSA4 descriptor may be capturing information about the molecule's ability to adopt a specific conformation or interact with biological targets through specific chemical interactions. This could influence the molecule's ability to modulate target proteins, receptors, or enzymes, ultimately contributing to its predicted drug property.

In summary, these molecular descriptors influence the prediction by capturing information about the molecule's chemical properties, functional groups, and spatial arrangement. The presence of carboxyl groups, heavy atoms, and specific molecular features can contribute to the molecule's ability to interact with biological targets, modulate protein function, and exhibit desired drug-like properties."
ADME_hPPB,24,llama3,biomedical,3,"['fr_COO', 'SMR_VSA6', 'HeavyAtomMolWt']","[-0.26573371163352055, -0.08025752941001019, -0.07843123173099636]","
You are a biomedical expert.

A machine learning model predicted a drug property.

The most influential molecular descriptors were:

- fr_COO: -0.266
- SMR_VSA6: -0.080
- HeavyAtomMolWt: -0.078


Explain in biomedical and chemical terms why these descriptors influence the prediction.
Avoid mentioning SHAP or machine learning terminology.
","As a biomedical expert, I'd be happy to break down the chemical and biological significance of these molecular descriptors.

**fr_COO: -0.266**
The fr_COO descriptor is related to the presence and characteristics of carboxylic acid (-COOH) functional groups in the molecule. Carboxylic acids are common in biological systems, serving as key players in various cellular processes, such as metabolism, signaling, and cell adhesion.

In the context of the predicted drug property, a negative value for fr_COO (-0.266) suggests that the presence of carboxylic acid groups may have a negative influence on the property. This could be due to several reasons:

1. **pH-dependent behavior**: Carboxylic acids can undergo pH-dependent ionization, which may affect the molecule's ability to interact with target proteins or receptors, influencing the predicted drug property.
2. **Protein-ligand interactions**: Carboxylic acid groups can participate in hydrogen bonding, electrostatic interactions, or π-π stacking with amino acids, impacting the molecule's binding affinity to target proteins.
3. **Membrane permeability**: Carboxylic acids can influence the molecule's ability to cross biological membranes, which is crucial for drug delivery and efficacy.

**SMR_VSA6: -0.080**
The SMR_VSA6 descriptor is a topological descriptor that measures the molecule's shape and electronic properties. It is related to the molecule's polarity, charge distribution, and steric effects.

A negative value for SMR_VSA6 (-0.080) indicates that the molecule's shape and electronic properties may have a negative influence on the predicted drug property. This could be due to:

1. **Electrostatic effects**: The molecule's charge distribution may influence its ability to interact with target proteins or receptors, affecting the predicted drug property.
2. **Steric hindrance**: The molecule's shape may hinder its ability to bind to target proteins or receptors, or interact with other molecules in the biological system, leading to a negative influence on the predicted drug property.

**HeavyAtomMolWt: -0.078**
The HeavyAtomMolWt descriptor is a molecular weight-based descriptor that focuses on the contribution of heavy atoms (i.e., atoms other than hydrogen) to the molecule's overall weight.

A negative value for HeavyAtomMolWt (-0.078) suggests that the presence of heavy atoms in the molecule may have a negative influence on the predicted drug property. This could be due to:

1. **Toxicity concerns**: The presence of heavy atoms, such as metals or halogens, may raise concerns about the molecule's toxicity or potential to interact with essential biological processes in an adverse manner.
2. **Bioavailability and metabolism**: The presence of heavy atoms can influence the molecule's bioavailability, metabolism, and elimination, potentially affecting the predicted drug property.

In summary, these molecular descriptors influence the prediction by capturing important chemical and biological properties that affect the molecule's interactions with its environment and biological targets."
ADME_hPPB,25,llama3,biomedical,3,"['ExactMolWt', 'VSA_EState3', 'PEOE_VSA1']","[-0.073227944800371, -0.05291920231278154, -0.04948448826158724]","
You are a biomedical expert.

A machine learning model predicted a drug property.

The most influential molecular descriptors were:

- ExactMolWt: -0.073
- VSA_EState3: -0.053
- PEOE_VSA1: -0.049


Explain in biomedical and chemical terms why these descriptors influence the prediction.
Avoid mentioning SHAP or machine learning terminology.
","A fascinating prediction! Let's dive into the biomedical and chemical significance of these influential molecular descriptors.

**ExactMolWt: -0.073**

Molecular weight (MW) is a fundamental property of a molecule that can impact its behavior. In this case, a negative correlation with the predicted drug property suggests that smaller molecules are more likely to exhibit the desired property. This makes sense in a biomedical context, as smaller molecules tend to be more easily absorbed and distributed throughout the body. In particular, smaller molecules may be more likely to penetrate the blood-brain barrier, making them more effective for treating central nervous system disorders. The negative correlation implies that increasing the molecular weight of a compound may decrease its likelihood of exhibiting the desired property, which could be important to consider during lead optimization.

**VSA_EState3: -0.053**

VSA_EState3 is a molecular descriptor that captures the electronic state of a molecule, specifically the energy state of its electrons. In this context, the negative correlation with the predicted drug property suggests that molecules with more stable electronic states are less likely to exhibit the desired property. This could be related to the molecule's ability to interact with biological targets, such as enzymes or receptors. Molecules with more stable electronic states may be less likely to form productive interactions with these targets, which could impact their ability to modulate biological processes.

**PEOE_VSA1: -0.049**

PEOE_VSA1 is another electronic descriptor that measures the polarity and electronegativity of a molecule. In this case, the negative correlation with the predicted drug property implies that molecules with higher polarity and electronegativity are less likely to exhibit the desired property. This could be related to the molecule's ability to interact with biological membranes or to be recognized by the immune system. Molecules with higher polarity and electronegativity may be more likely to interact with these biological barriers, reducing their ability to reach their target sites of action.

In summary, these molecular descriptors influence the prediction by capturing fundamental chemical properties that impact a molecule's behavior in a biological context. The negative correlations suggest that smaller, more stable, and less polar molecules are more likely to exhibit the desired drug property. These findings can inform the design of new compounds with improved pharmacological profiles."
ADME_hPPB,26,llama3,biomedical,3,"['fr_COO', 'HeavyAtomMolWt', 'SMR_VSA6']","[-0.26156878859813093, -0.07301115166507138, -0.05320728537548584]","
You are a biomedical expert.

A machine learning model predicted a drug property.

The most influential molecular descriptors were:

- fr_COO: -0.262
- HeavyAtomMolWt: -0.073
- SMR_VSA6: -0.053


Explain in biomedical and chemical terms why these descriptors influence the prediction.
Avoid mentioning SHAP or machine learning terminology.
","As a biomedical expert, I can provide an explanation of these molecular descriptors and their influence on the prediction from a chemical and biological perspective.

**fr_COO: -0.262**

The ""fr_COO"" descriptor refers to the presence and distribution of carboxyl (-COOH) functional groups on the molecule. The negative value suggests that the presence of carboxyl groups is associated with a decrease in the predicted drug property.

In biological terms, carboxyl groups are commonly found on proteins and can play a crucial role in enzyme activity, protein-ligand interactions, and cellular signaling pathways. The presence of carboxyl groups can influence the binding of molecules to receptors, enzymes, or other biological targets. In the context of drug development, carboxyl groups may affect the ability of a molecule to interact with its target protein, leading to changes in its predicted drug property.

**HeavyAtomMolWt: -0.073**

The ""HeavyAtomMolWt"" descriptor corresponds to the molecular weight of the heaviest atom in the molecule. The negative value indicates that larger, heavier atoms are associated with a decrease in the predicted drug property.

In chemical terms, the molecular weight of an atom is a measure of its mass. Heavier atoms, such as metals or certain non-metals, tend to have larger atomic radii and higher electronegativities, which can influence the molecule's physical and chemical properties. In the context of drug development, the presence of heavier atoms may affect the molecule's solubility, lipophilicity, or ability to interact with biological targets, ultimately influencing its predicted drug property.

**SMR_VSA6: -0.053**

The ""SMR_VSA6"" descriptor is a topological descriptor that measures the spatial arrangement of atoms in the molecule. The negative value suggests that certain molecular topologies are associated with a decrease in the predicted drug property.

In chemical terms, the SMR_VSA6 descriptor is a measure of the molecule's shape and flexibility. The negative value may indicate that molecules with a specific shape or rigidity are less likely to exhibit the desired drug property. From a biological perspective, the shape and flexibility of a molecule can influence its ability to interact with biological targets, such as enzymes or receptors. Molecules with a specific shape or rigidity may be more or less effective at binding to their target, which can impact their predicted drug property.

In summary, these molecular descriptors influence the prediction of the drug property by highlighting the importance of carboxyl groups, heavy atoms, and specific molecular topologies in determining the molecule's biological activity."
ADME_hPPB,27,llama3,biomedical,3,"['fr_COO', 'HeavyAtomMolWt', 'fr_ether']","[-0.1274923620838642, 0.075310793491549, 0.04180465738880848]","
You are a biomedical expert.

A machine learning model predicted a drug property.

The most influential molecular descriptors were:

- fr_COO: -0.127
- HeavyAtomMolWt: 0.075
- fr_ether: 0.042


Explain in biomedical and chemical terms why these descriptors influence the prediction.
Avoid mentioning SHAP or machine learning terminology.
","A fascinating prediction!

The three molecular descriptors that significantly influence the predicted drug property are:

1. **fr_COO**: This descriptor measures the presence and strength of carboxylic acid (-COOH) functional groups in the molecule. The negative value of -0.127 indicates that the presence of carboxylic acid moieties tends to decrease the predicted drug property. In biological terms, this could mean that molecules with carboxylic acid groups might have reduced ability to interact with or modify target proteins, which could impact their efficacy as a drug.
2. **HeavyAtomMolWt**: This descriptor represents the molecular weight of the heaviest atom in the molecule. The positive value of 0.075 suggests that molecules with heavier atoms tend to have a higher predicted drug property. In chemical terms, this could mean that the presence of heavy atoms like iodine, bromine, or chlorine contributes to the molecule's ability to interact with or bind to target molecules, such as proteins or receptors.
3. **fr_ether**: This descriptor measures the presence and strength of ether (-O-) functional groups in the molecule. The positive value of 0.042 indicates that the presence of ether moieties tends to increase the predicted drug property. In biological terms, this could mean that molecules with ether groups might have improved ability to penetrate biological membranes or interact with target proteins, which could enhance their therapeutic potential.

In summary, these three molecular descriptors influence the prediction by reflecting the presence and strength of functional groups that can impact a molecule's ability to interact with or modify biological targets. The carboxylic acid group might reduce a molecule's efficacy, while the heavy atoms and ether groups could enhance its therapeutic potential."
ADME_hPPB,28,llama3,biomedical,3,"['fr_COO', 'VSA_EState3', 'HeavyAtomMolWt']","[-0.16481841609785058, 0.05825330001933454, -0.036525165976976436]","
You are a biomedical expert.

A machine learning model predicted a drug property.

The most influential molecular descriptors were:

- fr_COO: -0.165
- VSA_EState3: 0.058
- HeavyAtomMolWt: -0.037


Explain in biomedical and chemical terms why these descriptors influence the prediction.
Avoid mentioning SHAP or machine learning terminology.
","Let's dive into the biomedical and chemical aspects of these descriptors and their influence on the prediction.

1. **fr_COO: -0.165**

The fr_COO descriptor is a measure of the fraction of carbonyl (CO) groups in the molecule. A negative value of -0.165 suggests that the model is predicting that molecules with a lower proportion of CO groups tend to exhibit the desired drug property. From a chemical perspective, CO groups are often involved in hydrogen bonding, which can impact protein-ligand interactions. A lower CO group content might indicate a reduced likelihood of binding to target proteins, which could be beneficial for the desired drug property. In a biomedical context, this could mean that the model is favoring molecules that are less likely to interact with proteins involved in unwanted side effects, such as off-target effects.

2. **VSA_EState3: 0.058**

The VSA_EState3 descriptor is a measure of the molecular electrostatic potential at a specific distance from the molecular center. The positive value of 0.058 suggests that the model is predicting that molecules with a more positive electrostatic potential at this distance tend to exhibit the desired drug property. From a chemical perspective, the electrostatic potential of a molecule can influence its ability to bind to target proteins. A more positive electrostatic potential at a specific distance from the molecular center might indicate a greater ability to form favorable electrostatic interactions with target proteins, which could be beneficial for the desired drug property. In a biomedical context, this could mean that the model is favoring molecules that are more likely to interact with proteins involved in the desired therapeutic effect.

3. **HeavyAtomMolWt: -0.037**

The HeavyAtomMolWt descriptor is a measure of the molecular weight of the molecule, with only heavy atoms (i.e., atoms other than hydrogen) contributing to the weight. The negative value of -0.037 suggests that the model is predicting that molecules with a lower molecular weight tend to exhibit the desired drug property. From a chemical perspective, the molecular weight of a molecule can influence its ability to penetrate biological membranes and reach its target site of action. A lower molecular weight might indicate a greater ease of diffusion across membranes, which could be beneficial for the desired drug property. In a biomedical context, this could mean that the model is favoring molecules that are more likely to reach their target site of action and exert their therapeutic effect.

In summary, the descriptors influencing the prediction are related to the chemical properties of the molecule, such as the presence of carbonyl groups, electrostatic potential, and molecular weight. These properties can impact the molecule's ability to interact with target proteins, penetrate biological membranes, and reach its site of action, ultimately influencing the desired drug property."
ADME_hPPB,29,llama3,biomedical,3,"['fr_COO', 'VSA_EState4', 'Kappa2']","[0.6001558987840071, 0.08512303771389867, -0.0721320527062139]","
You are a biomedical expert.

A machine learning model predicted a drug property.

The most influential molecular descriptors were:

- fr_COO: 0.600
- VSA_EState4: 0.085
- Kappa2: -0.072


Explain in biomedical and chemical terms why these descriptors influence the prediction.
Avoid mentioning SHAP or machine learning terminology.
","A fascinating prediction! Let's dive into the biochemical and chemical significance of these influential descriptors.

**fr_COO: 0.600**

The fr_COO descriptor measures the frequency of carboxylate (COO-) groups in a molecule. In biomedical terms, this descriptor is relevant because carboxylate groups are often found in bioactive molecules, such as peptides, proteins, and small molecules. These groups can interact with enzymes, receptors, or other biomolecules, influencing their biological activity.

In this context, a high value for fr_COO (0.600) suggests that the predicted drug property is influenced by the presence of carboxylate groups in the molecule. This could imply that the molecule is more likely to interact with enzymes or receptors involved in the target biological pathway, leading to the predicted drug property.

**VSA_EState4: 0.085**

VSA_EState4 is a molecular descriptor that captures the hydrophobicity (water-loving or water-repelling) characteristics of a molecule. In biomedical terms, this descriptor is important because hydrophobic interactions play a crucial role in protein-ligand binding, protein-protein interactions, and membrane interactions.

A moderate value for VSA_EState4 (0.085) suggests that the predicted drug property is influenced by the hydrophobic properties of the molecule. This could imply that the molecule is more likely to interact with hydrophobic regions of target proteins or membranes, leading to the predicted drug property.

**Kappa2: -0.072**

Kappa2 is a molecular descriptor that measures the molecular planarity, which is the degree to which a molecule is flat or non-planar. In biomedical terms, this descriptor is relevant because planarity can influence the binding of molecules to enzymes, receptors, or other biomolecules.

A negative value for Kappa2 (-0.072) suggests that the predicted drug property is influenced by the non-planarity of the molecule. This could imply that the molecule is more likely to interact with target biomolecules in a specific orientation or conformation, leading to the predicted drug property.

In summary, these descriptors influence the prediction by highlighting the importance of carboxylate groups, hydrophobic interactions, and molecular planarity in the context of the predicted drug property. These chemical and biochemical properties can influence the interactions between the molecule and its target biological pathways, ultimately determining the predicted drug property."
ADME_hPPB,30,llama3,biomedical,3,"['Kappa2', 'VSA_EState3', 'PEOE_VSA1']","[-0.09399886699904136, -0.07275630009258682, -0.062019607018264006]","
You are a biomedical expert.

A machine learning model predicted a drug property.

The most influential molecular descriptors were:

- Kappa2: -0.094
- VSA_EState3: -0.073
- PEOE_VSA1: -0.062


Explain in biomedical and chemical terms why these descriptors influence the prediction.
Avoid mentioning SHAP or machine learning terminology.
","A fascinating prediction! Let me break down the molecular descriptors that are driving the prediction.

**Kappa2: -0.094**

Kappa2 is a topological descriptor that measures the shape and flexibility of a molecule. A negative value like -0.094 indicates that the molecules with lower Kappa2 values are more likely to exhibit the predicted drug property. In this context, the model is suggesting that molecules with a more rigid or less flexible structure are more likely to possess the desired property. This makes sense, as a more rigid molecule may be more likely to bind to a specific target protein or receptor, leading to the desired biological effect.

**VSA_EState3: -0.073**

VSA_EState3 is a molecular descriptor that captures the molecular electrostatic potential (MEP) at a specific region of the molecule. The negative value indicates that molecules with a more negative MEP in this region are more likely to exhibit the predicted drug property. This suggests that the presence of electronegative atoms or functional groups in this region may be beneficial for the drug property. In a biological context, this could mean that the molecule is more likely to interact with a target protein or receptor, which is electrostatically stabilized by the negatively charged regions of the molecule.

**PEOE_VSA1: -0.062**

PEOE_VSA1 is a descriptor that measures the molecular polarity and charge distribution. A negative value like -0.062 indicates that molecules with a more polar or charged structure are more likely to exhibit the predicted drug property. This makes sense, as polar or charged molecules are often more effective at interacting with biological targets, such as proteins or receptors. The model is suggesting that the presence of polar or charged regions in the molecule may be important for the drug property.

In summary, the model is suggesting that molecules with a more rigid structure, a negatively charged electrostatic potential, and polar or charged regions are more likely to exhibit the predicted drug property. These descriptors are likely influencing the prediction by capturing important chemical and physical properties that are relevant to the drug's biological activity."
ADME_hPPB,31,llama3,biomedical,3,"['HeavyAtomMolWt', 'fr_COO', 'VSA_EState4']","[-0.08646777980282389, -0.06570102851622062, 0.0431844193628244]","
You are a biomedical expert.

A machine learning model predicted a drug property.

The most influential molecular descriptors were:

- HeavyAtomMolWt: -0.086
- fr_COO: -0.066
- VSA_EState4: 0.043


Explain in biomedical and chemical terms why these descriptors influence the prediction.
Avoid mentioning SHAP or machine learning terminology.
","A fascinating set of molecular descriptors! As a biomedical expert, I'd be happy to break them down for you.

**HeavyAtomMolWt (-0.086)**: This descriptor likely captures the importance of molecular weight, particularly the presence of heavier atoms, in influencing the predicted drug property. In biochemistry, molecular weight is a key determinant of a molecule's interactions with biological systems. Heavier atoms, such as sulfur, phosphorus, or chlorine, can significantly impact the molecule's properties, such as its lipophilicity, charge, and ability to interact with biomolecules. A negative correlation with this descriptor suggests that molecules with lower molecular weights, or fewer heavy atoms, are more likely to exhibit the predicted drug property.

**fr_COO (-0.066)**: This descriptor is related to the presence of carboxyl (-COO-) groups, which are common in biologically active molecules. The ""fr"" prefix indicates that this is a fragmentation-based descriptor, which focuses on the presence or absence of specific functional groups. In this case, the negative correlation suggests that molecules with fewer or no carboxyl groups are more likely to exhibit the predicted drug property. Carboxyl groups can influence the molecule's solubility, charge, and interactions with biomolecules, so their absence might be beneficial for the predicted outcome.

**VSA_EState4 (0.043)**: This descriptor is based on the Volatility Spatial Autocorrelation (VSA) model, which analyzes the spatial autocorrelation of molecular fragments. In this case, the ""EState4"" part likely refers to the fourth-order moment of the molecular fragment's spatial autocorrelation. The positive correlation suggests that molecules with a higher VSA_EState4 value are more likely to exhibit the predicted drug property. This descriptor might capture the importance of molecular shape and spatial arrangement in influencing the predicted outcome. Molecules with a specific spatial arrangement of functional groups or fragments might be more effective in interacting with biological targets, leading to the predicted drug property.

In summary, these molecular descriptors likely capture the importance of molecular weight, the presence or absence of carboxyl groups, and the spatial arrangement of molecular fragments in influencing the predicted drug property. These findings can inform the design of new molecules with the desired properties, ultimately leading to the development of more effective therapeutics."
ADME_hPPB,32,llama3,biomedical,3,"['fr_COO', 'Kappa3', 'SlogP_VSA6']","[-0.23397678820114612, -0.08097550307897823, 0.059884841459342246]","
You are a biomedical expert.

A machine learning model predicted a drug property.

The most influential molecular descriptors were:

- fr_COO: -0.234
- Kappa3: -0.081
- SlogP_VSA6: 0.060


Explain in biomedical and chemical terms why these descriptors influence the prediction.
Avoid mentioning SHAP or machine learning terminology.
","As a biomedical expert, I can help break down the molecular descriptors and their significance in the context of drug properties.

1. **fr_COO**: This descriptor refers to the fractional contribution of a carboxyl (-COO) group to the overall molecular electrostatic potential. The negative value of -0.234 indicates that the presence of a carboxyl group tends to reduce the predicted drug property. In a biological context, carboxyl groups can participate in hydrogen bonding and electrostatic interactions, which can influence the binding of a drug molecule to its target protein. The presence of a carboxyl group may therefore reduce the affinity of the drug for its target, leading to a decrease in the predicted drug property.

2. **Kappa3**: This descriptor is related to the shape and rigidity of the molecule. Kappa3 measures the magnitude of the molecule's shape deviation from its idealized shape. The negative value of -0.081 indicates that a more flexible or distorted molecular shape tends to reduce the predicted drug property. In a biological context, the shape and rigidity of a molecule can influence its ability to bind to specific proteins or receptors. A more flexible molecule may be less likely to bind to its target, leading to a decrease in the predicted drug property.

3. **SlogP_VSA6**: This descriptor is a measure of the molecule's hydrophobicity (ability to resist water) and lipophilicity (ability to dissolve in fats). The positive value of 0.060 indicates that increasing hydrophobicity and lipophilicity tend to increase the predicted drug property. In a biological context, the lipophilicity of a molecule can influence its ability to cross biological membranes and reach its target tissue. Molecules with higher lipophilicity may be more effective at reaching their target and exerting their biological effect, leading to an increase in the predicted drug property.

In summary, these molecular descriptors influence the prediction of the drug property by reflecting the molecular properties that affect its ability to bind to its target and exert its biological effect. The carboxyl group tends to reduce the binding affinity, molecular shape and rigidity influence the binding efficiency, and hydrophobicity and lipophilicity affect the molecule's ability to reach its target tissue."
ADME_hPPB,33,llama3,biomedical,3,"['fr_COO', 'PEOE_VSA1', 'fr_ether']","[0.08959984029505264, -0.04580611320380841, -0.04018009212585334]","
You are a biomedical expert.

A machine learning model predicted a drug property.

The most influential molecular descriptors were:

- fr_COO: 0.090
- PEOE_VSA1: -0.046
- fr_ether: -0.040


Explain in biomedical and chemical terms why these descriptors influence the prediction.
Avoid mentioning SHAP or machine learning terminology.
","As a biomedical expert, I'd be delighted to break down the significance of these molecular descriptors in the context of a drug property prediction.

**fr_COO (0.090)**: This descriptor is related to the presence and properties of carboxyl (COO) functional groups in the molecule. Carboxyl groups are common in biologically active compounds, particularly in amino acids, peptides, and proteins. The positive value (0.090) suggests that the presence of carboxyl groups in the molecule is positively correlated with the predicted drug property. This is consistent with the biological context, as carboxyl groups can participate in key interactions, such as hydrogen bonding and ionic interactions, which are crucial for protein-ligand binding, enzyme inhibition, or receptor activation.

**PEOE_VSA1 (-0.046)**: PEOE stands for ""Physical Property Estimation of Organic compounds"". VSA1 is a specific index that captures the molecule's hydrophobicity (non-polar, water-repelling) and aromatic character. A negative value (-0.046) indicates that molecules with more aromatic and hydrophobic features are less likely to exhibit the predicted drug property. This is reasonable, as hydrophobic molecules may not be well-suited for interactions with biological targets, which often rely on hydrogen bonding and polar interactions.

**fr_ether (-0.040)**: This descriptor is related to the presence and properties of ether functional groups in the molecule. Ether groups are common in lipids, such as phospholipids and cholesterol, which play crucial roles in cell membranes. The negative value (-0.040) suggests that molecules with more ether functional groups are less likely to exhibit the predicted drug property. This is consistent with the biological context, as ether groups can contribute to the membrane's rigidity and fluidity, which may influence the efficacy of a drug molecule.

In summary, these molecular descriptors influence the prediction because they capture key chemical features that are relevant to the biological context:

1. Carboxyl groups (fr_COO) facilitate protein-ligand interactions and are positively correlated with the predicted drug property.
2. Hydrophobic and aromatic features (PEOE_VSA1) are negatively correlated with the predicted drug property, as they may hinder interactions with biological targets.
3. Ether functional groups (fr_ether) are negatively correlated with the predicted drug property, as they can influence membrane properties and potentially disrupt the efficacy of a drug molecule.

These findings highlight the importance of considering the chemical properties of a molecule in the context of its biological activity."
ADME_hPPB,34,llama3,biomedical,3,"['fr_COO', 'HeavyAtomMolWt', 'EState_VSA3']","[-0.4219542214465735, -0.07261358508667336, -0.07017242754017838]","
You are a biomedical expert.

A machine learning model predicted a drug property.

The most influential molecular descriptors were:

- fr_COO: -0.422
- HeavyAtomMolWt: -0.073
- EState_VSA3: -0.070


Explain in biomedical and chemical terms why these descriptors influence the prediction.
Avoid mentioning SHAP or machine learning terminology.
","The art of deciphering the secrets of molecular descriptors! As a biomedical expert, I'm delighted to break down the significance of these influential descriptors in the context of drug properties.

**fr_COO: -0.422**
The fr_COO descriptor is related to the presence and positioning of carboxyl (-COO-) groups on the molecule. This group is commonly found in acidic amino acids, such as aspartic acid and glutamic acid. A negative correlation with the predicted drug property suggests that molecules with a high frequency of carboxyl groups might be associated with undesirable properties, such as poor oral bioavailability, low solubility, or reduced potency. This could be due to the carboxyl groups influencing the molecule's ability to interact with biological targets, leading to reduced efficacy or unwanted side effects.

**HeavyAtomMolWt: -0.073**
This descriptor is linked to the overall molecular weight and the presence of heavy atoms (non-hydrogen atoms) in the molecule. A negative correlation with the predicted drug property implies that molecules with a higher heavy atom content and a larger molecular weight might be less favorable in terms of the drug property. This could be attributed to the increased steric hindrance and molecular size, which might make it more challenging for the molecule to interact with its biological target or to be effectively transported across biological membranes.

**EState_VSA3: -0.070**
The EState_VSA3 descriptor is related to the distribution of electronegative atoms (such as oxygen, nitrogen, and fluorine) in the molecule. A negative correlation with the predicted drug property suggests that molecules with a higher electronegativity might be less favorable in terms of the drug property. This could be due to the increased electronegativity influencing the molecule's ability to interact with biological targets, leading to reduced efficacy or unwanted side effects. Additionally, the presence of electronegative atoms can also impact the molecule's physicochemical properties, such as solubility and permeability, which might contribute to the observed correlation.

In summary, these influential descriptors likely reflect the impact of molecular structure on the predicted drug property. The presence of carboxyl groups, heavy atoms, and electronegative atoms can influence a molecule's ability to interact with biological targets, as well as its physicochemical properties, ultimately affecting its efficacy and safety."
ADME_hPPB,35,llama3,biomedical,3,"['fr_COO', 'VSA_EState4', 'HeavyAtomMolWt']","[0.6764397665078442, 0.07251317771438194, 0.04790867069458139]","
You are a biomedical expert.

A machine learning model predicted a drug property.

The most influential molecular descriptors were:

- fr_COO: 0.676
- VSA_EState4: 0.073
- HeavyAtomMolWt: 0.048


Explain in biomedical and chemical terms why these descriptors influence the prediction.
Avoid mentioning SHAP or machine learning terminology.
",ERROR
ADME_hPPB,36,llama3,biomedical,3,"['NumAromaticCarbocycles', 'HeavyAtomMolWt', 'fr_COO']","[0.07199252330881509, 0.06771069614603203, -0.06510660062782841]","
You are a biomedical expert.

A machine learning model predicted a drug property.

The most influential molecular descriptors were:

- NumAromaticCarbocycles: 0.072
- HeavyAtomMolWt: 0.068
- fr_COO: -0.065


Explain in biomedical and chemical terms why these descriptors influence the prediction.
Avoid mentioning SHAP or machine learning terminology.
",ERROR
ADME_hPPB,37,llama3,biomedical,3,"['fr_COO', 'Phi', 'HeavyAtomMolWt']","[-0.12787226785454903, -0.04913731088520995, 0.03327457142736972]","
You are a biomedical expert.

A machine learning model predicted a drug property.

The most influential molecular descriptors were:

- fr_COO: -0.128
- Phi: -0.049
- HeavyAtomMolWt: 0.033


Explain in biomedical and chemical terms why these descriptors influence the prediction.
Avoid mentioning SHAP or machine learning terminology.
","As a biomedical expert, I'd be happy to help you understand the significance of these molecular descriptors in the context of drug properties.

The first descriptor, fr_COO, is related to the presence and properties of carboxyl (-COO) functional groups in the molecule. In biological systems, carboxyl groups can play a crucial role in protein-ligand interactions, enzymatic activity, and even cellular signaling pathways. A negative value for fr_COO (-0.128) suggests that the presence of carboxyl groups in the molecule may have a detrimental effect on the predicted drug property, possibly indicating a reduction in the molecule's ability to interact with biological targets or alter cellular behavior.

The second descriptor, Phi, is a measure of the molecule's conformational flexibility. Phi is a measure of the molecule's ability to adopt a specific conformation or shape, which can influence its interactions with biological molecules. A negative value for Phi (-0.049) implies that the molecule's conformational flexibility is limited, which may impact its ability to interact with biological targets or undergo enzymatic modification. This could, in turn, affect the predicted drug property.

The third descriptor, HeavyAtomMolWt, is related to the overall molecular weight and the presence of heavier atoms (such as sulfur, phosphorus, or heavy metals) in the molecule. A positive value for HeavyAtomMolWt (0.033) suggests that the presence of these heavier atoms in the molecule may have a positive impact on the predicted drug property, potentially indicating improved pharmacokinetic properties or increased stability.

In summary, the combination of these molecular descriptors may influence the predicted drug property by:

* Reducing the molecule's ability to interact with biological targets due to the presence of carboxyl groups (fr_COO)
* Limiting the molecule's conformational flexibility, potentially affecting its interactions with biological molecules (Phi)
* Improving the molecule's pharmacokinetic properties or stability due to the presence of heavier atoms (HeavyAtomMolWt)

These findings can provide valuable insights into the molecular mechanisms underlying the predicted drug property and inform the design of new molecules with improved therapeutic potential."
ADME_hPPB,38,llama3,biomedical,3,"['fr_COO', 'VSA_EState4', 'NumRotatableBonds']","[0.4426604457844035, 0.0639775499087337, -0.0506718269726604]","
You are a biomedical expert.

A machine learning model predicted a drug property.

The most influential molecular descriptors were:

- fr_COO: 0.443
- VSA_EState4: 0.064
- NumRotatableBonds: -0.051


Explain in biomedical and chemical terms why these descriptors influence the prediction.
Avoid mentioning SHAP or machine learning terminology.
","The secrets of the molecule!

The predicted drug property is likely related to the molecule's ability to interact with biological targets, such as enzymes, receptors, or membranes. Let's dive into the world of molecular descriptors to understand why these three influence the prediction:

1. **fr_COO**: The fractional charge on the COO (carboxylate) group is a measure of the molecule's acidity. The positive value (0.443) suggests that the presence of a carboxylate group enhances the predicted drug property. In biological systems, carboxylate groups can participate in hydrogen bonding, which is crucial for protein-ligand interactions. This descriptor likely captures the importance of acidic regions in the molecule for binding to targets or influencing biological processes.
2. **VSA_EState4**: This descriptor represents the molecule's electronic state, which is a measure of its overall polarity. The moderate positive value (0.064) indicates that a more polar molecule is associated with the predicted drug property. In biological contexts, polarity can influence the molecule's ability to interact with water, membranes, or proteins. A more polar molecule may be better suited to interact with biological targets or facilitate membrane permeability.
3. **NumRotatableBonds**: This descriptor counts the number of bonds that can rotate freely around a single bond. The negative value (-0.051) suggests that a molecule with fewer rotatable bonds is associated with the predicted drug property. In a biological context, the flexibility of a molecule can influence its ability to bind to targets or traverse membranes. Fewer rotatable bonds may indicate a more rigid or structured molecule, which could be beneficial for targeting specific biological processes or maintaining a specific conformation during binding.

In summary, the presence of a carboxylate group (fr_COO) likely enhances the molecule's ability to interact with biological targets through hydrogen bonding. The overall polarity of the molecule (VSA_EState4) can influence its ability to interact with water, membranes, or proteins. Finally, the rigidity of the molecule (NumRotatableBonds) may be beneficial for targeting specific biological processes or maintaining a specific conformation during binding."
ADME_hPPB,39,llama3,biomedical,3,"['Phi', 'BalabanJ', 'BCUT2D_LOGPHI']","[0.04351910333405565, -0.042005582314561626, 0.041205653253329484]","
You are a biomedical expert.

A machine learning model predicted a drug property.

The most influential molecular descriptors were:

- Phi: 0.044
- BalabanJ: -0.042
- BCUT2D_LOGPHI: 0.041


Explain in biomedical and chemical terms why these descriptors influence the prediction.
Avoid mentioning SHAP or machine learning terminology.
","As a biomedical expert, I can provide a chemical and biomedical perspective on the molecular descriptors that influence the prediction of the drug property.

The three descriptors mentioned, Phi, BalabanJ, and BCUT2D_LOGPHI, are all related to the molecular structure and properties of the compound.

Phi (molar refractivity) is a measure of the total refractive index of a molecule, which is related to its polarizability and ability to interact with electric fields. In the context of drug discovery, Phi is a key descriptor because it is linked to the molecule's ability to bind to biological targets, such as proteins or receptors. Molecules with high Phi values tend to be more polar and have a higher likelihood of binding to target proteins.

BalabanJ is a topological descriptor that measures the molecular branching and chain length. In the context of drug discovery, BalabanJ is relevant because it is linked to the molecule's ability to penetrate through biological membranes and reach its target site of action. Molecules with low BalabanJ values tend to be more linear and easier to penetrate biological membranes, while molecules with high BalabanJ values tend to be more branched and may have a lower ability to penetrate membranes.

BCUT2D_LOGPHI is a topological descriptor that measures the molecular shape and polarity. In the context of drug discovery, BCUT2D_LOGPHI is relevant because it is linked to the molecule's ability to bind to biological targets and interact with biological molecules. Molecules with high BCUT2D_LOGPHI values tend to be more polar and have a higher likelihood of binding to target proteins, while molecules with low BCUT2D_LOGPHI values tend to be less polar and may have a lower ability to bind to target proteins.

In summary, the three descriptors mentioned, Phi, BalabanJ, and BCUT2D_LOGPHI, are all related to the molecular structure and properties of the compound. Phi is linked to the molecule's ability to bind to biological targets, BalabanJ is linked to the molecule's ability to penetrate biological membranes, and BCUT2D_LOGPHI is linked to the molecule's ability to bind to biological targets and interact with biological molecules."
ADME_hPPB,40,llama3,biomedical,3,"['fr_COO', 'HeavyAtomMolWt', 'HallKierAlpha']","[0.09851364156040887, -0.09011808203079769, -0.07671624034513568]","
You are a biomedical expert.

A machine learning model predicted a drug property.

The most influential molecular descriptors were:

- fr_COO: 0.099
- HeavyAtomMolWt: -0.090
- HallKierAlpha: -0.077


Explain in biomedical and chemical terms why these descriptors influence the prediction.
Avoid mentioning SHAP or machine learning terminology.
","The predictions are in! Let's dive into the molecular nuances that influenced the outcome.

**Fr_COO: 0.099**

Fr_COO is a molecular descriptor that measures the fraction of carbonyl (CO) functional groups in a molecule. In the context of a drug, a higher Fr_COO value indicates the presence of more CO groups, which can affect the compound's pharmacokinetic and pharmacodynamic properties.

In particular, carbonyl groups can influence the drug's ability to interact with enzymes, receptors, and other biomolecules. For instance, a CO group can modulate the conformation of a protein, altering its binding affinity for a drug. Additionally, CO groups can participate in hydrogen bonding, which is crucial for protein-ligand interactions. Therefore, a higher Fr_COO value might indicate that the drug is more likely to interact with specific biomolecules or enzymes, influencing its overall effectiveness.

**HeavyAtomMolWt: -0.090**

HeavyAtomMolWt is a molecular descriptor that represents the molecular weight of the heaviest atom in the molecule. In this case, a negative correlation with the predicted drug property suggests that a lower molecular weight of the heaviest atom is associated with a higher predicted value.

In biological systems, the heaviest atom often determines the molecule's lipophilicity (ability to dissolve in fats) and permeability across cell membranes. A lower molecular weight of the heaviest atom might indicate that the drug is more lipophilic and has better penetration into cells, which can enhance its efficacy.

**HallKierAlpha: -0.077**

HallKierAlpha is a molecular descriptor that measures the hydrophobic substituent count (HSC), which quantifies the number of carbon atoms and their substituents (e.g., alkyl chains, rings) that contribute to a molecule's hydrophobicity. A negative correlation with the predicted drug property suggests that a lower HSC is associated with a higher predicted value.

In biological systems, hydrophobicity plays a crucial role in determining a molecule's ability to interact with cellular membranes and proteins. A lower HSC might indicate that the drug is less hydrophobic and more likely to interact with specific biological targets, enhancing its efficacy.

In summary, these molecular descriptors influence the prediction by reflecting the drug's ability to interact with biomolecules, its lipophilicity and permeability, and its hydrophobicity. These chemical properties can affect the drug's pharmacokinetic and pharmacodynamic profiles, ultimately influencing its efficacy."
ADME_hPPB,41,llama3,biomedical,3,"['fr_COO', 'VSA_EState3', 'SMR_VSA6']","[-0.23443027210439787, -0.11097678291541709, -0.10057436844790324]","
You are a biomedical expert.

A machine learning model predicted a drug property.

The most influential molecular descriptors were:

- fr_COO: -0.234
- VSA_EState3: -0.111
- SMR_VSA6: -0.101


Explain in biomedical and chemical terms why these descriptors influence the prediction.
Avoid mentioning SHAP or machine learning terminology.
","A fascinating prediction!

Let's dive into the chemical and biomedical significance of these descriptors:

1. **fr_COO: -0.234**: This descriptor is related to the acidity of the molecule. The negative value suggests that the predicted drug property is positively correlated with the molecule's acidity. In other words, the more acidic the molecule, the higher the predicted value of the drug property. In the context of drug development, acidity can influence the absorption, distribution, metabolism, and excretion (ADME) properties of a molecule. A more acidic molecule might be more readily absorbed through the gut or have improved bioavailability, which could contribute to the predicted drug property.

2. **VSA_EState3: -0.111**: This descriptor is part of the Volatility-Based Signature (VSA) method, which captures molecular properties related to solubility and lipophilicity. The negative value indicates that the predicted drug property is positively correlated with the molecule's volatility. In biomedical terms, this could mean that the more volatile the molecule, the higher the predicted value of the drug property. Volatility can influence the molecule's ability to cross biological membranes, interact with target proteins, or be metabolized. A more volatile molecule might be more effective at reaching its target or have improved pharmacokinetic properties.

3. **SMR_VSA6: -0.101**: This descriptor is also from the VSA method and is related to the molecule's shape and molecular interactions. The negative value suggests that the predicted drug property is positively correlated with the molecule's shape and molecular interactions. In biomedical terms, this could mean that the more favorable the molecule's shape and interactions, the higher the predicted value of the drug property. Shape and molecular interactions can influence the molecule's ability to bind to target proteins, modulate signaling pathways, or interact with other biological molecules. A molecule with a favorable shape and interactions might be more effective at achieving its intended biological response.

In summary, these descriptors suggest that the predicted drug property is influenced by the molecule's acidity, volatility, and shape/molecular interactions. These chemical and biomedical properties can impact the molecule's ADME properties, pharmacokinetics, and pharmacodynamics, ultimately affecting its potential therapeutic efficacy."
ADME_hPPB,42,llama3,biomedical,3,"['fr_COO', 'HeavyAtomMolWt', 'HallKierAlpha']","[0.4190580547084548, 0.17801278732851597, 0.11188003712754943]","
You are a biomedical expert.

A machine learning model predicted a drug property.

The most influential molecular descriptors were:

- fr_COO: 0.419
- HeavyAtomMolWt: 0.178
- HallKierAlpha: 0.112


Explain in biomedical and chemical terms why these descriptors influence the prediction.
Avoid mentioning SHAP or machine learning terminology.
","As a biomedical expert, I can explain the significance of these molecular descriptors in the context of drug properties.

The first descriptor, fr_COO, is related to the presence of carboxyl groups (-COO-) in the molecule. Carboxyl groups are commonly found in biological molecules, such as proteins and peptides, where they play a crucial role in binding and catalyzing reactions. In the context of drug properties, the presence of carboxyl groups may influence the molecule's ability to interact with target proteins or enzymes, which is essential for the drug's efficacy. The high influence of fr_COO on the prediction suggests that the model is recognizing the importance of carboxyl groups in determining the drug's properties.

The second descriptor, HeavyAtomMolWt, is a measure of the molecule's overall size and mass. In biological systems, the size and mass of a molecule can impact its ability to penetrate tissues, interact with target molecules, and be eliminated by the body. The influence of HeavyAtomMolWt on the prediction suggests that the model is taking into account the physical properties of the molecule, such as its solubility, membrane permeability, and clearance rate, which are critical for its efficacy and safety.

The third descriptor, HallKierAlpha, is a measure of the molecule's electronic properties, specifically its ability to donate or accept electrons. This descriptor is related to the molecule's ability to form hydrogen bonds, a crucial interaction in biological systems. Hydrogen bonds play a key role in protein-ligand interactions, protein folding, and the binding of small molecules to enzymes. The influence of HallKierAlpha on the prediction suggests that the model is recognizing the importance of electronic properties in determining the molecule's ability to interact with biological targets.

In summary, these descriptors influence the prediction because they capture critical chemical and physical properties of the molecule that are relevant to its interactions with biological systems. The presence of carboxyl groups, the physical size and mass of the molecule, and its electronic properties all contribute to the molecule's ability to interact with biological targets, which is essential for its efficacy and safety."
ADME_hPPB,43,llama3,biomedical,3,"['fr_COO', 'HeavyAtomMolWt', 'fr_sulfone']","[0.3275752581687039, -0.06603879664273464, -0.040180861286987474]","
You are a biomedical expert.

A machine learning model predicted a drug property.

The most influential molecular descriptors were:

- fr_COO: 0.328
- HeavyAtomMolWt: -0.066
- fr_sulfone: -0.040


Explain in biomedical and chemical terms why these descriptors influence the prediction.
Avoid mentioning SHAP or machine learning terminology.
","A fascinating prediction!

Let's dive into the biomedical and chemical implications of these influential molecular descriptors.

**fr_COO (0.328)**: This descriptor measures the fraction of carbonyl (CO) groups in the molecule. Carbonyl groups are common in many biomolecules, including proteins, lipids, and carbohydrates. In the context of drug properties, a positive correlation with this descriptor suggests that molecules with more carbonyl groups tend to exhibit the predicted property. This could be due to the ability of carbonyl groups to form hydrogen bonds with proteins or other biomolecules, influencing the molecule's interactions and effects. For example, in protein-ligand interactions, carbonyl groups can participate in hydrogen bonding, which affects the binding affinity and specificity of the molecule.

**HeavyAtomMolWt (-0.066)**: This descriptor represents the molecular weight of the heaviest atom in the molecule. A negative correlation with this descriptor implies that molecules with lighter atoms tend to exhibit the predicted property. This might be related to the lipophilicity (fat-solubility) and solubility of the molecule. Molecules with lighter atoms, such as those containing only carbon, oxygen, and nitrogen, tend to be more soluble in water and have a lower logP (lipophilicity) value. This could be beneficial for a drug, as it would allow for better distribution and clearance from the body.

**fr_sulfone (-0.040)**: This descriptor measures the fraction of sulfone groups in the molecule. Sulfone groups (-SO2-) are a type of functional group that can influence the physicochemical properties of a molecule. A negative correlation with this descriptor suggests that molecules with fewer sulfone groups tend to exhibit the predicted property. Sulfone groups can affect the molecule's lipophilicity, reactivity, and ability to form hydrogen bonds. In the context of drug properties, the presence of sulfone groups might influence the molecule's interactions with biological targets, such as enzymes or receptors.

In summary, the influential molecular descriptors suggest that molecules with:

1. More carbonyl groups (fr_COO) tend to exhibit the predicted property, possibly due to their ability to form hydrogen bonds with biomolecules.
2. Lighter atoms (HeavyAtomMolWt) tend to exhibit the predicted property, which might be related to their improved solubility and lipophilicity.
3. Fewer sulfone groups (fr_sulfone) tend to exhibit the predicted property, possibly due to the influence of sulfone groups on the molecule's lipophilicity, reactivity, and hydrogen bonding capabilities.

These insights can inform the design of new molecules with specific properties, ultimately leading to the development of more effective and safe drugs."
ADME_hPPB,44,llama3,biomedical,3,"['ExactMolWt', 'fr_COO', 'PEOE_VSA1']","[-0.0801186268384817, -0.0566876442974273, -0.05408357810521985]","
You are a biomedical expert.

A machine learning model predicted a drug property.

The most influential molecular descriptors were:

- ExactMolWt: -0.080
- fr_COO: -0.057
- PEOE_VSA1: -0.054


Explain in biomedical and chemical terms why these descriptors influence the prediction.
Avoid mentioning SHAP or machine learning terminology.
","A fascinating prediction!

Let's dive into the chemical and biomedical implications of these influential molecular descriptors.

**ExactMolWt: -0.080**

Molecular weight (MW) is a fundamental property of a molecule that reflects its size and complexity. A negative correlation with the predicted drug property suggests that lower molecular weights are associated with a higher likelihood of the desired property.

From a biomedical perspective, this could indicate that smaller molecules are more likely to permeate cell membranes, interact with specific receptors, or exhibit better solubility, ultimately contributing to their effectiveness as a drug. This is in line with the concept of ""small molecule"" drugs, which are often designed to be more easily absorbed and distributed in the body.

**fr_COO: -0.057**

The fraction of carboxylate (COO) groups in the molecule is a measure of the molecule's acidic properties. A negative correlation with the predicted drug property implies that molecules with a higher proportion of carboxylate groups are less likely to exhibit the desired property.

In biomedical terms, this could be related to the ionization state of the molecule. Carboxylate groups tend to be negatively charged, which can affect a molecule's ability to interact with biological targets or penetrate tissues. A lower proportion of carboxylate groups might facilitate the molecule's ability to interact with its intended target or traverse biological membranes, leading to improved drug properties.

**PEOE_VSA1: -0.054**

PEOE (Predicted Effective Oral Absorption) is a molecular descriptor that estimates the likelihood of a molecule being absorbed through the gastrointestinal tract. The VSA1 component specifically assesses the molecule's lipophilicity, which is its tendency to dissolve in lipids.

A negative correlation with the predicted drug property suggests that molecules with higher lipophilicity (more VSA1) are less likely to exhibit the desired property. Biomedically, this could indicate that less lipophilic molecules are more effective at interacting with their intended targets or have improved solubility, which is critical for oral administration.

In summary, these influential molecular descriptors suggest that smaller, less acidic, and less lipophilic molecules are more likely to exhibit the predicted drug property. These findings can inform the design of new molecules with improved drug-like properties, ultimately leading to more effective therapeutics."
ADME_hPPB,45,llama3,biomedical,3,"['fr_COO', 'SMR_VSA6', 'Kappa3']","[-0.27447990333258815, -0.0852070403313365, -0.08501818404875956]","
You are a biomedical expert.

A machine learning model predicted a drug property.

The most influential molecular descriptors were:

- fr_COO: -0.274
- SMR_VSA6: -0.085
- Kappa3: -0.085


Explain in biomedical and chemical terms why these descriptors influence the prediction.
Avoid mentioning SHAP or machine learning terminology.
","The intriguing results of our predictive model! Let's dive into the chemical and biomedical significance of these influential molecular descriptors.

1. **Fr_COO (-0.274)**: This descriptor is related to the presence and arrangement of carboxyl (-COOH) groups within the molecule. In the context of drug properties, a negative value for Fr_COO might indicate that molecules with more carboxyl groups are associated with the predicted property. Carboxyl groups are common in bioactive molecules, including proteins, peptides, and certain small molecules. They can participate in hydrogen bonding, ionic interactions, and other important chemical processes. The presence of multiple carboxyl groups might influence the molecule's ability to interact with target proteins, enzymes, or other biomolecules, which could, in turn, affect the predicted drug property.

2. **SMR_VSA6 (-0.085)**: This descriptor is related to the spatial arrangement of atoms within the molecule, specifically the shape and rigidity of the molecular framework. The negative value suggests that molecules with more flexible or irregular shapes are associated with the predicted property. In biomedical contexts, molecular shape and rigidity can influence the ability of a molecule to bind to its target, undergo metabolic transformations, or interact with other biomolecules. A more flexible or irregular shape might facilitate these interactions, leading to the predicted drug property.

3. **Kappa3 (-0.085)**: Kappa3 is a descriptor related to the topology and connectivity of the molecular graph, which represents the molecule's skeletal structure. A negative value for Kappa3 might indicate that molecules with more branching or irregular connectivity are associated with the predicted property. This descriptor can influence the molecule's chemical reactivity, solubility, and ability to interact with biomolecules. The presence of branching or irregular connectivity might facilitate interactions with target proteins or other biomolecules, leading to the predicted drug property.

In summary, these influential molecular descriptors are related to the presence and arrangement of carboxyl groups, molecular shape and rigidity, and the topology and connectivity of the molecular graph. These chemical properties can influence the molecule's ability to interact with biomolecules, undergo metabolic transformations, or bind to its target, ultimately affecting the predicted drug property."
ADME_hPPB,46,llama3,biomedical,3,"['HeavyAtomMolWt', 'HallKierAlpha', 'fr_COO']","[-0.11972319761069228, -0.11744203029335752, -0.1046517930350762]","
You are a biomedical expert.

A machine learning model predicted a drug property.

The most influential molecular descriptors were:

- HeavyAtomMolWt: -0.120
- HallKierAlpha: -0.117
- fr_COO: -0.105


Explain in biomedical and chemical terms why these descriptors influence the prediction.
Avoid mentioning SHAP or machine learning terminology.
","As a biomedical expert, I'd be happy to break down the significance of these molecular descriptors in the context of the predicted drug property.

**HeavyAtomMolWt: -0.120**

The HeavyAtomMolWt descriptor measures the average atomic mass of the heaviest atoms in the molecule. A negative correlation with the predicted drug property suggests that molecules with lighter heaviest atoms (e.g., carbon or nitrogen) tend to exhibit the desired property. This makes sense, as lighter atoms often confer greater flexibility and mobility to the molecule, which can enhance its ability to interact with biological targets or modulate cellular processes.

In a biomedical context, this descriptor might be relevant to the prediction of a drug's ability to penetrate cells or interact with specific receptors. Molecules with lighter heaviest atoms may be more easily absorbed or transported across cellular membranes, leading to increased bioavailability and efficacy.

**HallKierAlpha: -0.117**

HallKierAlpha is a molecular descriptor that quantifies the hydrophobicity (water-repelling) or hydrophilicity (water-attracting) of the molecule. A negative correlation with the predicted drug property implies that molecules with more hydrophilic (water-loving) properties tend to exhibit the desired property.

In biological terms, this descriptor might be linked to the prediction of a drug's ability to interact with specific proteins or lipids in cellular membranes. Hydrophilic molecules can form hydrogen bonds with water molecules, which can facilitate their movement across membranes and interaction with biological targets. Conversely, hydrophobic molecules may have reduced bioavailability due to their limited ability to interact with water.

**fr_COO: -0.105**

The fr_COO descriptor measures the fraction of carboxylate (-COO-) groups in the molecule. A negative correlation with the predicted drug property suggests that molecules with fewer carboxylate groups tend to exhibit the desired property.

In biochemical terms, carboxylate groups can influence the stability and functionality of proteins and nucleic acids. Fewer carboxylate groups may indicate a reduced likelihood of unwanted interactions or interference with biological processes, which can enhance the predicted drug property.

In summary, these molecular descriptors likely influence the prediction of the drug property by reflecting aspects of molecular structure and properties that are relevant to the molecule's interaction with biological targets or its ability to modulate cellular processes."
ADME_hPPB,47,llama3,biomedical,3,"['HeavyAtomMolWt', 'HallKierAlpha', 'Phi']","[-0.05423831330912234, 0.03320100211543249, 0.030555640881566263]","
You are a biomedical expert.

A machine learning model predicted a drug property.

The most influential molecular descriptors were:

- HeavyAtomMolWt: -0.054
- HallKierAlpha: 0.033
- Phi: 0.031


Explain in biomedical and chemical terms why these descriptors influence the prediction.
Avoid mentioning SHAP or machine learning terminology.
","A fascinating prediction! As a biomedical expert, I'd be delighted to decode the molecular insights behind these influential descriptors.

**HeavyAtomMolWt: -0.054**

The molecular weight of the heaviest atoms in the molecule (HeavyAtomMolWt) is negatively correlated with the predicted drug property. This suggests that the presence of larger, heavier atoms (e.g., sulfur, phosphorus, or heavy metals) in the molecule is associated with a decrease in the predicted property. This makes sense in a biological context, as larger atoms can often introduce steric hindrance, making it more difficult for the molecule to interact with its target or traverse biological membranes. The negative correlation implies that the predicted property is sensitive to the size and bulk of these heavy atoms, which may influence the molecule's ability to bind, modify, or interact with biological systems.

**HallKierAlpha: 0.033**

The HallKierAlpha descriptor, which represents the hydrophobic character of the molecule, is positively correlated with the predicted drug property. This indicates that molecules with increased hydrophobicity (i.e., lipophilicity) are more likely to exhibit the predicted property. In a biomedical context, this makes sense, as many biological processes rely on the interactions between hydrophobic molecules and biological membranes or proteins. Hydrophobic molecules can more easily traverse these interfaces, which may facilitate their interactions with biological targets. The positive correlation implies that the predicted property is influenced by the molecule's ability to interact with hydrophobic regions or to be incorporated into biological membranes.

**Phi: 0.031**

The Phi descriptor, which represents the molecular flexibility, is positively correlated with the predicted drug property. This suggests that molecules with increased flexibility or conformational mobility are more likely to exhibit the predicted property. Biologically, this makes sense, as many biological processes involve the interactions between flexible molecules and biological targets. Flexible molecules can more easily adopt conformations that facilitate their interactions with biological targets, which may enhance their efficacy or specificity. The positive correlation implies that the predicted property is influenced by the molecule's ability to adapt to its biological environment or to interact with flexible biological targets.

In summary, these molecular descriptors influence the prediction by highlighting the importance of molecular size, hydrophobicity, and flexibility in the context of biological interactions. The negative correlation with HeavyAtomMolWt suggests that larger, heavier atoms may hinder the molecule's ability to interact with biological targets, while the positive correlations with HallKierAlpha and Phi suggest that hydrophobicity and flexibility may facilitate these interactions."
ADME_hPPB,48,llama3,biomedical,3,"['fr_COO', 'fr_ketone', 'HeavyAtomMolWt']","[-0.1867373201689503, 0.06971473723088815, 0.04984951723802789]","
You are a biomedical expert.

A machine learning model predicted a drug property.

The most influential molecular descriptors were:

- fr_COO: -0.187
- fr_ketone: 0.070
- HeavyAtomMolWt: 0.050


Explain in biomedical and chemical terms why these descriptors influence the prediction.
Avoid mentioning SHAP or machine learning terminology.
","As a biomedical expert, I'd be delighted to break down the molecular descriptors that influence the prediction of the drug property. Let's dive into the chemical and biomedical significance of each descriptor:

1. **fr_COO: -0.187**: The ""fr_COO"" descriptor refers to the fractional contribution of carboxyl (-COO) groups in the molecule. A negative value (-0.187) suggests that the presence of carboxyl groups is associated with a decrease in the predicted drug property.

In biomedical terms, carboxyl groups are commonly found in proteins, peptides, and some small molecules. They can play a crucial role in protein-ligand interactions, protein folding, and enzyme activity. A decrease in the predicted drug property might be attributed to the carboxyl groups' influence on protein binding or enzyme inhibition, which could impact the drug's efficacy or toxicity.

2. **fr_ketone: 0.070**: The ""fr_ketone"" descriptor measures the fractional contribution of ketone groups (-CO-) in the molecule. A positive value (0.070) indicates that the presence of ketone groups is associated with an increase in the predicted drug property.

In chemical terms, ketone groups are a common motif in many bioactive molecules. They can participate in hydrogen bonding, π-π stacking, and other interactions that facilitate binding to proteins or enzymes. The positive value suggests that ketone groups might enhance the drug's ability to bind or modulate a specific target, leading to improved efficacy.

3. **HeavyAtomMolWt: 0.050**: The ""HeavyAtomMolWt"" descriptor represents the molecular weight of the molecule's heavy atoms (those with atomic numbers greater than 20, excluding H, C, N, O, F, and P). A positive value (0.050) indicates that the molecular weight of the heavy atoms is associated with an increase in the predicted drug property.

In biomedical terms, heavy atoms like sulfur (S), chlorine (Cl), or bromine (Br) can play important roles in the bioavailability, pharmacokinetics, and pharmacodynamics of a drug. The molecular weight of these atoms can influence the drug's absorption, distribution, metabolism, and excretion (ADME) properties, which in turn affect its efficacy and toxicity. The positive value suggests that the presence of heavy atoms might contribute to the drug's improved bioavailability or stability.

In summary, the influence of these descriptors on the prediction of the drug property can be attributed to the chemical and biomedical significance of carboxyl, ketone, and heavy atoms in the molecule. The presence of carboxyl groups might impact protein binding or enzyme activity, while ketone groups could enhance binding or modulation of specific targets. The molecular weight of heavy atoms might influence the drug's ADME properties, affecting its efficacy and toxicity."
ADME_hPPB,49,llama3,biomedical,3,"['HeavyAtomMolWt', 'PEOE_VSA1', 'VSA_EState3']","[0.17674537318385725, 0.08240135313710552, -0.06994197964114217]","
You are a biomedical expert.

A machine learning model predicted a drug property.

The most influential molecular descriptors were:

- HeavyAtomMolWt: 0.177
- PEOE_VSA1: 0.082
- VSA_EState3: -0.070


Explain in biomedical and chemical terms why these descriptors influence the prediction.
Avoid mentioning SHAP or machine learning terminology.
","As a biomedical expert, I'd be happy to break down the significance of these molecular descriptors in the context of drug properties.

**HeavyAtomMolWt: 0.177**

The HeavyAtomMolWt descriptor is related to the molecular weight of the heaviest atom in the molecule. This suggests that the model is using this information to predict the drug property. In biomedical terms, this could be related to the idea that larger or heavier atoms in the molecule may influence the drug's pharmacokinetic properties, such as its ability to be absorbed, distributed, metabolized, and excreted (ADME) by the body. For instance, a molecule with a heavier atom (e.g., a transition metal) may have altered solubility or partition coefficients, which could impact its bioavailability and efficacy.

**PEOE_VSA1: 0.082**

The PEOE_VSA1 descriptor is a type of descriptor that captures information about the molecule's electronic properties. Specifically, it is related to the charge transfer and electron density within the molecule. In biomedical terms, this could be related to the molecule's ability to interact with biological targets, such as enzymes or receptors, through electrostatic or π-π stacking interactions. The presence of polar or charged functional groups (e.g., hydroxyls or amines) may enhance the molecule's ability to bind to specific biological targets, influencing its efficacy and selectivity.

**VSA_EState3: -0.070**

The VSA_EState3 descriptor is another type of descriptor that captures information about the molecule's electronic properties. Specifically, it is related to the molecule's energy state, which can influence its reactivity and stability. In biomedical terms, this could be related to the molecule's ability to interact with biological systems, such as proteins or membranes, through electronic transitions or changes in energy state. The presence of certain functional groups or molecular arrangements may influence the molecule's ability to induce or respond to specific biological signals, such as changes in membrane potential or receptor activation.

In summary, these three molecular descriptors are influencing the prediction of the drug property by capturing information about the molecule's size, electronic properties, and energy state. These properties can impact the molecule's interactions with biological systems, influencing its efficacy, selectivity, and overall pharmacological profile."
