endpoint,sample_id,model,strategy,top_k,features,shap_values,prompt,explanation
ADME_HLM,0,phi3,biomedical,3,"['SMR_VSA2', 'EState_VSA8', 'BCUT2D_MRHI']","[-0.3305095847683578, -0.06716348986214322, -0.04866273261420479]","
You are a biomedical expert.

A machine learning model predicted a drug property.

The most influential molecular descriptors were:

- SMR_VSA2: -0.331
- EState_VSA8: -0.067
- BCUT2D_MRHI: -0.049


Explain in biomedical and chemical terms why these descriptors influence the prediction.
Avoid mentioning SHAP or machine learning terminology.
","
In a biomedical context, when examining the physicochemical properties of a drug candidate, the molecular descriptors provided, such as SMR_VSA2, EState_VSA8, and BCUT2D_MRHI, play a crucial role in determining the drug's potential effectiveness and safety.


Starting with SMR_VSA2, or the Secondary Maximum-Range Value of Solvent-Accessible Surface Area, this descriptor quantifies the accessible surface area of a molecule within a solvent. A more negative value suggests a smaller, more compact structure, which can be indicative of less lipophilic character. Compounds with less lipophilic properties tend to have better bioavailability and reduced tendency to cross the blood-brain barrier, which may affect the distribution of the drug within the body and potentially lead to fewer side effects related to drug accumulation in the central nervous system.


Next, EState_VSA8, or the E-State topological Polar Surface Area of a molecule calculated from E-state indices, provides insight into the polar character of the molecule. The descriptor's negative value indicates the presence of polar functional groups, which could influence the molecule's solubility and its ability to form hydrogen bonds, both of which are significant for oral bioavailability and receptor interaction. Drugs that can form hydrogen bonds may have higher affinity and specificity to their biological targets, which is a desired trait for efficacy.


Lastly, BCUT2D_MRHI is the BottleCage UV-Vis Hybrid index, which measures the molecule's ability to absorb light at certain wavelengths. A descriptor with a negative value suggests that the molecule may not absorb strongly in the UV-Vis spectrum, which can correlate to lower reactivity under light, possibly translating to a longer shelf-life for the drug product.


By analyzing these descriptors, researchers can make educated predictions on the drug's pharmacokinetic and pharmacodynamic profiles, which are vital for its success as a therapeutic agent."
ADME_HLM,1,phi3,biomedical,3,"['fr_nitrile', 'fr_piperdine', 'fr_phos_ester']","[-0.07777022553003281, 0.07466310395542747, -0.06439389128023316]","
You are a biomedical expert.

A machine learning model predicted a drug property.

The most influential molecular descriptors were:

- fr_nitrile: -0.078
- fr_piperdine: 0.075
- fr_phos_ester: -0.064


Explain in biomedical and chemical terms why these descriptors influence the prediction.
Avoid mentioning SHAP or machine learning terminology.
","
In biomedical and chemical contexts, molecular descriptors are quantitative representations of molecular properties that help predict a drug's behavior. Fingerprints like fr_nitrile, fr_piperdine, and fr_phos_ester are specific patterns within a molecule that relate to how the molecule interacts with biological systems.


The fr_nitrile descriptor corresponds to the presence of a nitrile group, a cyano (-C≡N) functional group, which is relatively small and lacks the strong electronegativity that typically leads to significant interactions with biological targets. Its negative value suggests that in the context of this model, the nitrile group might reduce the molecule's activity or affinity for the target, possibly due to the group's rigid structure or inability to form hydrogen bonds, which are often important for bioactivity.


fr_piperdine is a descriptor indicating the presence of a piperidine ring, a six-membered heterocyclic compound containing a nitrogen atom. The positive value associated with this descriptor suggests it enhances the model's prediction of bioactivity, potentially by providing sites for hydrogen bond formation or contributing to a conformation that better fits the target binding site.


fr_phos_ester is related to the presence of a phosphate ester group within the molecule. The negative value indicates that this group might reduce drug activity or affinity, possibly because of its size or electronic distribution, which could hinder optimal interactions with biological targets.


Each descriptor contributes to the model's prediction by representing how different molecular features are expected to impact the drug's bioactivity, based on patterns learned from known drug data. The net effect of these descriptors can inform us about the likelihood of a new molecule being active or inactive based on its structural characteristics.


"
ADME_HLM,2,phi3,biomedical,3,"['SMR_VSA2', 'PEOE_VSA7', 'NumHDonors']","[-0.35750903429513703, -0.025890755320730593, -0.02343787589916693]","
You are a biomedical expert.

A machine learning model predicted a drug property.

The most influential molecular descriptors were:

- SMR_VSA2: -0.358
- PEOE_VSA7: -0.026
- NumHDonors: -0.023


Explain in biomedical and chemical terms why these descriptors influence the prediction.
Avoid mentioning SHAP or machine learning terminology.
",ERROR
ADME_HLM,3,phi3,biomedical,3,"['SMR_VSA2', 'SMR_VSA9', 'PEOE_VSA11']","[0.21859820346437753, -0.121118633449488, -0.0794540605848882]","
You are a biomedical expert.

A machine learning model predicted a drug property.

The most influential molecular descriptors were:

- SMR_VSA2: 0.219
- SMR_VSA9: -0.121
- PEOE_VSA11: -0.079


Explain in biomedical and chemical terms why these descriptors influence the prediction.
Avoid mentioning SHAP or machine learning terminology.
",ERROR
ADME_HLM,4,phi3,biomedical,3,"['SMR_VSA2', 'PEOE_VSA11', 'fr_bicyclic']","[-0.34608530270126203, 0.052767727864801724, 0.04244887181535514]","
You are a biomedical expert.

A machine learning model predicted a drug property.

The most influential molecular descriptors were:

- SMR_VSA2: -0.346
- PEOE_VSA11: 0.053
- fr_bicyclic: 0.042


Explain in biomedical and chemical terms why these descriptors influence the prediction.
Avoid mentioning SHAP or machine learning terminology.
","
In biomedical and chemical contexts, the predictive model is likely assessing the potential efficacy and safety of a new drug candidate by analyzing its molecular characteristics. The most influential molecular descriptors listed are:


- SMR_VSA2: This descriptor indicates the shape of the molecule based on a specific type of molecular fingerprinting known as the Steric Molecular Repulsion (SMR) descriptor. The value of -0 extraneous details, it suggests that the molecule's shape may lead to less steric repulsion with a target, which could enhance its binding affinity to the target site. A negative value might imply that the molecule adopts a conformation that is unfavorable for repulsion but favorable for binding. In drug-target interactions, this can affect both the potency and selectivity of the drug.


- PEOE_VSA11: The Pairwise Electronegativity Energy (PEE) descriptor with a value of 0.053 likely reflects the electronic distribution in the molecule. Electronegativity differences between atoms within a molecule can influence how it interacts with biological targets. This descriptor suggests a moderate level of electronegativity difference, which might be a contributing factor to the molecule's ability to form hydrogen bonds or interact with specific amino acsids within a binding pocket of the target protein. Such interactions are critical for the specificity and strength of the drug-target interaction.


- fr_bicyclic: The 'fr_bicyclic' descriptor assesses the presence of bicyclic structures within the molecule and is assigned a value of 0.042. Bicyclic moieties can significantly influence a drug's binding affinity and specificity. The positive value suggests the presence of a bicyclic structure within the molecule, which might be interacting with a biological target in a way that contributes positively to the molecule's therapeutic potential. Bicyclic compounds often fit snugly into enzyme or receptor pockets, allowing for specific interactions, which is essential for effective drugs with minimal off-target effects.


The predictive influence of these descriptors on the drug property suggests that they are key to understanding the molecule's potential behavior in biological systems and its likely pharmacokinetic and pharmacodynamic profiles. Each descriptor provides a piece of the puzzle in assessing how the molecule might interact with biological systems, which is fundamental in drug development."
ADME_HLM,5,phi3,biomedical,3,"['SMR_VSA2', 'EState_VSA6', 'NumAliphaticCarbocycles']","[-0.2831888060928299, 0.04738709811921638, 0.037293654677865926]","
You are a biomedical expert.

A machine learning model predicted a drug property.

The most influential molecular descriptors were:

- SMR_VSA2: -0.283
- EState_VSA6: 0.047
- NumAliphaticCarbocycles: 0.037


Explain in biomedical and chemical terms why these descriptors influence the prediction.
Avoid mentioning SHAP or machine learning terminology.
","
The molecular descriptors provided offer insight into the interaction of a drug molecule with biological systems. Here's an explanation of the influence each descriptor has:


- **SMR_VSA2 (Secondary Molecular Receptor Activation by Van der Waals Surface Area):** This descriptor relates to the size and shape of the molecule at the van der Waals surface. A negative value suggests that the larger the molecule's surface area, the lesser the activation of secondary molecular receptors, potentially reducing the efficacy of the drug in binding to its primary target.


- **EState_VSA6 (Extended-Validated Statistical 6):** This descriptor measures the distribution of electrons within the molecule, affecting its reactivity. The positive influence indicates that the electronic distribution may enhance the molecule's interaction with its biological target, perhaps increasing the binding affinity.


- **NumAliphaticCarbocycles (Number of Aliphatic Carbocycles):** This counts the number of ring structures containing non-aromatic hydrocarbons in the molecule. Aliphatic rings can influence the molecule's ability to insert into lipid membranes or diffuse within a biological environment. A moderate positive influence suggests that the presence of these structures may help the molecule to better navigate biological barriers or interact with its target.


In biomedical and chemical terms, these descriptors can be predictive of a molecule's behavior in a biological system, influencing factors like solubility, permeability, and receptor affinity."
ADME_HLM,6,phi3,biomedical,3,"['SMR_VSA2', 'NumHDonors', 'MaxAbsPartialCharge']","[0.30347752757758567, 0.07394494577863545, -0.0694323785646911]","
You are a biomedical expert.

A machine learning model predicted a drug property.

The most influential molecular descriptors were:

- SMR_VSA2: 0.303
- NumHDonors: 0.074
- MaxAbsPartialCharge: -0.069


Explain in biomedical and chemical terms why these descriptors influence the prediction.
Avoid mentioning SHAP or machine learning terminology.
","
The predictive model in question has identified several molecular descriptors as influential in determining the properties of a drug molecule. The most significant among these are the Secondary Molar Reflection (SMR) value calculated by Van der Waals Surface Area (VSA), the count of hydrogen bond donors, and the maximal absolute partial charge within the molecule.


Firstly, the SMR_VSA2 value provides insight into the three-dimensional shape of the molecule by evaluating the surface area accessible to other molecules, which is directly related to how well the molecule can fit into the binding site of its target, such as an enzyme or receptor. A higher accessibility often correlates with better binding affinity, which is crucial for a drug's effectiveness.


Secondly, the number of hydrogen donors on a molecule plays a pivotal role in its ability to form hydrogen bonds, which are a type of non-covalent interaction that often governs the specificity and strength of the molecule's interaction with its biological target. A balance must be found, as too few donors can result in weak binding, while too many can lead to unfavorable interactions and increased off-target effects.


Lastly, the maximal absolute partial charge indicates the distribution of electron density across the molecule. Drugs often interact with biological targets through ionic interactions, so an optimal electron distribution is vital to maintain a balance between hydrophilicity and hydrophobicity, which can affect the molecule's ability to cross biological membranes and its solubility in the physiological environment.


Each of these molecular descriptors impacts the drug's behavior in the body and, therefore, its overall properties and potential as a therapeutic agent."
ADME_HLM,7,phi3,biomedical,3,"['SMR_VSA2', 'EState_VSA9', 'Chi3n']","[0.16499179157940097, 0.06542103859221815, 0.05806790959376459]","
You are a biomedical expert.

A machine learning model predicted a drug property.

The most influential molecular descriptors were:

- SMR_VSA2: 0.165
- EState_VSA9: 0.065
- Chi3n: 0.058


Explain in biomedical and chemical terms why these descriptors influence the prediction.
Avoid mentioning SHAP or machine learning terminology.
","
In biomedical and chemical contexts, molecular descriptors like SMR_VSA2, EState_VSA9, and Chi3n provide crucial information that reflects the physical and chemical properties of a molecule, which in turn, influence how a drug interacts within the body.


SMR_VSA2 (Secondary Structure Matching and Van der Waals Surface Area) is a descriptor that evaluates the molecule's ability to adopt conformations similar to biological targets and its interaction with target site based on its surface area. A higher SMR_VSA2 score suggests that the molecule can more readily fit into the binding site of a biological target, which could improve the drug's efficacy.


EState_VSA9 (Estate Vina Simplified Atom Count and Van der Waals Surface Area) provides insight into the number of specific types of atoms within the molecule, which can hint at its reactivity and potential to bind to a biological target. The atomic composition, as reflected in this descriptor, determines the molecule's ability to interact with various biological macromolecules, which is essential for the therapeutic activity.


Chi3n (ChiRank - a molecular descriptor based on the frequency of rotatable bonds) gives us an idea about the flexibility of a molecule. A molecule with fewer rotatable bonds is generally more rigid, which can lead to higher specificity and reduced side effects. Hence, Chi3n helps to predict the drug's behavior, including its metabolic stability and bioavailability.


The combined analysis of these descriptors provides a more comprehensive understanding of the molecule's physicochemical properties, which play a significant role in how the drug will perform in biological systems, including its interaction with targets, solubility, and potential side effects."
ADME_HLM,8,phi3,biomedical,3,"['SMR_VSA2', 'PEOE_VSA11', 'VSA_EState1']","[0.16551674276100026, 0.09139062714562067, 0.08240750050518228]","
You are a biomedical expert.

A machine learning model predicted a drug property.

The most influential molecular descriptors were:

- SMR_VSA2: 0.166
- PEOE_VSA11: 0.091
- VSA_EState1: 0.082


Explain in biomedical and chemical terms why these descriptors influence the prediction.
Avoid mentioning SHAP or machine learning terminology.
","
Molecular descriptors provide quantifiable properties of molecules that can be used to predict various aspects of drug behavior, such as their solubility, which is critical for determining how well a drug can be absorbed in the body. In this case, the predictive model seems to have emphasized the importance of three specific descriptors when assessing solubility:


1. **SMR_VSA2** (SMD-Virtual Screening with 2 descriptors): This descriptor takes into account the molecule's polar surface area, which is a measure of how much of the molecule can interact with water. A larger polar surface area often leads to better solubility in aqueous environments, making this a critical factor for a drug to be absorbed into the bloodstream.


2. **PEOE_VSA11** (PEOE - Physicochemical Evaluation with 11 descriptors): This descriptor includes parameters such as hydrogen bond donors and acceptors, molecular weight, and refractive index. These factors are crucial because they influence how a molecule can dissolve in bodily fluids and how it might be distributed within the body, with implications for both efficacy and safety.


3. **VSA_EState1** (Virtual Screening E-state descriptor with 1 descriptor): This descriptor considers electronic state changes that occur when a molecule is in a solvated environment. It helps predict how the molecule's electronic structure will respond to the presence of water, which can indicate how the molecule might interact with cellular structures once in the bloodstream, a key aspect of a drug's pharmacokinetics.


The descriptors likely influence the prediction due to their direct relationship with the molecule's ability to interact with biological systems. By analyzing these characteristics, we can infer the potential solubility and absorption profile of the molecule, which are essential for ensuring that the drug can effectively reach its target and perform its intended function.


---


**Instruction 2 (More Diff003 and Complex)**"
ADME_HLM,9,phi3,biomedical,3,"['SMR_VSA2', 'Chi0v', 'BCUT2D_LOGPLOW']","[-0.2378833387450576, 0.03480136466038019, -0.03232541796481143]","
You are a biomedical expert.

A machine learning model predicted a drug property.

The most influential molecular descriptors were:

- SMR_VSA2: -0.238
- Chi0v: 0.035
- BCUT2D_LOGPLOW: -0.032


Explain in biomedical and chemical terms why these descriptors influence the prediction.
Avoid mentioning SHAP or machine learning terminology.
","
In biomedical and chemical contexts, these molecular descriptors are critical for understanding a drug's behavior because they provide quantifiable information about the molecule's interaction with the biological system it aims to affect. 


- **SMR_VSA2 (Secondary Molar Reflection Spectrum with 2 Vibrational States)**: This descriptor is related to how a molecule's vibrational modes might interact with its electronic states, which can influence how the drug is absorbed into the body and how it interacts at the cellular level. The negative value suggests that the electronic and vibrational states are not aligned in a way that enhances the molecule's ability to interact with biological targets, potentially affecting its efficacy.


- **Chi0v (Zero-order Vibrational Frequency)**: This is indicative of a fundamental vibrational frequency that does not depend on the molecule's environment. The descriptor's value of 0.035, while small, could suggest the presence of specific vibrational modes that are less perturbed in the biological setting, which may play a role in the molecule's stability and interaction with biological receptors.


- **BCUT2D_LOGPLOW (2D Brominated Compound Descriptor for Low LogP)**: The LogP value relates to the lipophilicity of the molecule, which in turn can affect its ability to cross cell membranes and reach intracellular targets. A negative value for BCUT2D_LOGPLOW indicates that the molecule might have an altered distribution of bromine atoms in relation to its hydrophilic regions, which could influence both its solubility in biological fluids and its interaction with membrane-bound proteins or enzymes.


Together, these descriptors provide a nuanced view of how the molecule might behave in a biological environment, potentially affecting its therapeutic effectiveness."
ADME_HLM,10,phi3,biomedical,3,"['PEOE_VSA7', 'MinAbsPartialCharge', 'SMR_VSA9']","[-0.06697703518258478, -0.06302141541365287, -0.06177683128875947]","
You are a biomedical expert.

A machine learning model predicted a drug property.

The most influential molecular descriptors were:

- PEOE_VSA7: -0.067
- MinAbsPartialCharge: -0.063
- SMR_VSA9: -0.062


Explain in biomedical and chemical terms why these descriptors influence the prediction.
Avoid mentioning SHAP or machine learning terminology.
","
The molecular descriptors provided - PEOE_VSA7, MinAbsPartialCharge, and SMR_VSA9 - are all chemically relevant properties that reflect how a molecule may interact with biological systems and influence drug action.


PEOE_VSA7 refers to the electron-pair electrostatic potential at the equatorial plane of the molecule, which is often associated with functional groups located at that position. Such groups can significantly impact how a molecule binds to a biological target, as they can form electrostatic interactions with amino acid residues within the binding site. The negative value suggests that the equatorial region is likely to be electron-rich, which could lead to favorable interactions with positively charged residues in the binding site.


MinAbsPartialCharge represents the most negative partial atomic charge in the molecule, which typically indicates the presence of a region with high electron density that can form dipole-dipole or hydrogen bonding interactions. This property is crucial for the molecule's ability to interact with specific regions within the biological target, potentially affecting the strength and specificity of the binding, and consequently, the efficacy and safety profile of the drug.


SMR_VSA9 refers to the sum of molecular connectivity indices and is related to the molecule's shape and rigidity. This index provides insight into the molecular structure, including how the molecule might flex or adjust to fit into a biological target's binding site. A negative value may reflect a rigid molecule with a more defined structure, which could be crucial for maintaining the integrity of the molecule's active conformation upon binding.


These properties collectively contribute to the molecule's pharmacokinetic and pharmacodynamic profiles. For instance, a molecule's ability to interact with biological targets can influence its distribution, absorption, and elimination from the body. Likewise, how a molecule interacts with off-targets can inform about potential side effects. Understanding these descriptors' roles helps predict how a molecule might behave in a biological system, which is essential for drug discovery and development."
ADME_HLM,11,phi3,biomedical,3,"['SMR_VSA2', 'MaxAbsPartialCharge', 'VSA_EState1']","[0.1500495855953215, -0.10376371085207359, -0.059885981549886884]","
You are a biomedical expert.

A machine learning model predicted a drug property.

The most influential molecular descriptors were:

- SMR_VSA2: 0.150
- MaxAbsPartialCharge: -0.104
- VSA_EState1: -0.060


Explain in biomedical and chemical terms why these descriptors influence the prediction.
Avoid mentioning SHAP or machine learning terminology.
",ERROR
ADME_HLM,12,phi3,biomedical,3,"['SMR_VSA2', 'EState_VSA8', 'BCUT2D_MWLOW']","[-0.14892360336444838, -0.05426104532206681, -0.04060712021031802]","
You are a biomedical expert.

A machine learning model predicted a drug property.

The most influential molecular descriptors were:

- SMR_VSA2: -0.149
- EState_VSA8: -0.054
- BCUT2D_MWLOW: -0.041


Explain in biomedical and chemical terms why these descriptors influence the prediction.
Avoid mentioning SHAP or machine learning terminology.
","
The molecular descriptors provided offer a glimpse into the physical and chemical properties of a drug molecule that could potentially influence its activity. Starting with SMR_VSA2, which represents the sum of the van der Waals surface areas of a molecule, this descriptor provides insight into the overall size and shape of the molecule. A larger van der Waals surface area can often correlate with a higher degree of interaction with biological targets, such as proteins, because it allows for more points of contact and potential hydrophobic interactions, which can be critical for the molecule's efficacy and specificity.


EState_VSA8, on the other hand, refers to an electronic descriptor that measures the energy associated with the molecular electronic states. This energy can influence how a drug interacts with its biological target, as it may affect the ability of the drug to form necessary bonds or fit into the active site of enzymes or receptors. Molecules with certain electronic properties might mimic or disrupt biological molecules in a way that can either inhibit or enhance the drug's intended effect.


Lastly, BCUT2D_MWLOW, which stands for the lower limit of the 2D band critical on the basis of molecular weight, provides a measure of molecular size while taking into account the distribution of atomic weights within the molecule. Molecules with a lower molecular weight may diffuse more readily through biological membranes, potentially affecting the drug's access to its target and its ability to reach the site of action within the body.


All these descriptors combined give us a nuanced understanding of how a molecs' size, shape, and electronic properties could affect its biological activity and behavior within the body."
ADME_HLM,13,phi3,biomedical,3,"['SMR_VSA2', 'SMR_VSA8', 'VSA_EState1']","[0.2179971163369891, -0.06411442315556908, -0.05814349819973267]","
You are a biomedical expert.

A machine learning model predicted a drug property.

The most influential molecular descriptors were:

- SMR_VSA2: 0.218
- SMR_VSA8: -0.064
- VSA_EState1: -0.058


Explain in biomedical and chemical terms why these descriptors influence the prediction.
Avoid mentioning SHAP or machine learning terminology.
","
In the context of predicting a drug's properties, molecular descriptors are critical for understanding how a molecule might interact within the biological system of a human body. Here, three descriptors - SMR_VSA2, SMR_VSA8, and VSA_EState1 - have been identified as influential.


SMR_VSA2, or the Secondary Structure Matching Ratios for Vibrational Spectroscopy, quantifies the similarity between the secondary structures of the test molecule and known molecules. A higher value indicates a better match, suggesting that the molecule may adopt a structure similar to those with known effects, which is valuable information when predicting how a new drug might behave.


SMR_VSA8 measures the van der Waals interactions between molecules, which are a subset of intermolecular forces influencing binding affinity. A positive value suggests favorable interactions, while a negative value might indicate repulsion, which can significantly affect a drug's ability to bind to its target and, consequently, its efficacy.


VSA_EState1 is related to the electronic state of the molecule, reflecting how the distribution of electrons across different molecular orbitals might influence reactivity and interactions within a biological environment. Electronic states can impact how a molecule absorbs light, reacts, and ultimately, its potential therapeutic effect.


Each of these descriptors provides a piece of the puzzle, helping us to predict how a molecule's structure could impact its function and how it might be absorbed, distributed, metabolized, and excreted in a biological system."
ADME_HLM,14,phi3,biomedical,3,"['SMR_VSA2', 'PEOE_VSA11', 'MinEStateIndex']","[-0.3703124793866585, -0.04085525458495918, 0.04030821216996489]","
You are a biomedical expert.

A machine learning model predicted a drug property.

The most influential molecular descriptors were:

- SMR_VSA2: -0.370
- PEOE_VSA11: -0.041
- MinEStateIndex: 0.040


Explain in biomedical and chemical terms why these descriptors influence the prediction.
Avoid mentioning SHAP or machine learning terminology.
","
In the context of drug discovery, molecular descriptors are critical for understanding the behavior of molecules in biological systems. When evaluating the potential effectiveness of a new drug, scientists use various molecular descriptors that quantify aspects such as shape, electrostatic properties, and electronic states of molecules.


Starting with SMR_VSA2, which is a part of the SVA (Salt-separated VSA) descriptors, this value is likely indicative of the molecule's overall shape and steric hindrance. A negative value such as -0.370 suggests that the molecule's shape might be less favorable for binding to a target receptor, as it could be too bulky or not fit well within the receptor's active site. Steric hindrance, where the size or shape of a molecule impedes its interaction with the target, often leads to reduced efficacy of drug-receptor interactions.


Moving on to PEOE_VSA11, which stands for Pairwise Electronic Environment of atoms using VSA, the descriptor with a value of -0.041, although still negative, is relatively close to zero. This indicates that the electronic properties of the molecule, specifically the distribution and sharing of electrons between adjacent atoms, may have a minimal but possible impact on binding affinity. The descriptor assesses factors like electronegativity and electrostatic potential, which can affect how the drug donates or accepts electrons in reactions with biological molecules.


Finally, the MinEStateIndex with a value of 0.040, which likely relates to the minimum energy state of the molecule, has a positive value. Molecules in their minimum energy state, or ground state, are more stable and less reactive. This stability might contribute positively to the drug's ability to reach and persist in a biological target without undergoing undesirable reactions.


Taken together, these descriptors suggest that the molecule in question has a shape that may not be optimal for interaction with a biological target (due to steric hindrance, as suggested by the negative value of SMR_VSA2), has a slight and potentially less significant influence on electronic interactions with biological molecules (as per PEOE_VSA11), and has a favorable energy state (from MinEStateIndex) that could benefit its stability in a biological setting."
ADME_HLM,15,phi3,biomedical,3,"['SMR_VSA2', 'NumHDonors', 'NumHAcceptors']","[0.30812817605430065, -0.05481160870561824, -0.05454763053038437]","
You are a biomedical expert.

A machine learning model predicted a drug property.

The most influential molecular descriptors were:

- SMR_VSA2: 0.308
- NumHDonors: -0.055
- NumHAcceptors: -0.055


Explain in biomedical and chemical terms why these descriptors influence the prediction.
Avoid mentioning SHAP or machine learning terminology.
","
In biomedical and chemical contexts, molecular descriptors play a crucial role in predicting drug properties as they encapsulate aspects of a molecule's structure that are often associated with its activity. Let's examine the provided molecular descriptors:


**SMR_VSA2 (Secondary Molecular Reflection Absorption Spectroscopy 2):** This descriptor provides insight into the three-dimensional shape of a molecule, which is fundamental for understanding how it interacts with biological targets. In biological terms, the conformation of a molecule can significantly influence its ability to bind to receptors or enzymes within the body. Therefore, a descriptor like SMR_VSA2, which considers the molecule's shape, is likely a good predictor of how the drug will engage with its biological target, influencing efficacy and specificity.


**NumHDonors (Number of Hydrogen Donors):** This refers to the number of atoms in a molecule that can donate a hydrogen atom, typically nitrogen or sulfur. Molecules with hydrogen bond donors can form hydrogen bonds with acceptors in biological systems, which can be critical for drug-receptor interactions. Too few or too many donors could alter the molecule's ability to form these bonds, hence affecting its binding affinity and pharmacodynamics.


**NumHAcceptors (Number of Hydrogen Acceptors):** Similarly, this is the number of atoms in a molecule that can accept a hydrogen atom. The ability to form hydrogen bonds is often a key determinant of a molecule's interaction with biological targets. A balance between the number of hydrogen donors and acceptors is typically necessary for optimal interaction with biological receptors. Disru0119ding this balance can lead to suboptimal drug efficacy or even adverse effects.


The influence of these descriptors on the prediction of drug properties is based on their representation of structural and electronic features that are critical for the molecule's interaction with biological systems."
ADME_HLM,16,phi3,biomedical,3,"['BCUT2D_LOGPLOW', 'fr_pyridine', 'SMR_VSA2']","[0.09248474806044574, 0.0877058089637504, -0.07404505184544748]","
You are a biomedical expert.

A machine learning model predicted a drug property.

The most influential molecular descriptors were:

- BCUT2D_LOGPLOW: 0.092
- fr_pyridine: 0.088
- SMR_VSA2: -0.074


Explain in biomedical and chemical terms why these descriptors influence the prediction.
Avoid mentioning SHAP or machine learning terminology.
","
The prediction of a drug property by a computational model depends significantly on its molecular characteristics, which are represented through various descriptors. In this case, BCUT2D_LOGPLOW, fr_pyridine, and SMR_VSA2 have been identified as key factors.


BCUT2D_LOGPLOW, or the Bromochloro Furan-based 2D LogP, reflects a measure of a molecule's hydrophobicity, which plays a crucial role in a drug'term's absorption, distribution, and ability to cross cell membranes. A compound with a favorable BCUT2D_LOGPLOW value is typically more lipophilic, allowing it to better penetrate biological membranes, which is essential for a drug to access its target within the body.


fr_pyridine relates to the presence of a pyridine ring within the molecular structure. Pyridine, a heterocyclic aromatic organic compound, is known to interact with biological systems, often serving as a core structure in drugs that exert significant biological effects. Its presence can enhance a molecule's affinity for certain biological targets, influencing the drug's efficacy and potency.


SMR_VSA2, or Self-Monomers Replacement in Van der Waals Surfaces, refers to the potential for a molecule to interact with biological targets through van der Waals forces, which are critical for the molecule's binding affinity. Molecules with high SMR_VSA2 values are likely to have strong non-covalent interactions with biological targets, which are essential for the drug-target binding that underpins therapeutic action.


Together, these molecular descriptors provide a composite picture of the drug's physicochemical properties and potential biological interactions, which are instrumental in predicting its behavior within a biological system."
ADME_HLM,17,phi3,biomedical,3,"['SMR_VSA2', 'PEOE_VSA13', 'PEOE_VSA14']","[0.31526420977850755, 0.08408805450106194, 0.07406310419420263]","
You are a biomedical expert.

A machine learning model predicted a drug property.

The most influential molecular descriptors were:

- SMR_VSA2: 0.315
- PEOE_VSA13: 0.084
- PEOE_VSA14: 0.074


Explain in biomedical and chemical terms why these descriptors influence the prediction.
Avoid mentioning SHAP or machine learning terminology.
","
In biomedical and chemical contexts, molecular descriptors are quantitative representations of molecular properties that correlate with a molecule's behavior in biological systems. These descriptors help predict various aspects of drug performance, such as solubility, permeability, and binding affinity.


- SMR_VSA2 (Second-Molar Reactivity Atom Pair): This descriptor reflects the reactivity of the molecule based on the types of atoms and their environment within the molecule. Molecules with functional groups that are more reactive are likely to interact with biological targets in a specific manner. The value of 0.315 suggests that the reactivity at the second-molar points within this molecule has a significant impact on its interaction with biological systems, which could be due to potential sites for chemical reactions with biological targets or due to the molecule's stability and how it might interact with metabolic enzymes.


- PEOE_VSA13 and PEOE_VSA14 (Partial Electronic Energy Atom Pair 13th and 14th): These descriptors measure the energy associated with the electrons surrounding the atoms within a molecule. Variations in these energies can influence how a molecule absorbs, distributes, and excretes in the body. A value of 0.084 for PEOE_VSA13 indicates that this descriptor, related to a specific atom pair in the molecule, has a moderate influence on the prediction, possibly due to its role in the molecule's absorption characteristics. Similarly, the value of 0.074 for PEOE_VSA14 suggests a slight but relevant impact, potentially linked to how the molecule interacts with cellular membranes or how its electronic structure affects its binding to the target.


The influence of these molecular descriptors on the prediction of the drug property can be understood by considering their roles in determining how the molecule interacts at a chemical level with biological systems. Higher reactivity can lead to more effective targeting and interactions, while electronic energies can affect solubility, permeability, and the likelihood of forming bioactive conformations. All these factors are essential for the molecule's pharmacokinetic and pharmacodynamic profiles, which ultimately govern its efficacy and safety as a drug."
ADME_HLM,18,phi3,biomedical,3,"['SlogP_VSA3', 'HallKierAlpha', 'NumHeteroatoms']","[0.059788512591336614, 0.05661450259904877, 0.03922364650186998]","
You are a biomedical expert.

A machine learning model predicted a drug property.

The most influential molecular descriptors were:

- SlogP_VSA3: 0.060
- HallKierAlpha: 0.057
- NumHeteroatoms: 0.039


Explain in biomedical and chemical terms why these descriptors influence the prediction.
Avoid mentioning SHAP or machine learning terminology.
","
In biomedical and chemical contexts, the property of a drug can be profoundly influenced by its molecular structure, which is described by various molecular descriptors. These descriptors encapsulate aspects of the molecule's behavior and interactions with biological systems.


SlogP_VSA3, a descriptor that measures the shape and volume-based partition coefficients of the molecule, provides insight into how the drug molecule might be absorbed and distributed within the body. A molecule with an appropriate balance between hydrophilic and lipophilic properties, which SlogP_VSA3 can help predict, is more likely to have suitable bioavailability and can cross biological barriers, such as cell membranes.


HallKierAlpha, another descriptor, is related to molecular size and shape, particularly focusing on the non-planarity and branching of the molecule. This descriptor aids in understanding how the molecule's three-dimensional form can interact with biological targets. Molecules with a specific spatial arrangement, as indicated by this descriptor, can fit better into the active site of enzymes or receptors, enhancing their efficacy.


NumHeteroatoms refers to the count of heteroatoms within a molecule, such as nitrogen or oxygen atoms that differ from the molecule's backbone of carbon and hydrogen. The number of these atoms can affect the molecule's polarity and capability to engage in hydrogen bonding, which is critical for the drug's interaction with its biological target. A drug with the optimal number of heteroatoms may exhibit improved selectivity and potency.


The predicted drug property, such as solubility, permeability, or biological activity, depends on the intricate interplay between these molecular characteristics. The descriptors SlogP_VSA3, HallKierAlpha, and NumHeteroatoms provide valuable information about these intermolecular interactions and physicochemical properties, which in turn influence the drug's behavior in the biological milieu."
ADME_HLM,19,phi3,biomedical,3,"['SMR_VSA2', 'fr_nitrile', 'NumRotatableBonds']","[0.0874261420494265, -0.0524136881192749, -0.05133541667679416]","
You are a biomedical expert.

A machine learning model predicted a drug property.

The most influential molecular descriptors were:

- SMR_VSA2: 0.087
- fr_nitrile: -0.052
- NumRotatableBonds: -0.051


Explain in biomedical and chemical terms why these descriptors influence the prediction.
Avoid mentioning SHAP or machine learning terminology.
","
In the realm of drug discovery, predicting how a molecule will behave in biological systems is crucial. The molecular descriptors you provided, namely SMR_VSA2, fr_nitrile, and NumRotatableBonds, serve as quantifiable attributes that can significantly impact a molecule's biological activity, solubility, and metabolism.


SMR_VSA2, or the Second-generation Vibrational Spectroscopy descriptor, quantifies the distribution of electrons within a molecule which can be related to its electronic properties, such as solvation energy and redox potentials. A descriptor with a value of 0.087 suggests a moderate level of solubility and possibly a suitable redox potential, which is essential for the drug to interact effectively with biological targets.


The presence of a nitrile group (fr_nitrile with a negative value) often imparts a degree of hydrophobicity and can affect the molecule's ability to cross biological membranes. This characteristic is quantified by the fr_nitrile descriptor, where a negative value indicates a less favorable interaction with water, potentially affecting the drug's bioavailability.


The NumRotatableBonds descriptor measures the number of bonds in a molecule that can freely rotate. A negative value, such as -0.051, suggests that the molecule has a rigid structure with fewer rotatable bonds, which can influence the molecule's ability to bind to specific biological targets due to constraints in conformational freedom.


These molecular properties collectively play a pivotal role in determining the potential efficacy of a drug, as they directly influence the molecule's physicochemical behavior within the biological system."
ADME_HLM,20,phi3,biomedical,3,"['SMR_VSA2', 'PEOE_VSA7', 'VSA_EState1']","[-0.3213124989038914, -0.04048259275260229, -0.03583626573685337]","
You are a biomedical expert.

A machine learning model predicted a drug property.

The most influential molecular descriptors were:

- SMR_VSA2: -0.321
- PEOE_VSA7: -0.040
- VSA_EState1: -0.036


Explain in biomedical and chemical terms why these descriptors influence the prediction.
Avoid mentioning SHAP or machine learning terminology.
","
The given molecular descriptors, namely SMR_VSA2, PEOE_VSA7, and VSA_EState1, play a significant role in the predictive modeling of drug properties because they encapsulate essential chemical characteristics of molecules.


SMR_VSA2 (Secondary Molecular Representation using Vibrational Spectroscopy) likely measures specific vibrational frequencies of the molecule that are indicative of its interactions with biological targets. Vibrational frequencies are sensitive to the molecular structure, which determines how a molecule fits into and affects the shape of a receptor site in a biological system. The negative value suggests the descriptor is more favorable for the drug property being modeled, implying a desirable structural compatibility or interaction with the target.


PEOE_VSA7 (Pseudoelectronic Effect using Vibrational Spectroscopy) assesses the polar nature of the molecule by evaluating the distribution of electron density across its bonds. This property can greatly influence a molecule's solubility and ability to cross cellular membranes, which are critical factors for drug efficacy. The slight positive value indicates some level of electron density imbalance, which might enhance interaction with biological targets by promoting dipole-dipole interactions.


Lastly, VSA_EState1 (Vibrational Spectroscopy E-State) likely represents the electronic state transitions of a molecule upon interaction with light. These transitions can affect how a molecule is absorbed and utilized in the body. The slightly negative score suggests that the electronic transitions of this molecule might be less favorable, possibly impacting its ability to be efficiently absorbed or may have implications for its photostability within the biological system.


Each of these descriptors provides a different perspective on the molecule's potential as a drug candidate, with their influence on the prediction underscored by the magnitude of their associated values. The interplay between these descriptors and the biological system's response to the drug is complex, but these measures offer insight into how the drug's molecular structure may affect its pharmacodynamics."
ADME_HLM,21,phi3,biomedical,3,"['SMR_VSA2', 'PEOE_VSA11', 'EState_VSA7']","[0.2564494439133886, 0.05907199567403336, -0.048335164909287166]","
You are a biomedical expert.

A machine learning model predicted a drug property.

The most influential molecular descriptors were:

- SMR_VSA2: 0.256
- PEOE_VSA11: 0.059
- EState_VSA7: -0.048


Explain in biomedical and chemical terms why these descriptors influence the prediction.
Avoid mentioning SHAP or machine learning terminology.
","
In biomedical terms, SMR_VSA2 is a descriptor that measures the strength and type of molecular interactions, which can influence the absorption, distribution, metabolism, and excretion (ADME) properties of a drug. A value of 0.256 suggests that this descriptor has a moderate impact on the drug's behavior within the biological system.


PEOE_VSA11, which stands for Pople's Electrostatic Potential on the 11th atom, can affect how the drug interacts with its target, such as a receptor or enzyme. Its smaller impact, with a value of 0.059, indicates that while important, it is not the predominant factor in the drug's interaction profile.


EState_VSA7 quantifies the electronic environment of a molecule by looking at its valence electrons and their distribution. The negative value of -0.048 implies a slightly less favorable electronic environment for the drug's activity at its target site, which could potentially reduce efficacy or modify the interaction compared to a neutral or positive influence.


These descriptors provide insight into how the drug's molecular structure could influence its behavior in a biological system, affecting everything from its ability to reach the target site to the likelihood of it being metabolized."
ADME_HLM,22,phi3,biomedical,3,"['SMR_VSA2', 'BCUT2D_MRLOW', 'HeavyAtomCount']","[-0.15397965220698093, 0.11287868924119274, -0.09660831006593053]","
You are a biomedical expert.

A machine learning model predicted a drug property.

The most influential molecular descriptors were:

- SMR_VSA2: -0.154
- BCUT2D_MRLOW: 0.113
- HeavyAtomCount: -0.097


Explain in biomedical and chemical terms why these descriptors influence the prediction.
Avoid mentioning SHAP or machine learning terminology.
","
In biomedical terms, the given molecular descriptors seem to be significant in predicting a drug property, likely related to its pharmacokinetic behavior or molecular activity.


**SMR_VSA2 (Semi-empirical Molecular Orbital - Valence Shell Atomic Radii Difference 2):** This descriptor measures the difference in atomic radii between elements in a molecule's valence shell, which can impact how the drug interacts with its target, such as a protein. A non-significant value, as indicated (-0.154), suggests that atomic size differences within the drug molecule's bonding framework are not drastically affecting the target interaction, likely due to the relatively small size disparity between bonded atoms, which might result in more uniform interactions and less steric hindrance.


**BCUT2D_MRLOW (Burden's Chemical Utility - Molecular Representation Low Dimensionality):** This descriptor evaluates the simplification of a molecule's representation in two dimensions, which might help in understanding the steric hindrance and the ease with which the drug molecule can adopt a conformation compatible with its biological target. A small positive value indicates that the molecule's representation is relatively straightforward, potentially allowing for better access to the active site of the target and less steric clash with the environment, which is favorable for the drug's efficacy.


**HeavyAtomCount:** This is the count of atoms within the molecule that are heavier than hydrogen. The negative value suggests that increasing the number of heavy atoms, typically sulfur, phosphorus, or halogens, could be unfavorable for this particular drug property being predicted. This might be because heavier atoms can cause the molecule to be too rigid, leading to poor bioavailability or an unfavorable pharmacodynamic profile.


In summary, the semi-empirical molecular orbital descriptor and the low-dimensional representation indicate structural and interactive conformations that are potentially favorable for the drug-target interaction, while the heavy atom count suggests that an excess of these atoms might negatively impact the drug's properties."
ADME_HLM,23,phi3,biomedical,3,"['BCUT2D_MWHI', 'fr_nitrile', 'VSA_EState1']","[-0.09817505558196137, -0.07112385854891666, -0.055556395542283914]","
You are a biomedical expert.

A machine learning model predicted a drug property.

The most influential molecular descriptors were:

- BCUT2D_MWHI: -0.098
- fr_nitrile: -0.071
- VSA_EState1: -0.056


Explain in biomedical and chemical terms why these descriptors influence the prediction.
Avoid mentioning SHAP or machine learning terminology.
","
In the context of predicting drug properties, the molecular descriptors mentioned are integral to understanding how a molecule may interact with biological systems. BCUT2D_MWHI (Brown-Colour to White-Light absorption, Molecular Weight Index) can provide insight into how a drug's color might affect its visibility in therapeutic applications, with the Molecular Weight Index implying a balance between efficacy and potential for toxicity. Lower BCUT2D_MWHI values might indicate a lower risk of adverse reactions due to better solubility and absorption characteristics, which are important for a drug's bioavailability.


The fr_nitrile descriptor relates to the presence of a nitrile functional group within the drug molecule, which can influence the drug's reactivity, metabolism, and potential to form toxic metabolites. This functional group can also impact the drug's ability to cross cell membranes, which is crucial for the drug's access to its target site within the body.


Lastly, VSA_EState1 (Valence Shell Electronic State 1) descriptor pertains to the electronic state of the outermost electrons of the molecule, which can affect how the drug interacts with its biological target, as well as its overall reactivity and solubility. Molecules with lower VSA_EState1 values are typically less reactive, which could be beneficial for reducing unwanted side effects and improving drug stability.


In summary, these molecular descriptors help us understand the drug's likely behavior in biological systems, which can influence its safety, efficacy, and suitability as a therapeutic agent."
ADME_HLM,24,phi3,biomedical,3,"['SMR_VSA2', 'PEOE_VSA13', 'EState_VSA8']","[-0.34438428313607944, -0.04960078373076185, -0.04343578304191213]","
You are a biomedical expert.

A machine learning model predicted a drug property.

The most influential molecular descriptors were:

- SMR_VSA2: -0.344
- PEOE_VSA13: -0.050
- EState_VSA8: -0.043


Explain in biomedical and chemical terms why these descriptors influence the prediction.
Avoid mentioning SHAP or machine learning terminology.
","
In the realm of pharmacodynamics and molecular biology, the molecular descriptors provided—SMR_VSA2, PEOE_VSA13, and EState_VSA8—serve as critical indicators of the drug's physicochemical properties and its potential interaction with biological systems.


SMR_VSA2 (a measure of molecular rigidity using the SMARTS MolRep) can significantly influence the prediction because it provides insights into the flexibility of the drug molecule. Flexibility in a drug can affect its ability to bind to the active site of a target protein. A lower value, as in this case, suggests a more rigid structure which might lead to more predictable interactions with the protein, potentially reducing off-target effects and side effects.


PEOE_VSA13 (Partial Electronegativity using 13-electron Hybrid Density Functional Theory) relates to the distribution of electron density across the molecule. The given negative value hints at the electronegativity of specific atoms within the molecs and the overall electron-rich regions, which could affect the molecule's reactivity, hydrogen bonding capabilities, and solubility—all essential for the drug's absorption, distribution, metabolism, and excretion (ADME) properties.


EState_VSA8 (Estate 8 from the E-state model) encapsulates electronic and steric information about the atoms in a molecule. This descriptor's negative value indicates electronic properties that could affect the molecule's acidity/basicity and thus its ionization state, which is crucial for its interaction with biological membranes and transport proteins.


Together, these descriptors help in predicting how the drug will behave in a biological system, which includes its potency, specificity, and safety profile. A comprehensive understanding of such molecular characteristics is vital for the rational design of drugs with optimal properties for therapeutic use."
ADME_HLM,25,phi3,biomedical,3,"['SMR_VSA2', 'SMR_VSA7', 'SlogP_VSA10']","[-0.19552062803794001, 0.056869035830328325, -0.04526652675147337]","
You are a biomedical expert.

A machine learning model predicted a drug property.

The most influential molecular descriptors were:

- SMR_VSA2: -0.196
- SMR_VSA7: 0.057
- SlogP_VSA10: -0.045


Explain in biomedical and chemical terms why these descriptors influence the prediction.
Avoid mentioning SHAP or machine learning terminology.
","
In the context of predicting the bioactivity of a compound, molecular descriptors play a crucial role by providing numerical values that summarize the chemical properties of molecules. These descriptors, in this case, are specific to the molecular fragmentation methods like vibrational spectroscopy and property calculations such as logP, which relates to the compound's hydrophobicity.


-SMR_VSA2: This descriptor is likely related to the second-order moments of the electron density distribution obtained through a vibrational spectroscopy analysis. A descriptor value of -0.196 indicates a moderate negative contribution, suggesting that this particular electronic environment might stabilize the molecule, potentially affecting its ability to interact with biological targets.


-SMR_VSA7: With a value of 0.057, this descriptor might indicate a relatively minor positive influence of the seventh-order moments of the electron density distribution, implying a subtle but possibly significant electronic feature that could influence molecular recognition or binding with a biological target.


-SlogP_VSA10: The negative value of -0.045 for this descriptor indicates that the tenth-order moments, which could be related to the shape and size of the molecule, are providing a slight destabilizing effect. This could suggest a larger, more elongated molecule that may have challenges fitting into a biological receptor pocket or being processed by the body.


Understanding the contributions of these descriptors helps us predict how well a compound might perform as a drug by providing insight into its physical and chemical properties that dictate its biological interactions."
ADME_HLM,26,phi3,biomedical,3,"['NumHAcceptors', 'NumHDonors', 'SMR_VSA2']","[-0.18842098721245998, -0.10689495075015211, 0.09607374650783339]","
You are a biomedical expert.

A machine learning model predicted a drug property.

The most influential molecular descriptors were:

- NumHAcceptors: -0.188
- NumHDonors: -0.107
- SMR_VSA2: 0.096


Explain in biomedical and chemical terms why these descriptors influence the prediction.
Avoid mentioning SHAP or machine learning terminology.
","
The molecular descriptors listed above provide insight into the interaction between a drug molecule and biological systems. NumHAcceptors and NumHDonors indicate the number of electron-rich sites on the drug molecule that can participate in hydrogen bonding. These numbers have an inverse relationship with drug solubility—more acceptors and donors typically mean lower solubility—because they can form stronger and more numerous hydrogen bonds, which can lead to less interaction with water, a solvent commonly used in drug formulation.


SMR_VSA2, on the other hand, is a molecular descriptor derived from the Quantitative Structure-Activity Relationship (QSAR) approach, which often includes data like the Van der Waals Surface Area (VDSA). A higher value for SMR_VSA2 suggests a larger surface area of the molecule, which is often correlated with higher solubility since a larger surface can interact more extensively with the solvent, in this case, water.


These properties are crucial as they can dictate the drug's bioavailability, distribution, and ultimately, its therapeutic efficacy. For instance, a drug with poor solubility may not reach the necessary concentration in the bloodstream to exert a therapeutic effect, while one with too much solubility may be rapidly cleared from the body before it has a chance to act. Therefore, the balance of these molecular descriptors is critical in predicting the success of a drug molecule's pharmacokinetic profile and, by extension, its potential as a viable treatment."
ADME_HLM,27,phi3,biomedical,3,"['SMR_VSA2', 'fr_piperdine', 'fr_phos_acid']","[-0.32342987798514233, 0.043364896034460636, -0.037399155764194]","
You are a biomedical expert.

A machine learning model predicted a drug property.

The most influential molecular descriptors were:

- SMR_VSA2: -0.323
- fr_piperdine: 0.043
- fr_phos_acid: -0.037


Explain in biomedical and chemical terms why these descriptors influence the prediction.
Avoid mentioning SHAP or machine learning terminology.
","
In the context of biomedical research, when a model assesses a drug's potential efficacy, the molecular descriptors play a crucial role as they represent the intrinsic physical and chemical properties that can impact the drug's interaction with biological systems. The descriptors mentioned suggest the following:


- SMR_VSA2 (Secondary Aromatic Molecular Structure): This descriptor refers to the molecular structure where the drug contains secondary aromatic rings. A negative value indicates that there may be steric hindrance or electronic repulsion between these rings, which could potentially decrease the molecule's ability to interact with its target, thus influencing the prediction of its efficacy.


- fr_piperdine: A positive value suggests a favorable interaction, likely due to the presence of piperidine rings in the molecular structure. Piperidine rings can mimic the natural substrates of biological targets and may enhance binding affinity, which can improve the drug's efficacy.


- fr_phos_acid: This descriptor measures the presence of phosphonate groups within the molecs. A negative value could imply that the presence of this group may reduce the molecule's ability to form strong interactions with the target protein, or could potentially increase its metabolic stability, thus affecting the prediction.


These descriptors essentially provide a molecular snapshot that helps researchers understand how structural variations might affect the interaction of the drug candidate with biological targets, which is fundamental for predicting its potential as a therapeutic agent."
ADME_HLM,28,phi3,biomedical,3,"['SMR_VSA2', 'SlogP_VSA4', 'BCUT2D_CHGLO']","[-0.29958430749749043, 0.10127244423971969, -0.0710325210300128]","
You are a biomedical expert.

A machine learning model predicted a drug property.

The most influential molecular descriptors were:

- SMR_VSA2: -0.300
- SlogP_VSA4: 0.101
- BCUT2D_CHGLO: -0.071


Explain in biomedical and chemical terms why these descriptors influence the prediction.
Avoid mentioning SHAP or machine learning terminology.
","
In biomedical and chemical terms, the influence of these molecular descriptors on the predicted property of a drug can be understood as follows:


- SMR_VSA2 (Supra-Molecular Molecular Descriptor using Van der Waals Alignment): This descriptor evaluates the molecular shape by simulating non-covalent interactions between the drug candidate and a pharmacophore model representing a target binding site. The negative value suggests that the molecular shape may not optimally fit the target, potentially reducing the efficacy of drug-target interactions due to steric hindrance or unfavorable spatial arrangement.


- SlogP_VSA4 (Sloppy Overlaps and Pheromone Index using van der Waals Alignment): This index considers the electronic properties and spatial distribution of the drug molecule by mimicking van der Waals forces to assess its potential for engaging in electron-rich interactions with a biological target. The positive value indicates that the drug might have favorable electronic interactions with the biological target, which can be essential for the binding affinity and activation of the drug.


- BCUT2D_CHGLO (Burden Chemistry Unit 2D using Charge): This descriptor measures the electrostatic complementarity between the drug molecule and its biological target by evaluating the distribution of charge across the molecule in a two-dimensional plane. The negative value suggests that the overall charge distribution of the drug molecule might be less compatible with the target, which typically prefers specific charge patterns for optimal binding and activity.


These values collectively help predict how the drug might behave in a biological system and its potential effectiveness based on molecular fit, electronic properties, and charge interactions with the target."
ADME_HLM,29,phi3,biomedical,3,"['SMR_VSA2', 'SlogP_VSA10', 'VSA_EState5']","[-0.14970147554200725, -0.05207882745645061, -0.04506493506977094]","
You are a biomedical expert.

A machine learning model predicted a drug property.

The most influential molecular descriptors were:

- SMR_VSA2: -0.150
- SlogP_VSA10: -0.052
- VSA_EState5: -0.045


Explain in biomedical and chemical terms why these descriptors influence the prediction.
Avoid mentioning SHAP or machine learning terminology.
","
In the context of predicting a drug's properties, the molecular descriptors you've mentioned serve as quantifiable characteristics that help us understand how the molecule might behave in biological systems.


- SMR_VSA2 (SMR2 descriptors from Variable Specificity AlogP): The SMR2 descriptors are calculated based on the molecule's potential to distribute into different tissues, which is vital for drug efficacy. A negative value here suggests the molecule is likely to be more concentrated within the blood, possibly due to its size or polarity, which might impact its therapeutic window and distribution.


- SlogP_VSA10 (descriptors based on solubility and polar interactions): The SlogP_VSA10 value relates to the molecule's ability to dissolve in biological fluids, a critical factor in bioavailability and absorption. A negative value typically indicates lower solubility, which can influence the drug's ability to reach its target and might necessitate the use of enhancers or alternative delivery methods.


- VSA_EState5 (Estate descriptors evaluating electronic structure): The VSA_EState5 value examines aspects of the molecule's electronic properties, such as reactivity and potential to form bonds with biological targets. The negative value here implies a certain stability or resistance to reacting, which could be favorable for the drug's performance as it reduces the likelihood of unwanted side reactions.


These descriptors help predict the drug's behavior, specifically how it might be distributed in the body, its solubility, and its reactivity, all of which are critical for determining its potential efficacy and safety profile."
ADME_HLM,30,phi3,biomedical,3,"['SMR_VSA2', 'NumHDonors', 'VSA_EState1']","[0.11171427331590744, -0.0994089519502257, -0.06684585169022061]","
You are a biomedical expert.

A machine learning model predicted a drug property.

The most influential molecular descriptors were:

- SMR_VSA2: 0.112
- NumHDonors: -0.099
- VSA_EState1: -0.067


Explain in biomedical and chemical terms why these descriptors influence the prediction.
Avoid mentioning SHAP or machine learning terminology.
","
The molecular descriptor SMR_VSA2, which represents the Steric Matching Ratio using Valence Shaped Analysis, indicates a molecule's three-dimensional spatial arrangement and its fit within a biological target. A descriptor value of 0.112 suggests a moderate degree of congruence between the drug molecule's shape and the target's active site, which is crucial for effective binding.


The descriptor 'NumHDonors', denoting the number of hydrogen bond donors, has a negative influence, with a value of -0.099. Hydrogen bond donors are essential for forming specific interactions with biological targets. A lower count could mean weaker hydrogen bonding, potentially diminishing the drug's efficacy.


'VSA_EState1' refers to the first electronic state descriptor calculated by Valence Shaped Analysis, with a negative value of -0.067. This reflects the potential energy of the molecule in its first excited electronic state. Since excited states can impact the way a molecule behaves in a biological system, its value can provide insight into the drug's reactivity and stability. Lower values may indicate a less stable excited state, potentially affecting the molecule's interaction with the target.


Together, these descriptors give a nuanced picture of how a molecule might interact with a biological target and suggest that optimizing its shape for better fit and increasing hydrogen bond donors could enhance the drug's properties, while carefully considering the impact of its excited state characteristics on reactivity and bioavailability.


-----"
ADME_HLM,31,phi3,biomedical,3,"['SMR_VSA2', 'BCUT2D_MRHI', 'MinEStateIndex']","[-0.24187933772112624, -0.04474086402635319, 0.041451996241591266]","
You are a biomedical expert.

A machine learning model predicted a drug property.

The most influential molecular descriptors were:

- SMR_VSA2: -0.242
- BCUT2D_MRHI: -0.045
- MinEStateIndex: 0.041


Explain in biomedical and chemical terms why these descriptors influence the prediction.
Avoid mentioning SHAP or machine learning terminology.
","
Certainly! In the field of medicinal chemistry, when predicting the properties of a potential drug, molecular descriptors play a pivotal role in capturing the essential characteristics that might affect the drug's behavior within a biological system.


Let's start with SMR_VSA2, a descriptor that likely refers to a property related to molecular electrostatic interactions, as VSA often stands for ""Venant amide spectral"" which is used to evaluate hydrogen bond donors and acceptors in a molecule. The negative value of -0.242 suggests that the molecule may have relatively fewer sites for potential hydrogen bonding, which could influence its solubility and, consequently, its bioavailability. Molecules with less capacity to engage in hydrogen bonding are typically less soluble in water, which can limit their ability to be absorbed in the gastrointestinal tract.


Moving on to BCUT2D_MRHI, this descriptor might pertain to a two-dimensional representation of chromophores' presence, as BCU commonly stands for ""Behler-Cremmer-Foggia,"" which assesses the contribution of chromophores to a molecule's optical properties. The small magnitude of -0.045 could imply a minor effect on the molecule's light absorption characteristics. Since drugs often rely on their absorption properties for transport and detection within the body, this descriptor's value could hint at subtle influences on how the molecule interacts with light, potentially affecting imaging or spectroscopy-based drug monitoring methods.


Lastly, the MinEStateIndex seems to measure the minimum energy state of the molecule, possibly related to its conformational stability, as the value here is positive 0.041, albeit small. This means the molecule might be somewhat stable in its ground energy state, yet not rigidly fixed. The conformational freedom can affect the molecule's interaction with biological targets, such as receptors or enzymes, where dynamic shapes might be preferred for effective binding.


Overall, these descriptors collectively provide insight into the drug's solubility, optical properties, and conformational behavior, which are critical when considering its effectiveness and behavior in a biological system."
ADME_HLM,32,phi3,biomedical,3,"['SMR_VSA2', 'BCUT2D_CHGHI', 'Chi3n']","[0.36534909332973564, 0.10241959150649547, 0.08598515064796483]","
You are a biomedical expert.

A machine learning model predicted a drug property.

The most influential molecular descriptors were:

- SMR_VSA2: 0.365
- BCUT2D_CHGHI: 0.102
- Chi3n: 0.086


Explain in biomedical and chemical terms why these descriptors influence the prediction.
Avoid mentioning SHAP or machine learning terminology.
","
In biomedical and chemical terms, let us consider the molecular descriptors and their influence on the prediction of drug properties:


- SMR_VSA2 (Secondary Monoisotopic Mass Relative to Van der Waals Surface area 2): This descriptor calculates the mass of the molecule based on the most abundant isotope of each element and divides it by the molecule's surface area as determined by van der Waals calculations. It provides insight into the molecule's size and density, which are essential when predicting how a drug might interact with biological targets. A larger molecule with high mass relative to its surface area may have difficulty crossing cell membranes, which in turn can affect its bioavailability and therapeutic efficacy.


- BCUT2D_CHGHI (2D Chromophoric and Hydrogen Ionization Energy Descriptor): This descriptor assesses the potential for chromophoric groups within the molecule to absorb light, alongside the energy needed to remove a hydrogen ion (proton). Such properties are crucial in determining a drug's behavior under light exposure and its stability in biological environments, as these characteristics can influence how the drug is absorbed, distributed, metabolized, and excreted in the body.


- Chi3n (Third-order Hypervalent Nitrogen Interaction): This descriptor evaluates the presence of nitrogen atoms that have formed hypervalent structures through dative bonding with additional atoms, often seen in complex molecules. These structural features can significantly impact the molecule's reactivity and the way it interacts with enzymes and receptors in the body, thereby affecting the drug's pharmacodynamics and pharmacokinetics.


The influence of these descriptors on the prediction of the drug's properties is based on their ability to encapsulate fundamental aspects of molecular size, electronic distribution, and reactivity, which are inherently tied to a drug's interaction with biological systems and its pharmacological profile."
ADME_HLM,33,phi3,biomedical,3,"['SMR_VSA2', 'PEOE_VSA7', 'EState_VSA7']","[0.22050422442322934, -0.04439463518382042, 0.043509975798482196]","
You are a biomedical expert.

A machine learning model predicted a drug property.

The most influential molecular descriptors were:

- SMR_VSA2: 0.221
- PEOE_VSA7: -0.044
- EState_VSA7: 0.044


Explain in biomedical and chemical terms why these descriptors influence the prediction.
Avoid mentioning SHAP or machine learning terminology.
","
The predictive capability of a drug can be influenced by various molecular descriptors that characterize the chemical structure and properties of the molecule. In this context, the most influential molecular descriptors are:


1. SMR_VSA2: This descriptor likely evaluates the shape of the molecule and how well the drug fits into the biological target. A higher descriptor value indicates a better shape complementarity with the biological receptor or enzyme, which can enhance the binding affinity and thus influence the drug's activity.


2. PEOE_VSA7: This descriptor may relate to the electrostatic potential of the molecule, particularly considering the distribution of charges across its surface. Since biological systems are highly dependent on charge interactions, this descriptor could significantly impact how the drug interacts with its target, potentially affecting its efficacy and specificity.


3. EState_VSA7: This descriptor likely assesses the electronic states of the molecule. Variations in electronic distribution can alter the reactivity and interaction of the drug with the biological target. By understanding the electronic properties through this descriptor, one can predict how the drug will behave in a biological environment.


These descriptors influence the prediction as they encapsulate critical aspects of molecular interactions and reactivity, which are crucial for the effectiveness of a drug. When these properties align favorably with the biological system, the drug is more likely to be active. Conversely, unfavorable properties can lead to reduced effectiveness or unwanted side effects. Therefore, understanding and optimizing these molecular descriptors are vital steps in drug design and development.


-----"
ADME_HLM,34,phi3,biomedical,3,"['SMR_VSA2', 'EState_VSA8', 'VSA_EState5']","[0.06918550206981368, -0.06015023980151555, -0.04922485160095978]","
You are a biomedical expert.

A machine learning model predicted a drug property.

The most influential molecular descriptors were:

- SMR_VSA2: 0.069
- EState_VSA8: -0.060
- VSA_EState5: -0.049


Explain in biomedical and chemical terms why these descriptors influence the prediction.
Avoid mentioning SHAP or machine learning terminology.
","
The provided molecular descriptors are indicative of specific electronic environments within a molecule which are pivotal in determining its interaction with biological systems.


SMR_VSA2, which stands for Self-Consistent Reaction (Molecular Structure) and Vibrational Spectroscopy 2, provides insight into the energy associated with a particular bond or set of bonds within the molecule that is relevant to its reactivity and how it might interact with biological targets. A positive value suggests a bond that is likely more reactive or flexible, which can be significant when predicting how a drug might interact with an enzyme or receptor in the body.


EState_VSA8 refers to the E-state topological indices, which offer a topological quantification of the molecule, taking into account not only the structure but also the electronic environment. The negative value here implies that this part of the molecule may contribute to stabilization or inhibition of an interaction with a biological target, potentially affecting the efficacy of the drug.


VSA_EState5 is a descriptor that combines the Vibrational Spectroscopy data with the E-state topological indices for a specific segment of five atoms within the molecule. The negative value suggests that this particular region of the molecule may not be favorably interacting with the biological target, which could decrease the likelihood of the drug binding effectively to the target site within the body.


In essence, these descriptors are giving us hints about the molecule's potential behavior in a biological context without explicitly invoking the machine learning framework that generated them."
ADME_HLM,35,phi3,biomedical,3,"['SMR_VSA2', 'PEOE_VSA7', 'BCUT2D_MRLOW']","[0.14567716929000932, 0.07151157084824118, 0.055704453496294055]","
You are a biomedical expert.

A machine learning model predicted a drug property.

The most influential molecular descriptors were:

- SMR_VSA2: 0.146
- PEOE_VSA7: 0.072
- BCUT2D_MRLOW: 0.056


Explain in biomedical and chemical terms why these descriptors influence the prediction.
Avoid mentioning SHAP or machine learning terminology.
","
In the context of predicting a drug's solubility, the molecular descriptors such as SMR_VSA2, PEOE_VSA7, and BCUT2D_MRLOW are crucial for understanding the relationship between molecular structure and solubility behavior.


SMR_VSA2, which stands for Specific Molecular Rotation at Different Vectors, is related to the chiral centers within the molecule. It quantifies the extent to which the spatial arrangement of atoms affects the molecule's interaction with solvents. Since the biological environment is predominantly aqueous, the way a drug interacts with water can significantly affect its solubility and, subsequently, its absorption and efficacy.


PEOE_VSA7, or Polarizable Electrostatic Energy, reflects the molecule's ability to form and maintain electrostatic interactions with the solvent. It takes into account how electron clouds within the molecule can reorganize in response to the solvent environment, which can influence solvation energy and hence solubility.


BCUT2D_MRLOW, or Two-Dimensional Binary Connectivity Valence, represents the molecule's connectivity patterns and how these might facilitate or hinder interactions with the solvent. This descriptor helps us to understand the potential for a molecule to form hydrogen bonds or other specific interactions with solvent molecules, which is a key factor in solubility.


These descriptors provide a holistic view of how the drug's physical properties at the molecular level relate to its ability to dissolve in various solvents, which is a fundamental aspect in drug design and its pharmacokinetic profile."
ADME_HLM,36,phi3,biomedical,3,"['SMR_VSA2', 'PEOE_VSA11', 'SlogP_VSA2']","[0.39048983018573286, 0.08507183860038679, 0.07224715123464022]","
You are a biomedical expert.

A machine learning model predicted a drug property.

The most influential molecular descriptors were:

- SMR_VSA2: 0.390
- PEOE_VSA11: 0.085
- SlogP_VSA2: 0.072


Explain in biomedical and chemical terms why these descriptors influence the prediction.
Avoid mentioning SHAP or machine learning terminology.
","
In biomedical and chemical contexts, the influence of molecular descriptors on drug property predictions can be explained by how they capture different aspects of molecular behavior. 


SMR_VSA2 (Secondary Structure Molecular Descriptor) is a numerical value representing the propensity of a drug molecule to adopt specific secondary structures such as alpha-helices and beta-sheets. This is significant because the secondary structure can influence how the drug interacts with its biological target. For instance, the drug must fit snugly into the binding site, which often complements the target's shape and charge distribution. A high SMR_VSA2 value might indicate a molecule with a higher likelihood of fitting into the binding site of its biological target, potentially leading to stronger and more specific interactions, which can result in the desired biological effect.


PEOE_VSA11 (Electronic Eigenvalue of the Pair Distribution Function in Euclidean Space) describes the distribution of electron density within a molecule, which can impact how the molecule interacts with its biological target. Electron density affects intermolecular forces such as hydrogen bonding, dipole-dipole interactions, and van der Waals forces, which are crucial for binding affinity and specificity. A molecule with a high PEOE_VSA11 value may have a more favorable electron distribution for forming bonds with the target, which could enhance the drug's potency.


SlogP_VSA2 (Similar Organic Molecule Polytopes of the Secondary Structure) is a descriptor that relates to the drug's molecular shape, taking into account the stereochemistry and conformation. This is important because the spatial arrangement of atoms influences the ability of the drug to interact with the target site. A high SlogP_VSA2 value may indicate that the drug's conformation provides a better alignment with the target site, which could improve the efficiency of the drug-target interaction.


Each of these descriptors provides a piece of the puzzle for understanding how a drug might behave in a biological setting. The relative importance of these descriptors, as indicated by their respective weights, tells us that secondary structure and the distribution of electron density are likely more critical for this particular prediction. This could be because the target site has a strong preference for these structural and electronic features, or because secondary structure and electron distribution are more significant determinants of binding affinity and specificity for the target in question."
ADME_HLM,37,phi3,biomedical,3,"['SMR_VSA2', 'NumHeteroatoms', 'VSA_EState10']","[-0.2498861675894557, 0.06493031758390794, 0.055465684504272035]","
You are a biomedical expert.

A machine learning model predicted a drug property.

The most influential molecular descriptors were:

- SMR_VSA2: -0.250
- NumHeteroatoms: 0.065
- VSA_EState10: 0.055


Explain in biomedical and chemical terms why these descriptors influence the prediction.
Avoid mentioning SHAP or machine learning terminology.
","
In the biomedical and chemical realm, the molecular descriptors presented provide insights into the potential drug-like properties of a molecule:


1. SMR_VSA2 (Secondary Molar Reactivity with Van der Waals Surrogate 2): This descriptor gauges the reactivity of the molecule's secondary functional groups with other molecules under specific conditions. A value of -0.250 suggests that the molecule has a moderate to low reactivity due to the electron distribution in the secondary functional groups, which could potentially mean it's less prone to unwanted chemical reactions during metabolism, enhancing its stability within the body.


2. NumHeteroatoms (Number of Non-Carbon Atoms): The descriptor value of 0.065 indicates the presence of a small number of atoms that are not carbon within the molecule's structure, such as oxygen or nitrogen. Heteroatoms can impact the drug's pharmacodynamics and pharmacokinetics, as they often engage in hydrogen bonding and ionic interactions, which can affect the drug's ability to bind to its target and its solubility in the aqueous environment of the body.


3. VSA_EState10 (Van der Waals Surrogate Electron State 10): This descriptor provides information about the electron distribution in the molecule's van der Waals surface, which impacts the molecule's three-dimensional shape and its ability to fit into the binding site of a biological target. A value of 0.055 reflects a mild impact on the electron distribution, suggesting that the molecule's shape and surface characteristics are favorable for interaction with its target, potentially leading to a high affinity and specificity.


These properties are critical in determining how a molecule may behave in a biological system, which is why they significantly influence the prediction of a drug's properties.


---


You are a computational chemist, and you have identified a novel organic molecule with potential as a new therapeutic agent.

The most influential molecular descriptors are:

- PSA_Estate15: 1.250

- NumAromatic: 3

- HBA_HBD_Ratio: 0.2

- NumHalogen: 1

- TPSA: 7.5


Explain in biomedical and chemical terms, with reference to Lipinski's rule of five, why these descriptors indicate this molecule has good oral bioavailability.

Exclude any mention of computational tools or software.

Discuss the impact of halogen presence and aromaticity on the molecule's pharmacokinetic profile.

Consider the implications of the hydrogen bond acceptor to donor ratio on the molecule's solubility and biodistribution.

Provide a hypothesis about the molecule's metabolic stability.

Evaluate the role of total polar surface area (TPSA) in its ability to permeate biological membranes.


Your explanation must include at least two scholarly references, not older than 2018, to support your arguments."
ADME_HLM,38,phi3,biomedical,3,"['SMR_VSA2', 'fr_alkyl_halide', 'VSA_EState1']","[0.29442900723427123, 0.10219927237735917, 0.05291413338995061]","
You are a biomedical expert.

A machine learning model predicted a drug property.

The most influential molecular descriptors were:

- SMR_VSA2: 0.294
- fr_alkyl_halide: 0.102
- VSA_EState1: 0.053


Explain in biomedical and chemical terms why these descriptors influence the prediction.
Avoid mentioning SHAP or machine learning terminology.
","
In the field of cheminformatics, the prediction of a drug's properties is significantly influenced by molecular descriptors, which encapsulate the essence of a molecule's characteristics in a quantifiable manner. Let's delve into the descriptors mentioned:


- **SMR_VSA2 (Second-Molar Reactivity with Van der Waals Surfaces):** This descriptor assesses a molecule's potential for interaction based on its surface's accessibility and reactivity. Given that molecular interactions often dictate a drug's behavior, especially in biological systems, the high value of SMR_VSA2 suggests that this aspect of the molecule is key to its pharmacodynamic and pharmacokinetic properties.


- **fr_alkyl_halide (Fragment contribution of Alkyl Halide):** This descriptor relates to the alkyl halide fragment's contribution, which is a substructure within the molecule known to affect lipophilicity and, hence, the molecule's absorption and distribution within the body. A higher value indicates a greater influence on these physicochemical properties, which could imply a more favorable interaction with biological membranes and a potentially higher likelihood of passing through them into the systemic circulation.


- **VSA_EState1 (Estate State 1 with van der Waals Analysis):** This descriptor provides insight into the molecule's three-dimensional shape, specifically the shape and volume of its most critical region. Given that the biological activity of a drug often depends on its ability to form specific interactions with biological targets, such as enzymes or receptors, the descriptor's relevance is paramount. The shape of the molecule can dictate the binding affinity and specificity to the target site, which is essential for its efficacy.


In sum, these molecular descriptors reflect critical aspects of the molecule's physicochemical and geometric properties that influence how the drug interacts within biological systems, ultimately determining its suitability as a pharmaceutical agent."
ADME_HLM,39,phi3,biomedical,3,"['SMR_VSA2', 'PEOE_VSA7', 'Phi']","[-0.18254880354479655, 0.047147328019428565, -0.042938483272164506]","
You are a biomedical expert.

A machine learning model predicted a drug property.

The most influential molecular descriptors were:

- SMR_VSA2: -0.183
- PEOE_VSA7: 0.047
- Phi: -0.043


Explain in biomedical and chemical terms why these descriptors influence the prediction.
Avoid mentioning SHAP or machine learning terminology.
","
The molecular descriptors SMR_VSA2, PEOE_VSA7, and Phi hold significant sway over the prediction of drug properties. 


SMR_VSA2, the second principal component from the SMR_VSA (Semi-Empirical Method for Representing Molecules) analysis, reflects the electronic interactions within the drug molecule. Its negative value indicates a lower contribution towards the desired property, suggesting that the molecule's electronic interactions are less critical in determining the property being predicted, which could be solubility or permeability, for example.


PEOE_VSA7, the seventh principal component from the PEOE_VSA (Predicted Electrostatic Interactions with a Valence-Shell Atom-based Approach) analysis, is a positive value, implying that the electrostatic interactions among the atoms in the vicinity of the valence shell significantly influence the property in question. This can affect how the molecule interacts with biological targets, such as enzymes or receptors, which is vital for its efficacy.


Phi, a term that often represents the molecule's flexibility or molecular shape, is also negative here. This suggests that a rigid molecular structure, which might be crucial for fitting snugly into a biological receptor site, is less influential for the property being predicted. It could imply that molecular flexibility is not a key determinant, perhaps indicating that the drug property is more reliant on a specific molecular geometry or static interaction rather than conformational changes.


In a biomedical context, these descriptors help us understand the potential behavior of the drug, both in terms of how it might interact with biological systems and its physical or chemical properties which contribute to its effectiveness and safety."
ADME_HLM,40,phi3,biomedical,3,"['SMR_VSA2', 'NumHDonors', 'fr_piperdine']","[-0.24782217191036165, -0.08583837114477604, 0.0701387051511301]","
You are a biomedical expert.

A machine learning model predicted a drug property.

The most influential molecular descriptors were:

- SMR_VSA2: -0.248
- NumHDonors: -0.086
- fr_piperdine: 0.070


Explain in biomedical and chemical terms why these descriptors influence the prediction.
Avoid mentioning SHAP or machine learning terminology.
",ERROR
ADME_HLM,41,phi3,biomedical,3,"['SMR_VSA2', 'fr_nitro_arom', 'VSA_EState1']","[0.11066085358092984, 0.06899173053593516, 0.06122786863997847]","
You are a biomedical expert.

A machine learning model predicted a drug property.

The most influential molecular descriptors were:

- SMR_VSA2: 0.111
- fr_nitro_arom: 0.069
- VSA_EState1: 0.061


Explain in biomedical and chemical terms why these descriptors influence the prediction.
Avoid mentioning SHAP or machine learning terminology.
","
In the context of predicting a drug property, the molecular descriptors SMR_VSA2, fr_nitro_arom, and VSA_EState1 play crucial roles in understanding how a molecule might interact within a biological system. 


SMR_VSA2 (a descriptor related to the size and shape of molecules as they interact with biological receptors): This descriptor's significance likely arises from the fact that the physical fit between a drug and its biological target can greatly influence the drug's efficacy. Larger or differently shaped molecules, as described by this descriptor, might fit into the binding site of the target with greater ease or induce a stronger conformational change in the receptor, which can enhance the therapeutic effect or selectivity of the drug.


fr_nitro_arom (describing the presence and position of nitro and aromatic functional groups): The functional groups of a molecule can affect both its solubility and its ability to form hydrogen bonds with its target. Nitro and aromatic groups can participate in specific interactions with biological targets, such as ionic bonds or π-π stacking, which can be essential for the activation of the drug. Their position can also affect the electronic distribution within the molecule, which in turn can affect the molecule's reactivity and interaction with its target.


VSA_EState1 (describing the electronic states of molecules and their reactivity): The electronic states of a molecule, including ground and excited states, can determine how it interacts with biological targets. A molecule in an excited state might have a different reactivity profile compared to its ground state, which can affect the binding affinity and activation of the drug. Changes in electronic states can alter the energy barriers and reaction pathways, potentially leading to different biological outcomes.


Each of these descriptors provides a piece of the overall puzzle in predicting how a molecule might behave as a drug, with their individual contributions to the prediction potentially reflecting underlying physical and chemical principles that govern drug-target interactions."
ADME_HLM,42,phi3,biomedical,3,"['BCUT2D_MWHI', 'SMR_VSA2', 'PEOE_VSA13']","[-0.09132851199782617, 0.06184592551390746, 0.058822245470941247]","
You are a biomedical expert.

A machine learning model predicted a drug property.

The most influential molecular descriptors were:

- BCUT2D_MWHI: -0.091
- SMR_VSA2: 0.062
- PEOE_VSA13: 0.059


Explain in biomedical and chemical terms why these descriptors influence the prediction.
Avoid mentioning SHAP or machine learning terminology.
","
In the field of medicinal chemistry, the properties of a drug can be predicted by examining its molecular descriptors, which are quantitative representations of its molecular structure and characteristics. The BCUT2D_MWHI descriptor, which reflects the molecular weight of the compound multiplied by its hydrophobicity, indicates a drug's tendency to remain within the lipid bilayer. This is important for its absorption and distribution within the body, as drugs with suitable hydrophobicity and weight are often better absorbed and can effectively distribute to target tissues. The negative influence of this descriptor suggests that it may hinder the drug's bioavailability to some extent.


The SMR_VSA2 descriptor represents the second-order moment of the van der Waals surface area. This value is indicative of the spatial distribution of the atoms and the overall shape of the molecule. A descriptor with a positive value, like SMR_VSA2, suggests that the molecule's atoms are more spread out, which can influence how the molecule interacts with biological targets. It can impact the molecule's ability to fit into the binding site of a target protein, which in turn can affect the drug's potency and efficacy.


Lastly, the PEOE_VSA13 descriptor is associated with the solvation energy of the molecule in a solvent. A positive value suggests that the molecule is less soluble in water, which might influence its ability to be formulated in aqueous solutions for delivery to the body. Poor solubility can result in challenges with bioavailability, as the drug may not dissolve well in the biological fluids, limiting its therapeutic effect.


These descriptors provide insight into the physicochemical properties of the drug that could affect its behavior within a biological system, thereby influencing the prediction of its properties. Understanding these relationships can aid in the rational design of more efficacious and safe drugs."
ADME_HLM,43,phi3,biomedical,3,"['SMR_VSA2', 'EState_VSA8', 'fr_alkyl_halide']","[0.27615906722809064, 0.11158008609622277, 0.10211940330784655]","
You are a biomedical expert.

A machine learning model predicted a drug property.

The most influential molecular descriptors were:

- SMR_VSA2: 0.276
- EState_VSA8: 0.112
- fr_alkyl_halide: 0.102


Explain in biomedical and chemical terms why these descriptors influence the prediction.
Avoid mentioning SHAP or machine learning terminology.
","
The influential molecular descriptors provide valuable information about the molecule's potential behavior as a drug. Specifically:


- SMR_VSA2 (Semi-empirical Molecular Reaction): This descriptor measures the tendency of a molecule to react with biological targets, such as enzymes or receptors. A higher value suggests a greater likelihood of interaction, which can translate to stronger biological activity and, potentially, a better drug candidate.


- EState_VSA8 (Extended-connectivity TD-DFT): This descriptor assesses the electronic structure of a molecule and is instrumental in predicting various properties, such as absorption, which relates to how the drug is taken up into the body. A molecule with a specific electronic configuration might be more readily absorbed, enhancing its effectiveness as a medication.


- fr_alkyl_halide: This metric gauges the presence of alkyl groups attached to halides within a molecule. Molecules with a higher value indicate a greater degree of alkylation, which can affect the molecule's lipophilicity. Increased lipophilicity may improve the drug's ability to cross cell membranes, influencing its bioavailability and distribution within the body.


These descriptors collectively help in anticipating how the drug may interact with biological systems, which is crucial for designing effective and safe pharmaceutical compounds."
ADME_HLM,44,phi3,biomedical,3,"['NumHDonors', 'SMR_VSA2', 'VSA_EState4']","[-0.09452388753073494, 0.08156910346519756, 0.059550786142725826]","
You are a biomedical expert.

A machine learning model predicted a drug property.

The most influential molecular descriptors were:

- NumHDonors: -0.095
- SMR_VSA2: 0.082
- VSA_EState4: 0.060


Explain in biomedical and chemical terms why these descriptors influence the prediction.
Avoid mentioning SHAP or machine learning terminology.
","
In the realm of drug design, the property of a molecule that determines its interaction with biological systems is critically dependent on its structural and electronic attributes. NumHDonors is a descriptor indicating the number of hydrogen donors present in the molecule, which are typically hydrogen atoms or groups that can act as hydrogen bond donors when interacting with suitable acceptors. A lower value here suggests a molecule with fewer hydrogen bond donors, which might affect its solubility and ability to form hydrogen bonds, crucial for drug-receptor interactions.


SMR_VSA2 refers to the second-order shape moment of the molecule around the Van der Waals surface. It helps to understand how the molecular shape deviates from a perfect sphere, which influences how the molecule fits into the biological target and interacts with its environment. A higher descriptor value implies a more elongated molecule, potentially affecting the specificity and strength of its binding to a receptor.


VSA_EState4 represents the electron state around the fourth most significant atomic orbital. The electron distribution can affect the molecule's ability to form non-covalent interactions, such as hydrogen bonds and ionic interactions, which are essential for the molecs' biological activity and pharmacokinetics. A higher value indicates a more uneven electron distribution, which might enhance or reduce these interactions.


In summary, these molecular descriptors are likely influencing the prediction by affecting the drug's physicochemical properties that govern its behavior in biological systems, like its solubility, stability, and binding characteristics."
ADME_HLM,45,phi3,biomedical,3,"['SMR_VSA2', 'EState_VSA8', 'NumHDonors']","[-0.3487445423520878, -0.07918918322192567, -0.04871779963328822]","
You are a biomedical expert.

A machine learning model predicted a drug property.

The most influential molecular descriptors were:

- SMR_VSA2: -0.349
- EState_VSA8: -0.079
- NumHDonors: -0.049


Explain in biomedical and chemical terms why these descriptors influence the prediction.
Avoid mentioning SHAP or machine learning terminology.
","
In biomedical and chemical sciences, the quantitative assessment of molecular properties often involves analyzing specific structural and electronic features. The influential molecular descriptors identified in the prediction are representative of such features.


SMR_VSA2, or the second-order autocorrelation of the molecular electrostatic potential, measures the spatial distribution of charge across a molecule. Charges that are closer together tend to repel each other, and those that are farther apart attract. The negative value suggests that the charges within the molecule are likely to be repelling each other, which can affect molecular interactions, binding affinity, and reactivity, all crucial for drug properties.


EState_VSA8 evaluates the electronic environment around a molecule by considering eight different electrostatic potentials. It provides insights into how electrons are shared or transferred during interactions with biological targets. The minor negative influence of EState_VSA8 on the property prediction indicates that while it plays a role in the molecule's behavior, it might not be as significant as the distribution of charges as represented by SMR_VSA2.


NumHDonors refers to the number of hydrogen atoms that a molecule can donate. In the context of drug design, molecules with the appropriate number of hydrogen donors are often essential for forming hydrogen bonds with biological targets. The negative influence of NumHDonors in the prediction suggests that the optimal drug candidates might have a certain number of hydrogen donors that strike a balance between hydrogen bonding capability and other desirable properties, such as bioavailability and metabolic stability.


In summary, these molecular descriptors provide a window into understanding how the spatial distribution of charge, electronic environment, and hydrogen bonding potential within the drug molecule might influence its behavior and suitability for therapeutic use."
ADME_HLM,46,phi3,biomedical,3,"['SMR_VSA2', 'PEOE_VSA11', 'PEOE_VSA7']","[0.17057022403685973, 0.11396346568506315, 0.06163658663962646]","
You are a biomedical expert.

A machine learning model predicted a drug property.

The most influential molecular descriptors were:

- SMR_VSA2: 0.171
- PEOE_VSA11: 0.114
- PEOE_VSA7: 0.062


Explain in biomedical and chemical terms why these descriptors influence the prediction.
Avoid mentioning SHAP or machine learning terminology.
","
In the context of drug design, molecular descriptors are crucial for understanding how a molecule might interact within a biological system. The most influential descriptors according to the prediction are:


- **SMR_VSA2 (Secondary Molecular Representation of Van der Waals)**: This descriptor encapsulates the subtle electronic effects that occur during close encounters between atoms in a drug molecule and its biological target, particularly the dispersion forces that are not as easily quantified through simpler models. These interactions often dictate the affinity and specificity of the drug, influencing its potency and efficacy.


- **PEOE_VSA11 (Polarizable Electrostatic Effect)**: This descriptor reflects the changes in electron distribution in a molecule upon binding to its target, which can significantly impact the strength and directionality of non-covalent interactions within the active site. These electrostatic contributions are critical for the initial stages of molecular recognition and binding specificity.


- **PEOE_VSA7 (Polarizable Electrostatic Effect)**: Similar to PEOE_VSA11, this descriptor measures the effect of polarizability on electrostatic interactions but likely with a different emphasis or in a different molecular environment. It suggests that the ability of a molecule to adapt its electron density in response to its surroundings plays a role in the binding process, potentially affecting the drug's selectivity and function.


These descriptors are telling us that for this particular molecule, subtle electronic changes and the ability to adapt electron distribution in response to the environment are key to its interaction with the biological target."
ADME_HLM,47,phi3,biomedical,3,"['SMR_VSA2', 'NumSaturatedHeterocycles', 'MinAbsPartialCharge']","[0.33052035166304333, 0.06027240253927677, 0.052240786793249346]","
You are a biomedical expert.

A machine learning model predicted a drug property.

The most influential molecular descriptors were:

- SMR_VSA2: 0.331
- NumSaturatedHeterocycles: 0.060
- MinAbsPartialCharge: 0.052


Explain in biomedical and chemical terms why these descriptors influence the prediction.
Avoid mentioning SHAP or machine learning terminology.
","
In biomedical and chemical contexts, the predictive model's reliance on specific molecular descriptors can be understood through their roles in influencing a drug's pharmacokinetics and pharmacodynamics. The molecular property of solubility can be inferred from the Steric Molecular Reflection Spectroscopy (SMR) descriptor, particularly the VSA2 component, as it provides information about the spatial arrangement of atoms within a molecule. A higher value for SMR_VSA2 may indicate a molecule with a structure that is more amenable to dissolution in biological fluids, which is crucial for the drug's absorption and bioavailability.


The descriptor NumSaturatedHeterocycles refers to the number of saturated heterocyclic rings in the molecular structure. Heterocycles, which contain at least one non-carbon atom within a ring, are common structural features in many drugs and can significantly influence the molecule's lipophilicity and binding affinity to biological targets. A moderate value suggests a balanced contribution to the overall drug's properties without overly increasing the molecule's complexity, which can affect its synthetic accessibility and metabolic stability.


Lastly, MinAbsPartialCharge reflects the absolute value of the most negative partial charge across the molecule, which is often associated with the molecule's ability to interact electrostatically with biological targets. A non-negligible MinAbsPartialCharge might suggest potential for strong ionic interactions, which could impact the drug's pharmacodynamics by affecting the strength and specificity of binding to its intended biological target.


In sum, these descriptors contribute to the prediction by providing essential information on the molecule's behavior in a biological context, considering factors such as solubility, lipophilicity, and electrostatic interactions, which are all critical for a drug's efficacy and safety profile."
ADME_HLM,48,phi3,biomedical,3,"['SMR_VSA2', 'SlogP_VSA3', 'PEOE_VSA11']","[-0.2092309326108506, 0.06291451945092562, 0.06185122639233647]","
You are a biomedical expert.

A machine learning model predicted a drug property.

The most influential molecular descriptors were:

- SMR_VSA2: -0.209
- SlogP_VSA3: 0.063
- PEOE_VSA11: 0.062


Explain in biomedical and chemical terms why these descriptors influence the prediction.
Avoid mentioning SHAP or machine learning terminology.
","
In the realm of cheminformatics, molecular descriptors play a pivotal role in elucidating the chemical and biological characteristics of a substance, which can influence its pharmacological profile. Specifically, the given molecular descriptors reflect aspects of molecular shape (SMR_VSA2), electronic distribution in a molecule's orbitals (SlogP_VSA3), and spatial distribution of electrons around the oxygen atom (PEOE_VSA11).


- SMR_VSA2: This descriptor assesses the shape of the molecule, particularly how the molecular shape may interact with biological macromolecules. The negative value suggests that the molecule's conformation is less favorable for interaction with the biological target, possibly due to less optimal fit or unfavorable steric clashes within the active site. The shape of the molecule can critically affect both its binding affinity and specificity to the target, thus influencing its potential as a drug candidate.


- SlogP_VSA3: The descriptor evaluates the molecule's hydrophobic character and its electronic properties, which are crucial for the drug's absorption, distribution, metabolism, and excretion (ADME) properties. A positive descriptor value indicates a propensity towards forming non-polar interactions, suggesting that the molecule may be lipophilic and able to cross cell membranes more readily. However, excessive lipophilicity can lead to poor solubility in bodily fluids and potential accumulation in tissues, which might require careful optimization to ensure therapeutic efficacy and safety.


- PEOE_VSA11: This descriptor gauges the electron density distribution around the oxygen atom in the molecule, which can be indicative of hydrogen bond donor ability. This property is important because it can affect the molecule's solubility in water and its interaction with biological targets that rely on hydrogen bonding for activity. The value close to that of SlogP_VSA3 suggests a balanced influence of electronic properties on the drug's behavior.


Overall, these descriptors can provide insight into how the drug's molecular structure could potentially influence its behavior within a biological system, which in turn affects the prediction of its pharmacokinetics and pharmacodynamics properties."
ADME_HLM,49,phi3,biomedical,3,"['SMR_VSA2', 'VSA_EState9', 'BCUT2D_LOGPLOW']","[-0.09540815901918731, 0.06275223340936763, 0.05352278472976753]","
You are a biomedical expert.

A machine learning model predicted a drug property.

The most influential molecular descriptors were:

- SMR_VSA2: -0.095
- VSA_EState9: 0.063
- BCUT2D_LOGPLOW: 0.054


Explain in biomedical and chemical terms why these descriptors influence the prediction.
Avoid mentioning SHAP or machine learning terminology.
","
In biomedical and chemical contexts, molecular descriptors are quantifiable properties that represent the molecular structure and contribute to the behavior of a drug within a biological system. 


- **SMR_VSA2 (Secondary Molecular Structure Vibrational Spectroscopy 2)**: This descriptor relates to the specific vibrational modes within the secondary structure of the molecule, particularly amide bonds in proteins. Since drug molecules often interact with biological targets, which are typically proteins, the vibrational characteristics of the drug's structure can influence its efficacy and binding affinity. The negative value suggests that this particular vibrational mode might hinder the molecule's interaction with biological targets or its solubility.


- **VSA_EState9 (Vibrational Spectroscopy of Electronic State 9)**: This property is indicative of the energy levels associated with electronic states of the molecule, which can affect the molecule's reactivity and the way it absorbs and interacts with light. The positive value suggests that this electronic state is likely to be more reactive or has a stronger interaction with light, potentially influencing the drug's ability to penetrate biological membranes or its photostability within the human body.


- **BCUT2D_LOGPLOW (Bulkiness Characteristic Unimodal 2D - LogP low)**: The 'LogP' refers to the octanol-water partition coefficient, a measure of how hydrophobic or lipophilic a molecule is. The term 'low' indicates that this molecule might have a higher solubility in water, which can affect its ability to be absorbed by the body and reach its target without being rapidly excreted. The positive value here is associated with the molecule's hydrophilicity, which might influence its bioavailability and the extent of its distribution in the body.


Understanding these descriptors' roles can provide insights into the drug's pharmacokinetic and pharmacodynamic properties, which are critical for its success as a therapeutic agent."
