endpoint,sample_id,model,strategy,top_k,features,shap_values,prompt,explanation
ADME_Sol,0,mistral,biomedical,3,"['NumHDonors', 'Chi4v', 'SlogP_VSA6']","[0.08028826390467006, 0.06234779232502139, 0.05632665717696757]","
You are a biomedical expert.

A machine learning model predicted a drug property.

The most influential molecular descriptors were:

- NumHDonors: 0.080
- Chi4v: 0.062
- SlogP_VSA6: 0.056


Explain in biomedical and chemical terms why these descriptors influence the prediction.
Avoid mentioning SHAP or machine learning terminology.
"," In the context of predicting drug properties, these molecular descriptors play crucial roles due to their influence on a drug's physicochemical and pharmacological characteristics.

1. NumHDonors (Number of Hydrogen Donors): This descriptor indicates the number of sites on a molecule that can potentially donate a hydrogen ion (proton). Such sites often include nitrogen (N) and oxygen (O) atoms with lone pairs. The higher the number of hydrogen donors, the more polar and hydrophilic the molecule tends to be. This property can significantly impact a drug's solubility, absorption, distribution, and interaction with biological targets. For example, a higher number of hydrogen donors may facilitate a drug's solubility in water, which aids in absorption, but may also decrease its lipid solubility, which can impact its permeability across cell membranes.

2. Chi4v (Chemistry Development Index, 4-dimensional): This descriptor quantifies the complexity of a molecule's shape, considering four dimensions of space. The Chi4v value provides information about the molecule's overall shape and the presence of rotatable bonds. A higher Chi4v value suggests a more flexible molecule, which may enhance its ability to fit into complex biological targets, such as enzyme active sites, and potentially increase its affinity and potency. However, a more flexible molecule might also be more likely to cross-react with unintended targets, leading to side effects.

3. SlogP_VSA6 (Octanol-Water Partition Coefficient, Verloop-SlogP6): This descriptor reflects the hydrophobicity (water-avoiding) properties of a molecule. It measures the distribution of a molecule between octanol and water, simulating the distribution of a molecule between lipid-rich and aqueous environments, such as cell membranes and body fluids. A higher SlogP_VSA6 value indicates a more hydrophobic molecule, which may improve its ability to cross cell membranes, but could also lead to decreased water solubility and potentially reduced bioavailability. On the other hand, a lower SlogP_VSA6 value suggests a more hydrophilic molecule, which may be more water-soluble and thus easier to administer, but could have reduced lipid solubility and permeability.

In summary, these molecular descriptors are crucial in predicting drug properties because they offer insights into a drug's physicochemical properties, such as polarity, hydrophobicity, and molecular shape, which have significant implications for drug behavior within the body, including absorption, distribution, metabolism, and excretion (ADME) properties, as well as pharmacodynamics and pharmacokinetics."
ADME_Sol,1,mistral,biomedical,3,"['TPSA', 'SlogP_VSA6', 'Chi4v']","[-0.09207122207548098, -0.0855083958541127, -0.08189123362134108]","
You are a biomedical expert.

A machine learning model predicted a drug property.

The most influential molecular descriptors were:

- TPSA: -0.092
- SlogP_VSA6: -0.086
- Chi4v: -0.082


Explain in biomedical and chemical terms why these descriptors influence the prediction.
Avoid mentioning SHAP or machine learning terminology.
"," In the context of drug discovery and property prediction, these molecular descriptors play crucial roles due to their inherent properties that affect a molecule's behavior and interaction with biological systems.

1. TPSA (Topological Polar Surface Area): This descriptor quantifies the overall polar surface area of a molecule. A higher TPSA value indicates more polar and hydrophilic (water-loving) molecules, while a lower value indicates more apolar and hydrophobic (water-fearing) molecules. The predicted drug property could be influenced by TPSA as it can affect the molecule's solubility, permeability, and overall interaction with biomolecules like proteins and cell membranes.

2. SlogP_VSA6: This descriptor represents the octanol-water partition coefficient (logP) calculated using the Vienna Solvation Algorithm (VSA6). logP is a measure of a molecule's hydrophobicity, with higher values indicating more hydrophobic molecules. Similar to TPSA, the influence of SlogP_VSA6 on the predicted drug property could stem from its effect on the molecule's lipophilicity, which plays a vital role in drug absorption, distribution, and membrane permeability.

3. Chi4v: Chi (Chemistry Integrity Number) is a molecular connectivity index that provides information about a molecule's 3D shape. Specifically, Chi4v focuses on the number of rotatable bonds in a molecule. Rotatable bonds allow a molecule to adopt various conformations, which can impact its ability to interact with biological targets and fit into active sites. The Chi4v value might influence the predicted drug property due to its impact on the molecule's flexibility, size, and ability to form stable complexes with target proteins.

In summary, the molecular descriptors TPSA, SlogP_VSA6, and Chi4v influence the predicted drug property due to their roles in determining the molecule's polarity, hydrophobicity, and flexibility, which in turn affect various drug-related properties such as solubility, permeability, and binding affinity. Understanding these descriptors is essential for optimizing drug design and developing drugs with improved pharmacokinetics and pharmacodynamics profiles."
ADME_Sol,2,mistral,biomedical,3,"['TPSA', 'NumHDonors', 'Chi4v']","[0.10355300248823868, 0.05407356264633692, 0.05332097708242068]","
You are a biomedical expert.

A machine learning model predicted a drug property.

The most influential molecular descriptors were:

- TPSA: 0.104
- NumHDonors: 0.054
- Chi4v: 0.053


Explain in biomedical and chemical terms why these descriptors influence the prediction.
Avoid mentioning SHAP or machine learning terminology.
"," In the context of predicting drug properties, molecular descriptors play a crucial role as they help characterize the structural and electronic properties of a molecule. Let's discuss the influence of the mentioned molecular descriptors:

1. TPSA (Topological Polar Surface Area): This descriptor quantifies the hydrophilic or polar nature of a molecule. A higher TPSA value indicates a more polar molecule, which can increase solubility, permeability, and drug-likeness. These properties are essential for a drug to effectively reach its target site in the body and interact with it.

2. NumHDonors: This descriptor refers to the number of hydrogen bond donor atoms in a molecule. Hydrogen bond donors can form stable interactions with hydrogen bond acceptors, such as electronegative atoms like oxygen or nitrogen. This interaction can impact various drug properties, including binding affinity, stability, and pharmacokinetics.

3. Chi4v: This descriptor, also known as the Constitutional Chemical Index, is a cyclicity indicator. Chi4v is specifically a cycloaliphatic index, which measures the degree of cycloaliphatic ring structures in a molecule. Cycloaliphatic compounds are usually more rigid, which can influence drug properties such as membrane permeability, pharmacokinetics, and pharmacodynamics. A higher Chi4v value suggests a more cycloaliphatic structure, which could potentially impact the drug's interactions with biological targets.

In summary, the machine learning model's prediction is influenced by these molecular descriptors as they provide insights into the molecule's polarity, hydrogen bonding capacity, and cycloaliphatic nature – properties that can significantly affect a drug's behavior and efficacy in a biological system."
ADME_Sol,3,mistral,biomedical,3,"['PEOE_VSA3', 'SlogP_VSA6', 'NumHDonors']","[-0.053479431806700096, -0.05234001895948018, 0.051825320635692146]","
You are a biomedical expert.

A machine learning model predicted a drug property.

The most influential molecular descriptors were:

- PEOE_VSA3: -0.053
- SlogP_VSA6: -0.052
- NumHDonors: 0.052


Explain in biomedical and chemical terms why these descriptors influence the prediction.
Avoid mentioning SHAP or machine learning terminology.
"," In the context of predicting a drug property, molecular descriptors such as PEOE_VSA3, SlogP_VSA6, and NumHDonors play crucial roles due to their direct impact on a compound's chemical structure, physicochemical properties, and interaction with biological systems.

1. PEOE_VSA3 (Polar surface area calculated with the VSA method over a three-dimensional atomic coordinate array): This descriptor reflects the extent of polar groups in a molecule, such as hydroxyl (OH), amide (NHCO), and carboxyl (COOH). Polar groups contribute to the hydrophilicity (water-loving) of a compound. A higher PEOE_VSA3 value suggests a molecule with more polar surface area, which may affect its solubility in water, distribution within the body, and its ability to interact with other polar molecules like proteins or biomolecules.

2. SlogP_VSA6 (Logarithm of the octanol/water partition coefficient calculated with the VSA method over a six-atom sphere): This descriptor represents the hydrophobicity (water-fearing) or lipophilicity (oil-loving) of a compound. A higher SlogP_VSA6 value indicates a more hydrophobic molecule, which can penetrate lipid membranes more easily. Lipophilicity is an essential factor in drug absorption, distribution, and permeation through biological membranes.

3. NumHDonors: This descriptor refers to the number of hydrogen bond donor groups in a molecule. Hydrogen bond donors are functional groups capable of donating a hydrogen atom (usually with a lone pair of electrons) to form a hydrogen bond. Examples include amides (NH), alcohols (OH), and amines (NH2, NH3+). The presence of hydrogen bond donor groups can affect the compound's interaction with biomolecules such as proteins, DNA, and RNA, which may influence its pharmacological activity, binding affinity, and potential side effects.

In summary, these molecular descriptors influence the prediction of a drug property by providing insights into the compound's physical and chemical properties, such as polarity, hydrophobicity, and hydrogen bonding ability. These properties, in turn, affect the compound's behavior within the body and its interactions with biological systems, which are essential factors in drug design and development."
ADME_Sol,4,mistral,biomedical,3,"['fr_quatN', 'Chi4v', 'NumHDonors']","[-0.25786771343713244, 0.06444708763444916, 0.06276709971416616]","
You are a biomedical expert.

A machine learning model predicted a drug property.

The most influential molecular descriptors were:

- fr_quatN: -0.258
- Chi4v: 0.064
- NumHDonors: 0.063


Explain in biomedical and chemical terms why these descriptors influence the prediction.
Avoid mentioning SHAP or machine learning terminology.
"," In the prediction of drug properties, molecular descriptors play a crucial role as they provide numerical values that encapsulate specific chemical features of a compound. Here's a brief explanation of the influence of the three molecular descriptors mentioned:

1. fr_quatN: This descriptor represents the fraction of compound's rotatable bonds. Rotatable bonds are chemical bonds where the two attached atoms can rotate freely, allowing a molecule to adopt various conformations. The number and arrangement of these rotatable bonds can significantly impact a drug's bioavailability, permeability, and pharmacokinetics, as they determine the ease with which a drug can cross biological membranes and reach its target site. A higher value of fr_quatN suggests more rotatable bonds, which may lead to increased flexibility but potentially decreased drug potency or specificity.

2. Chi4v: Chi (Chemistry of the Side Chain Index) is a family of molecular descriptors that quantify the contour complexity of a molecule. Chi4v, specifically, refers to the fourth value of the Chi index, which characterizes the shape of a molecule. Complex molecular shapes can be important for drug-receptor interactions, as they might allow for better fitting to the target site, enhancing the drug's affinity and efficacy. A higher Chi4v value indicates a more complex molecular shape, which could potentially lead to a stronger drug-receptor interaction.

3. NumHDonors: This descriptor quantifies the number of hydrogen bond donors in a molecule. Hydrogen bond donors are functional groups, such as amines and alcohols, that can donate a hydrogen atom to form a hydrogen bond with another molecule or a specific site on a protein. Hydrogen bonding is a crucial factor in the interaction between drugs and their targets, as it can influence the drug's stability, binding affinity, and biological activity. A higher number of hydrogen bond donors could potentially result in a stronger interaction with the target site, improving the drug's efficacy.

In summary, these molecular descriptors influence the prediction of drug properties because they provide valuable information about the drug's flexibility, shape, and ability to form hydrogen bonds, which are all crucial factors in drug-receptor interactions and subsequent pharmacological activity."
ADME_Sol,5,mistral,biomedical,3,"['VSA_EState3', 'NumHAcceptors', 'Chi4v']","[-0.14471436856316278, -0.11426199685916612, -0.11419996094934494]","
You are a biomedical expert.

A machine learning model predicted a drug property.

The most influential molecular descriptors were:

- VSA_EState3: -0.145
- NumHAcceptors: -0.114
- Chi4v: -0.114


Explain in biomedical and chemical terms why these descriptors influence the prediction.
Avoid mentioning SHAP or machine learning terminology.
"," In the context of predicting drug properties, these molecular descriptors play crucial roles due to their influence on the chemical and pharmacological behavior of the drug molecules.

1. VSA_EState3 (-0.145): VSA (Vollhardt-Schollwöck-Houk Aromaticity Indicator) is a measure of aromaticity, which is a characteristic of certain chemical compounds that determines their stability. Aromatic compounds often have special electronic properties that make them important in chemistry and biology. In this case, a lower value of VSA_EState3 suggests a less aromatic molecule, which could potentially impact its stability, reactivity, and pharmacological activity.

2. NumHAcceptors (-0.114): Hydrogen bond acceptors are atoms in a molecule that can accept a hydrogen bond from a donor atom (usually N, O, or S). The number of hydrogen bond acceptors in a molecule can significantly influence its solubility, bioavailability, and interaction with biological targets (like proteins or nucleic acids). A lower value for NumHAcceptors suggests a molecule with fewer hydrogen bond accepting atoms, which could affect its ability to form stable interactions with biological systems.

3. Chi4v (-0.114): The Chi (Chemistry) index values, specifically Chi4v, are used to describe the shape of a molecule. They provide a measure of the complexity and flexibility of a molecule's structure, which can impact its ability to interact with biological targets and its pharmacokinetic properties (such as absorption, distribution, metabolism, and excretion). A lower Chi4v value indicates a more flexible molecule with a potentially complex shape, which could influence its ability to fit into specific sites on biological targets and thus its biological activity.

In summary, these molecular descriptors influence the predicted drug property due to their effects on the chemical structure, aromaticity, hydrogen bonding capacity, and overall shape of the drug molecule, all of which can significantly impact its behavior within biological systems."
ADME_Sol,6,mistral,biomedical,3,"['NumHDonors', 'SlogP_VSA5', 'Chi4v']","[0.07068654691898327, 0.05225018469252035, 0.0501778242929948]","
You are a biomedical expert.

A machine learning model predicted a drug property.

The most influential molecular descriptors were:

- NumHDonors: 0.071
- SlogP_VSA5: 0.052
- Chi4v: 0.050


Explain in biomedical and chemical terms why these descriptors influence the prediction.
Avoid mentioning SHAP or machine learning terminology.
"," In the context of predicting drug properties, these molecular descriptors play crucial roles due to their impact on a drug's physicochemical and pharmacokinetic characteristics.

1. NumHDonors (Number of Hydrogen Donors): This descriptor quantifies the number of atoms in the molecule that can donate a hydrogen ion (i.e., basic functional groups like amines or amides). The more basic sites a drug has, the more likely it is to interact with acidic sites on biological targets, such as carboxylic acid groups on proteins. This interaction can influence the drug's affinity, specificity, and overall activity.

2. SlogP_VSA5 (Octanol-Water Partition Coefficient at pH 7.0 calculated using the VSA5 method): This descriptor represents the drug's lipophilicity or hydrophobicity, which is a measure of its preference for non-polar environments (like cell membranes) versus polar environments (like water). Lipophilicity can impact a drug's absorption, distribution, metabolism, excretion, and toxicity (ADMET) properties. A higher value indicates a more lipophilic compound, which may penetrate cell membranes more easily but could also lead to increased toxicity or slower clearance from the body.

3. Chi4v (Chemical Constitutional Index of the fourth type, Volume): This descriptor reflects the complexity of the molecule's structure, considering the number of rings, branches, and other structural features. A more complex molecule may have a higher Chi4v value. Complexity can impact various drug properties, such as solubility, permeability, and bioavailability. A more complex molecule might be less soluble in water, which could affect its absorption and bioavailability, or it could make the molecule more likely to interact with biological molecules, potentially leading to increased activity or toxicity.

In summary, the influential molecular descriptors for drug property prediction are significant indicators of the drug's basicity, lipophilicity, and complexity, which can greatly impact a drug's behavior within the body and its interaction with biological targets."
ADME_Sol,7,mistral,biomedical,3,"['SlogP_VSA5', 'Chi4v', 'NumHDonors']","[-0.20798122128985636, -0.1147397880988239, 0.08752653424854934]","
You are a biomedical expert.

A machine learning model predicted a drug property.

The most influential molecular descriptors were:

- SlogP_VSA5: -0.208
- Chi4v: -0.115
- NumHDonors: 0.088


Explain in biomedical and chemical terms why these descriptors influence the prediction.
Avoid mentioning SHAP or machine learning terminology.
"," In the context of predicting drug properties, these molecular descriptors play crucial roles due to their influence on a drug's physical and chemical characteristics.

1. SlogP_VSA5: This descriptor, known as the octanol-water partition coefficient, indicates the lipophilicity (oil-loving) or hydrophobicity (water-fearing) of a molecule. It measures the distribution tendency of a compound between octanol (a lipid-like solvent) and water. A negative value suggests that the compound is more hydrophilic, meaning it tends to dissolve in water more than in lipids. In the context of drug properties, SlogP_VSA5 can impact a drug's solubility, permeability, and overall pharmacokinetics (the movement of a drug within the body). A drug with a high lipophilicity might be more likely to pass through cell membranes, while a more hydrophilic drug may be more water-soluble, easing its dissolution in body fluids.

2. Chi4v: This descriptor, a variant of the Chemistry Development Kit (CDK) constitutional descriptors, represents the cyclomatic complexity of a molecule. Cyclomatic complexity is a software metric that quantifies the number of linearly independent paths through a graph. In the context of chemistry, a graph can represent a molecular structure. The Chi4v descriptor, specifically, counts the number of rings in a molecule and its substituents. This information can affect the drug's structure, which in turn can influence its activity, reactivity, and interactions with biological targets. For instance, a more complex structure may lead to a better fit with specific protein targets, enhancing the drug's potency.

3. NumHDonors: This descriptor counts the number of hydrogen donors, or basic functional groups, within a molecule. Basic functional groups are sites where a compound can accept a proton (H+) and become a base. Common examples include amines (-NH2 or -NHR), imines (-N=), and certain heteroatoms like nitrogen (N) and oxygen (O) in certain compounds. The presence of these groups can affect a drug's ionization state and its interactions with other molecules, such as proteins or other drugs. For example, a drug with more basic functional groups might be more likely to form ionic bonds with acidic groups in proteins, enhancing its binding affinity. Conversely, a high number of hydrogen donors could make the drug more likely to form hydrogen bonds, which can impact its solubility and other properties."
ADME_Sol,8,mistral,biomedical,3,"['EState_VSA4', 'Chi4v', 'SlogP_VSA5']","[-0.12494687114151592, -0.11654752070078961, -0.08500288473582396]","
You are a biomedical expert.

A machine learning model predicted a drug property.

The most influential molecular descriptors were:

- EState_VSA4: -0.125
- Chi4v: -0.117
- SlogP_VSA5: -0.085


Explain in biomedical and chemical terms why these descriptors influence the prediction.
Avoid mentioning SHAP or machine learning terminology.
"," In the context of drug property prediction, these molecular descriptors play crucial roles due to their influence on various pharmacokinetic and pharmacodynamic properties of a compound.

1. EState_VSA4: This descriptor represents the electronic state of the molecule, which is a measure of the electron distribution within the molecule. A more negative value suggests a molecule with a higher electron density, which can influence the compound's reactivity, polarity, and its ability to form hydrogen bonds, all of which are essential for drug-target interactions and drug-like properties.

2. Chi4v: This is a topological index (also known as the cyclomatic number) that measures the complexity of the molecule's structure. A lower value of Chi4v indicates a more open or linear molecule, which can affect drug absorption, distribution, and metabolism. Compounds with a low Chi4v value may be more lipophilic and thus more likely to pass through biological membranes.

3. SlogP_VSA5: This descriptor represents the octanol-water partition coefficient, which measures the tendency of a compound to distribute between octanol (a lipid-like solvent) and water (a polar solvent). A more negative value for SlogP suggests a compound with a higher hydrophilic character, meaning it is less likely to distribute into lipid environments like cell membranes. This property can impact drug absorption, distribution, and elimination from the body.

In summary, the negative values for these molecular descriptors suggest that the predicted drug may have a polar, relatively open structure with a moderate to high electron density. These properties can influence the drug's ability to interact with biological targets, its absorption, distribution, and elimination from the body. However, for a comprehensive understanding, one should consider additional molecular descriptors and biological factors related to the drug's intended target and mechanism of action."
ADME_Sol,9,mistral,biomedical,3,"['TPSA', 'SlogP_VSA5', 'NumHDonors']","[0.0513338274652742, 0.045620580792897124, 0.038976079187800924]","
You are a biomedical expert.

A machine learning model predicted a drug property.

The most influential molecular descriptors were:

- TPSA: 0.051
- SlogP_VSA5: 0.046
- NumHDonors: 0.039


Explain in biomedical and chemical terms why these descriptors influence the prediction.
Avoid mentioning SHAP or machine learning terminology.
"," In the context of drug properties prediction, molecular descriptors play a crucial role as they provide numerical values to represent different chemical and physical properties of a molecule. These descriptors can significantly influence the predicted drug property as they reflect the structure and behavior of the drug molecule.

1. TPSA (Topological Polar Surface Area) - This descriptor quantifies the hydrophilicity (water-liking) or hydrophobicity (water-disliking) of a molecule. A higher TPSA value indicates a more hydrophilic molecule, while a lower value indicates a more hydrophobic one. The hydrophilic/hydrophobic balance of a drug molecule can impact its solubility, absorption, distribution, metabolism, and excretion (ADME) properties, which are essential for drug effectiveness and safety.

2. SlogP_VSA5 (Octanol-Water Partition Coefficient calculated with the Vienna Separation Algorithm, version 5) - This descriptor quantifies the lipophilicity (oil or fat-liking) of a molecule. It estimates the distribution of a molecule between oil (octanol) and water, providing information about the molecule's hydrophobic nature. Lipophilicity can influence a drug's membrane permeability, absorption, and bioavailability, which are important factors in drug efficacy.

3. NumHDonors (Number of Hydrogen Bond Donors) - This descriptor counts the number of functional groups in a molecule that can act as hydrogen bond donors, such as primary amines, secondary amines, and alcohols. The presence and number of hydrogen bond donors can impact a drug's interactivity with biological macromolecules (like proteins, nucleic acids, and receptors), which are crucial for drug binding, specificity, and efficacy.

By considering these molecular descriptors, the machine learning model can predict various drug properties, such as drug-likeness, pharmacokinetics, pharmacodynamics, and toxicity, to aid in drug discovery and design processes."
ADME_Sol,10,mistral,biomedical,3,"['Chi4v', 'NumHDonors', 'TPSA']","[0.06976773384373999, 0.057312445457506245, 0.04426167916073818]","
You are a biomedical expert.

A machine learning model predicted a drug property.

The most influential molecular descriptors were:

- Chi4v: 0.070
- NumHDonors: 0.057
- TPSA: 0.044


Explain in biomedical and chemical terms why these descriptors influence the prediction.
Avoid mentioning SHAP or machine learning terminology.
"," In the context of predicting drug properties, these molecular descriptors play crucial roles due to their impact on a drug's physical and chemical characteristics.

1. Chi4v (Chemical Constitution at the Fourth Moment): This descriptor reflects the shape and size of the molecule. A higher Chi4v value usually indicates a more complex and bulky structure, which can influence a drug's ability to interact with biological targets, such as enzymes or receptors. A lower Chi4v value, like the one predicted (0.070), may suggest a simpler, more flexible structure that can potentially interact with a wider range of targets.

2. NumHDonors: This descriptor represents the number of hydrogen bond donors in the molecule. Hydrogen bond donors are atoms with a lone pair of electrons that can donate a hydrogen bond to an acceptor atom in another molecule or a biological target. The higher the NumHDonors value (0.057 in this case), the more hydrogen bonding sites the drug has. This can lead to stronger and more stable interactions with biological targets, such as proteins, which can influence the drug's efficacy and selectivity.

3. TPSA (Topological Polar Surface Area): This descriptor quantifies the polar, hydrophilic surface area of a molecule. A higher TPSA value (0.044) suggests a more polar molecule that may interact better with water and other polar solvents, making it more soluble in biological fluids. However, excessive polar character can also lead to poor absorption through cell membranes, which could affect the drug's bioavailability. Conversely, a lower TPSA value may indicate a more lipophilic molecule, which could be more prone to accumulation in lipid-rich tissues, potentially leading to toxicity.

In summary, these molecular descriptors (Chi4v, NumHDonors, and TPSA) influence the prediction of drug properties by providing insights into the drug's shape, hydrogen bonding capacity, and polar/hydrophilic nature, all of which are critical factors in determining a drug's pharmacokinetics, pharmacodynamics, and overall biological behavior."
ADME_Sol,11,mistral,biomedical,3,"['Chi4v', 'SlogP_VSA5', 'SlogP_VSA4']","[0.06970194014505691, 0.06311448384533541, 0.052207663004101526]","
You are a biomedical expert.

A machine learning model predicted a drug property.

The most influential molecular descriptors were:

- Chi4v: 0.070
- SlogP_VSA5: 0.063
- SlogP_VSA4: 0.052


Explain in biomedical and chemical terms why these descriptors influence the prediction.
Avoid mentioning SHAP or machine learning terminology.
"," In the context of predicting drug properties, molecular descriptors such as Chi4v, SlogP_VSA5, and SlogP_VSA4 play significant roles due to their relationship with a drug's structure, chemical properties, and behavior within biological systems.

1. Chi4v (Chemistry Connectivity Index): This descriptor reflects the complexity and size of the molecule. A higher Chi4v value indicates a more complex structure with multiple branches and rings, which may affect a drug's ability to interact with its target, penetrate cell membranes, and distribute throughout the body.

2. SlogP (Octanol-Water Partition Coefficient): This descriptor provides an estimate of a molecule's hydrophobicity, or its tendency to dissolve in lipids (fats) compared to water. SlogP values are often used to predict a compound's solubility, blood-brain barrier penetration, and metabolic stability. SlogP_VSA5 and SlogP_VSA4 are specific versions of the SlogP coefficient, which may account for different solvent systems or different methods of calculation. A higher SlogP value indicates a more hydrophobic molecule, which may be more likely to accumulate in lipid-rich tissues, such as the brain or adipose tissue.

In summary, these molecular descriptors influence the prediction of drug properties because they reflect important aspects of a drug's structure, size, complexity, and hydrophobicity. These properties can significantly impact a drug's ability to interact with biological targets, distribute throughout the body, and exhibit desired therapeutic effects or undesired side effects."
ADME_Sol,12,mistral,biomedical,3,"['SlogP_VSA6', 'TPSA', 'Chi4v']","[0.07145197214791849, 0.06989378820134949, 0.0685469067929742]","
You are a biomedical expert.

A machine learning model predicted a drug property.

The most influential molecular descriptors were:

- SlogP_VSA6: 0.071
- TPSA: 0.070
- Chi4v: 0.069


Explain in biomedical and chemical terms why these descriptors influence the prediction.
Avoid mentioning SHAP or machine learning terminology.
"," In the context of predicting drug properties, these molecular descriptors play crucial roles due to their influence on a drug's physical and chemical characteristics, which in turn affect its biological behavior.

1. SlogP_VSA6 (Octanol-Water Partition Coefficient at pH 6.0, logarithmic scale) is a measure of a molecule's hydrophobicity. Hydrophobicity is an essential property that impacts a drug's absorption, distribution, metabolism, and excretion (ADME) characteristics. Drugs with high hydrophobicity tend to be more lipid-soluble, which can enhance their absorption and permeability through biological membranes. However, they may also lead to slower elimination and increased potential for accumulation in the body.

2. TPSA (Topological Polar Surface Area) is a measure of a molecule's polar surface area, which represents the extent of polar groups, such as hydroxyl, amide, or carboxyl, present in the molecule. Polarity plays a significant role in various drug properties, including solubility, absorption, distribution, and bioavailability. Highly polar drugs generally have poor lipid solubility, which may lead to reduced absorption and bioavailability. Conversely, low polar drugs tend to be more lipid-soluble and are more readily absorbed.

3. Chi4v (Chemical Constitutional Index, 4-dimensional version, volume) is a descriptor that quantifies the three-dimensional shape of a molecule. The three-dimensional shape of a drug molecule can significantly impact its ability to interact with biological targets, such as proteins, enzymes, and receptors. Molecules with complex shapes may have a higher potential to bind to multiple sites on a target, which could enhance their efficacy. However, overly complex shapes can also lead to poor pharmacokinetic properties, such as increased metabolism or reduced absorption.

In summary, these molecular descriptors influence the predicted drug property by affecting the drug's physical and chemical characteristics, such as hydrophobicity, polar surface area, and three-dimensional shape, which in turn impact its absorption, distribution, metabolism, excretion, and interaction with biological targets."
ADME_Sol,13,mistral,biomedical,3,"['SlogP_VSA6', 'SlogP_VSA5', 'NumHAcceptors']","[0.11547756445874752, 0.08837677386202383, 0.08808039376913446]","
You are a biomedical expert.

A machine learning model predicted a drug property.

The most influential molecular descriptors were:

- SlogP_VSA6: 0.115
- SlogP_VSA5: 0.088
- NumHAcceptors: 0.088


Explain in biomedical and chemical terms why these descriptors influence the prediction.
Avoid mentioning SHAP or machine learning terminology.
"," In the context of predicting drug properties, these molecular descriptors play crucial roles due to their impact on a compound's physical and chemical characteristics, which are essential for its interaction with biological systems.

1. SlogP (Octanol-Water Partition Coefficient) is a measure of a compound's hydrophobicity, or its ability to dissolve in lipids (oil) compared to water. The values SlogP_VSA6 and SlogP_VSA5 indicate the calculated hydrophobicity of the compound. A higher value suggests a more hydrophobic compound, which may have a stronger affinity for lipid-like environments found in cell membranes or fat tissues. This property can significantly influence a drug's absorption, distribution, metabolism, excretion, and toxicity (ADMET) characteristics.

2. NumHAcceptors is a count of the number of hydrogen acceptor atoms in the molecule. Hydrogen acceptor atoms can form hydrogen bonds, which are essential for a drug's interaction with biological macromolecules, such as proteins and nucleic acids. Hydrogen bonding can affect the drug's binding affinity, stability, and solubility. A higher number of hydrogen acceptors may lead to a more potent drug-target interaction, improving the drug's effectiveness.

In summary, the predicted drug property might be influenced by the compound's hydrophobicity (SlogP) and its potential to form hydrogen bonds (NumHAcceptors), as these properties play key roles in the drug's interaction with biological systems."
ADME_Sol,14,mistral,biomedical,3,"['NumHAcceptors', 'EState_VSA7', 'SlogP_VSA6']","[-0.09781565297763409, -0.07593450403780727, -0.07136142644472927]","
You are a biomedical expert.

A machine learning model predicted a drug property.

The most influential molecular descriptors were:

- NumHAcceptors: -0.098
- EState_VSA7: -0.076
- SlogP_VSA6: -0.071


Explain in biomedical and chemical terms why these descriptors influence the prediction.
Avoid mentioning SHAP or machine learning terminology.
"," In the context of predicting drug properties, these molecular descriptors play significant roles due to their impact on a drug's chemical structure and behavior.

1. NumHAcceptors (Number of Hydrogen Acceptors): This descriptor represents the number of functional groups in a molecule that can accept a hydrogen bond, such as carbonyl (C=O) or amide (N-H) groups. Hydrogen bonding is an essential interaction in biology, contributing to various processes like drug-receptor recognition and solubility. A higher number of hydrogen acceptors can influence drug properties such as binding affinity, solubility, and pharmacokinetics.

2. EState_VSA7: This descriptor is likely related to the electrotopological state (ES) index, a measure of the electron-donating or electron-withdrawing capacity of an atom or functional group in a molecule. The ES indices are based on atomic properties and the structural arrangement of atoms in the molecule. They can provide insights into a drug's ionization behavior, reactivity, and potential for interaction with biological targets, which in turn can influence its pharmacodynamics and pharmacokinetics.

3. SlogP_VSA6: This descriptor probably refers to the octanol-water partition coefficient (logP), which indicates a compound's lipophilicity, or affinity for lipids. Lipophilicity plays a critical role in determining a drug's absorption, distribution, metabolism, excretion, and toxicity (ADMET). A higher logP value indicates a more lipophilic compound, which may enhance a drug's ability to cross cell membranes and distribute throughout the body, but it could also increase the risk of toxicity and affect drug solubility.

In summary, these molecular descriptors influence the predicted drug property by providing information about the drug's hydrogen bonding capacity, electron-donating/withdrawing properties, and lipophilicity, all of which are essential factors for drug behavior, bioavailability, and interaction with biological systems."
ADME_Sol,15,mistral,biomedical,3,"['SlogP_VSA6', 'NumHDonors', 'NumHAcceptors']","[0.06295849563253718, 0.04664337300388975, 0.045004438894848016]","
You are a biomedical expert.

A machine learning model predicted a drug property.

The most influential molecular descriptors were:

- SlogP_VSA6: 0.063
- NumHDonors: 0.047
- NumHAcceptors: 0.045


Explain in biomedical and chemical terms why these descriptors influence the prediction.
Avoid mentioning SHAP or machine learning terminology.
"," In biomedical and chemical terms, the molecular descriptors you mentioned are indicators of certain properties of a drug molecule that can influence its predicted drug property. Here's a brief explanation of each:

1. SlogP_VSA6: This descriptor represents the octanol-water partition coefficient (logP) calculated using the Vienna Solvation Model version 6 (VSA6). LogP is a measure of a molecule's hydrophobicity, or its ability to dissolve in lipids (non-polar solvents) compared to water (polar solvent). In drug design, hydrophobicity can affect a drug's absorption, distribution, metabolism, excretion, and toxicity (ADMET) properties, as well as its ability to interact with biological membranes and targets. A higher value of SlogP_VSA6 indicates greater hydrophobicity, which can influence the predicted drug property.

2. NumHDonors: This descriptor represents the count of hydrogen bond donors in a molecule. Hydrogen bond donors are atoms with a lone pair of electrons, such as nitrogen or oxygen, that can participate in hydrogen bonding with other molecules. Hydrogen bonding is an essential interaction in drug-receptor recognition and can affect drug affinity, stability, and solubility. A higher value of NumHDonors can influence the predicted drug property by enhancing its ability to form hydrogen bonds with biological targets.

3. NumHAcceptors: This descriptor represents the count of hydrogen bond acceptors in a molecule. Hydrogen bond acceptors are atoms with electron-rich sites, such as oxygen or nitrogen, that can accept a hydrogen bond from another molecule. Similar to NumHDonors, hydrogen bond acceptors play a crucial role in drug-receptor interactions and can affect drug properties like affinity, stability, and solubility. A higher value of NumHAcceptors can influence the predicted drug property by increasing the number of potential hydrogen bonding sites in the molecule.

In summary, these molecular descriptors influence the predicted drug property by reflecting aspects of the drug molecule's hydrophobicity, hydrogen bonding potential, and overall structure, which can affect its interactions with biological systems."
ADME_Sol,16,mistral,biomedical,3,"['PEOE_VSA11', 'NumHDonors', 'BCUT2D_CHGLO']","[0.09569306325996944, 0.07109281286156331, -0.06902449646591234]","
You are a biomedical expert.

A machine learning model predicted a drug property.

The most influential molecular descriptors were:

- PEOE_VSA11: 0.096
- NumHDonors: 0.071
- BCUT2D_CHGLO: -0.069


Explain in biomedical and chemical terms why these descriptors influence the prediction.
Avoid mentioning SHAP or machine learning terminology.
"," In the context of predicting drug properties, these molecular descriptors play crucial roles due to their influence on the chemical and pharmacological behavior of the drug molecule.

1. PEOE_VSA11 (Polar Surface Area): This descriptor represents the total surface area of the polar atoms in the molecule. A higher PEOE_VSA11 value indicates a larger polar surface area, which may increase the drug's solubility in water, making it easier for the drug to dissolve and distribute in the body. This can be beneficial for drugs that need to reach specific tissues or organs.

2. NumHDonors: This descriptor refers to the number of hydrogen bond donors in the molecule. Hydrogen bond donors are atoms with a lone pair of electrons, such as nitrogen or oxygen, that can form hydrogen bonds with other molecules. Hydrogen bonds are essential for various biological interactions, including drug-receptor interactions. A higher number of hydrogen bond donors can enhance the drug's affinity for its target and improve its pharmacological activity.

3. BCUT2D_CHGLO (Burnab-Circular Unnormalized Topological Polar Surface Area): This descriptor quantifies the polarity of a molecule based on its connectivity and the types of atoms present. A negative value suggests that the molecule has more electronegative atoms, such as oxygen or nitrogen, which can make the molecule more polar and potentially increase its ability to interact with charged biomolecules, such as ion channels or enzymes. This can influence the drug's pharmacodynamics and pharmacokinetics.

In summary, these molecular descriptors influence the prediction of drug properties by reflecting various aspects of the drug molecule's chemical nature, such as its polarity, hydrogen bonding capacity, and overall surface area. These factors can have significant implications for the drug's solubility, bioavailability, and pharmacological activity."
ADME_Sol,17,mistral,biomedical,3,"['fr_quatN', 'Chi4v', 'TPSA']","[-0.23550220279365525, -0.11698215771767458, -0.10552253227016108]","
You are a biomedical expert.

A machine learning model predicted a drug property.

The most influential molecular descriptors were:

- fr_quatN: -0.236
- Chi4v: -0.117
- TPSA: -0.106


Explain in biomedical and chemical terms why these descriptors influence the prediction.
Avoid mentioning SHAP or machine learning terminology.
"," In the context of predicting drug properties, molecular descriptors like fr_quatN, Chi4v, and TPSA provide valuable insights into a drug's structure and behavior. Let's discuss each one:

1. fr_quatN (Four-ring Quantity): This descriptor refers to the number of rings in a molecule containing four atoms each. The negative value indicates that an increase in the number of four-ring structures may lead to a decrease in the predicted drug property. Four-ring structures are often associated with more complex molecular shapes, which may affect a drug's physicochemical properties, such as its solubility, permeability, and pharmacokinetics. Drugs with more complex structures may interact differently with biological targets and could potentially have undesirable side effects.

2. Chi4v (Chemistry Constitutional Index of atoms): Chi4v is a topological index that describes the shape of a molecule. It takes into account the connectivity of atoms and their spatial arrangement. A negative value for Chi4v suggests that the molecule has a more compact, possibly cyclic, or branched structure. This compactness may influence various drug properties such as lipophilicity, hydrogen bonding, and molecular weight, all of which can impact drug absorption, distribution, metabolism, and excretion (ADME) characteristics.

3. TPSA (Topological Polar Surface Area): TPSA represents the total area of a molecule's surface that is exposed to polar groups such as oxygen, nitrogen, and hydrogen bond donors. A negative value for TPSA indicates that the molecule has fewer polar groups or a smaller polar surface area. This may lead to reduced solubility in polar solvents, potentially affecting drug absorption and distribution within the body. Additionally, lower TPSA might suggest that the drug molecule is less likely to form hydrogen bonds with biological targets, which could impact its binding affinity and efficacy.

In summary, these molecular descriptors are significant in predicting drug properties because they offer insights into the structure, shape, and polarity of the drug molecule, all of which can have profound effects on various aspects of drug behavior, such as solubility, permeability, pharmacokinetics, and binding affinity."
ADME_Sol,18,mistral,biomedical,3,"['Chi4v', 'FpDensityMorgan2', 'SlogP_VSA5']","[-0.08407886951593393, -0.057019222245764604, 0.049084979608927194]","
You are a biomedical expert.

A machine learning model predicted a drug property.

The most influential molecular descriptors were:

- Chi4v: -0.084
- FpDensityMorgan2: -0.057
- SlogP_VSA5: 0.049


Explain in biomedical and chemical terms why these descriptors influence the prediction.
Avoid mentioning SHAP or machine learning terminology.
"," In the context of predicting drug properties, molecular descriptors are numerical values that quantify specific chemical and structural attributes of a drug molecule. These descriptors help us understand and predict the behavior of a drug within a biological system. Let's discuss the role of the mentioned molecular descriptors in drug prediction:

1. Chi4v (Chemistry Independence Index for Atoms of Van der Waals volume): This descriptor reflects the degree of three-dimensional irregularity of a molecule, specifically how the atoms deviate from a perfect tetrahedral geometry around carbon atoms. A higher Chi4v value indicates a more complex and potentially more flexible molecular structure, which can influence drug properties such as solubility, permeability, and pharmacokinetics.

2. FpDensityMorgan2 (Fractional Patch Density calculated using Morgan 2-dimensional circular fingerprints): This descriptor quantifies the density of atom types and topological features within a molecule's 2D structure. A higher FpDensityMorgan2 value indicates a more complex molecule with various functional groups and interconnected atoms, which can impact drug-target interactions, bioavailability, and pharmacodynamics.

3. SlogP_VSA5 (Octanol-Water Partition Coefficient calculated using Vectorized Similarity Atom Pairs and a five-point scale): This descriptor quantifies the hydrophobic-lipophilic balance (HLB) of a molecule, estimating its distribution between oil (lipophilic) and water (hydrophilic) phases. A higher SlogP_VSA5 value signifies a more lipophilic molecule, which can influence drug solubility, membrane permeability, and absorption properties.

In summary, these molecular descriptors can influence the prediction of drug properties by providing information on the three-dimensional shape, complexity, and hydrophobic-lipophilic balance of a drug molecule. These characteristics can impact various aspects of drug behavior, such as solubility, permeability, distribution, and interaction with biological targets."
ADME_Sol,19,mistral,biomedical,3,"['MaxAbsPartialCharge', 'SlogP_VSA5', 'FpDensityMorgan1']","[-0.10963079512372066, -0.10349622017269795, 0.0686253036247848]","
You are a biomedical expert.

A machine learning model predicted a drug property.

The most influential molecular descriptors were:

- MaxAbsPartialCharge: -0.110
- SlogP_VSA5: -0.103
- FpDensityMorgan1: 0.069


Explain in biomedical and chemical terms why these descriptors influence the prediction.
Avoid mentioning SHAP or machine learning terminology.
"," In the context of predicting drug properties, molecular descriptors are numerical features that quantify various aspects of a compound's structure. These descriptors help in understanding the chemical and physical properties of the drug molecule that may influence its behavior within the body.

1. MaxAbsPartialCharge: This descriptor reflects the maximum absolute partial charge of the molecule. The partial charge is an estimation of the electric charge carried by an atom in a molecule due to the distribution of electrons. The distribution of partial charges within a drug molecule can significantly impact its interaction with biological targets, such as proteins and DNA, as well as its solubility and ionization behavior. A higher absolute partial charge might lead to stronger interactions with these biological targets, which can affect the drug's efficacy and toxicity.

2. SlogP_VSA5: This descriptor is related to the hydrophobicity of the molecule. The hydrophobicity is the property of a molecule that tends to dissolve in nonpolar solvents and avoid water. SlogP is a logarithmic scale for calculating the octanol-water partition coefficient, which quantifies the distribution of a compound between octanol (a nonpolar solvent) and water (a polar solvent). A higher value for SlogP indicates a more hydrophobic molecule, which can impact drug absorption, distribution, metabolism, and excretion (ADME) properties, as well as membrane permeability.

3. FpDensityMorgan1: This descriptor quantifies the fractional polar surface area (FpSA) of the molecule using the Morgan1 algorithm. The FpSA represents the sum of the polar surface areas of all the atoms in a molecule. Polar atoms are those that have partial positive or negative charges, such as oxygen, nitrogen, and hydrogen with a bond to a halogen or a heteroatom. The FpSA can influence drug solubility, as polar molecules tend to be more soluble in polar solvents like water, and can also affect drug-receptor interactions due to hydrogen bonding. A higher value for FpDensityMorgan1 suggests a more polar molecule with a larger FpSA, which can impact the drug's pharmacokinetic and pharmacodynamic properties.

In summary, these molecular descriptors influence the prediction of drug properties by quantifying essential structural features that affect the drug's behavior within the body, including interactions with biological targets, solubility, hydrophobicity, and polar surface area. Understanding these descriptors can help in optimizing drug design and predicting their potential efficacy and safety."
ADME_Sol,20,mistral,biomedical,3,"['NumHDonors', 'NumHAcceptors', 'VSA_EState3']","[-0.23888799648872727, -0.203095082696546, -0.15725543548395784]","
You are a biomedical expert.

A machine learning model predicted a drug property.

The most influential molecular descriptors were:

- NumHDonors: -0.239
- NumHAcceptors: -0.203
- VSA_EState3: -0.157


Explain in biomedical and chemical terms why these descriptors influence the prediction.
Avoid mentioning SHAP or machine learning terminology.
"," In biomedical and chemical terms, these molecular descriptors influence the prediction of a drug property because they provide insight into the drug's structural and electrostatic properties, which are crucial for its interaction with biological targets.

1. NumHDonors: This descriptor refers to the number of hydrogen donor atoms in the molecule. Hydrogen donor atoms are atoms that can easily donate a hydrogen ion (proton) in chemical reactions. In the context of drug-target interactions, the presence of hydrogen donor atoms can influence binding affinity due to hydrogen bond formation with the target's hydrogen acceptor atoms, such as oxygen or nitrogen. The negative coefficient (-0.239) indicates that an increase in the number of hydrogen donors may lead to a decrease in the predicted drug property.

2. NumHAcceptors: This descriptor represents the number of hydrogen acceptor atoms in the molecule. Hydrogen acceptor atoms are atoms that can accept a hydrogen ion (proton) in chemical reactions, usually through the formation of hydrogen bonds. Similar to NumHDonors, the number of hydrogen acceptors can influence drug-target interactions and binding affinity. The negative coefficient (-0.203) suggests that an increase in the number of hydrogen acceptors may also lead to a decrease in the predicted drug property.

3. VSA_EState3: This descriptor refers to the electrostatic potential energy at the third electronic state (EState3) of the molecule. The electrostatic potential energy is a measure of the electric potential energy that would be experienced by a test charge at a specific point in space due to the distribution of electrons in the molecule. The third electronic state typically represents higher-energy electrons that are more polarizable and can contribute significantly to the overall interaction between the drug and biological targets. The negative coefficient (-0.157) indicates that a higher electrostatic potential energy in the third electronic state may lead to a decrease in the predicted drug property.

In summary, the more hydrogen donor and acceptor atoms a drug has, and the higher its electrostatic potential energy in the third electronic state, the more likely it is to influence the predicted drug property in a way that decreases its value. Understanding these molecular descriptors can help in the design and optimization of drug molecules to achieve desired properties and improve drug efficacy."
ADME_Sol,21,mistral,biomedical,3,"['NumHDonors', 'SlogP_VSA5', 'Chi4v']","[0.07345055332800643, 0.05728738033788281, 0.05324269690396216]","
You are a biomedical expert.

A machine learning model predicted a drug property.

The most influential molecular descriptors were:

- NumHDonors: 0.073
- SlogP_VSA5: 0.057
- Chi4v: 0.053


Explain in biomedical and chemical terms why these descriptors influence the prediction.
Avoid mentioning SHAP or machine learning terminology.
"," In the context of predicting drug properties, these molecular descriptors play crucial roles due to their impact on a drug's structure, behavior, and interaction with biological targets.

1. NumHDonors (Number of Hydrogen Bond Donors): This descriptor indicates the number of functional groups in a molecule that can donate a hydrogen bond. Hydrogen bonding is a fundamental intermolecular force that plays a significant role in many biological processes, including drug-protein interactions. A higher number of hydrogen bond donors can influence drug affinity, solubility, and pharmacokinetics.

2. SlogP_VSA5 (Octanol-Water Partition Coefficient calculated using the Veber Score Approach): This descriptor provides an estimate of a compound's lipophilicity, or its tendency to distribute between oil (lipid) and water. Lipophilicity is essential for understanding a drug's absorption, distribution, metabolism, and excretion (ADME) properties. A higher SlogP value suggests that the compound is more lipophilic and may be more likely to penetrate cell membranes, but could also have potential issues with solubility and bioavailability.

3. Chi4v (Chemical Constitution Indices): These descriptors are a series of topological indices that provide information about the molecule's graph structure, including its size, shape, and branching. Chi4v, specifically, is related to the 4-connectivity index, which can influence the molecule's flexibility and ability to conform to the shape of its biological target. A higher Chi4v value suggests a more flexible molecule, which could be beneficial for fitting into complex biological structures but may also increase the risk of unwanted interactions with other molecules in the body.

In summary, these molecular descriptors influence the prediction of drug properties by affecting the drug's ability to form hydrogen bonds, penetrate cell membranes, conform to biological targets, and interact with other molecules in the body. A fine-tuned balance among these properties is essential for a drug to be effective, safe, and well-tolerated by patients."
ADME_Sol,22,mistral,biomedical,3,"['Chi4v', 'PEOE_VSA11', 'SlogP_VSA10']","[-0.10389336396059508, 0.09036261527977417, -0.06714931862819704]","
You are a biomedical expert.

A machine learning model predicted a drug property.

The most influential molecular descriptors were:

- Chi4v: -0.104
- PEOE_VSA11: 0.090
- SlogP_VSA10: -0.067


Explain in biomedical and chemical terms why these descriptors influence the prediction.
Avoid mentioning SHAP or machine learning terminology.
"," In the context of predicting drug properties, molecular descriptors such as Chi4v, PEOE_VSA11, and SlogP_VSA10 provide insight into a compound's chemical structure and behavior, thereby influencing its predicted drug properties.

1. Chi4v (Chemistry Connectivity Index of order 4, Volume): This descriptor quantifies the 3D shape and volume of a molecule. A more positive or negative value suggests a molecule with a larger or smaller volume, respectively. In the prediction of drug properties, a drug's volume and shape can influence its interactions with biological targets, receptors, and enzymes, which are critical for drug efficacy and selectivity.

2. PEOE_VSA11 (Polar Surface Area – Van der Waals Surface Area Ratio at 11 atomic layers): This descriptor reflects the electrostatic properties of a molecule, specifically its polar and non-polar surface areas. A higher PEOE_VSA11 value indicates a molecule with a larger polar surface area relative to its van der Waals surface area, suggesting a molecule that can form hydrogen bonds and interact more strongly with charged or polar groups on biological targets. This interaction is essential for drug-target binding, as it enhances the drug's affinity and specificity.

3. SlogP_VSA10 (Octanol-Water Partition Coefficient – Van der Waals Surface Area Ratio at 10 atomic layers): This descriptor represents the lipophilicity, or oil/water solubility, of a molecule. A more negative SlogP_VSA10 value indicates a more hydrophilic molecule, which tends to be more soluble in water and less soluble in lipids, while a more positive value indicates a more lipophilic molecule, which tends to be more soluble in lipids and less soluble in water. Lipophilicity plays a crucial role in drug absorption, distribution, and metabolism. For example, a lipophilic drug may be more likely to pass through biological membranes, such as the blood-brain barrier, or be metabolized by certain enzymes, influencing its pharmacokinetics and pharmacodynamics.

In summary, the molecular descriptors Chi4v, PEOE_VSA11, and SlogP_VSA10 influence the prediction of drug properties by providing information on a molecule's shape, electrostatic properties, and lipophilicity. These factors, in turn, impact the molecule's interactions with biological targets, as well as its absorption, distribution, metabolism, and excretion (ADME) properties, all of which are critical for drug efficacy, safety, and overall therapeutic potential."
ADME_Sol,23,mistral,biomedical,3,"['NumHDonors', 'Chi4v', 'TPSA']","[-0.16274359640942954, -0.09161034594188212, -0.07786345340140106]","
You are a biomedical expert.

A machine learning model predicted a drug property.

The most influential molecular descriptors were:

- NumHDonors: -0.163
- Chi4v: -0.092
- TPSA: -0.078


Explain in biomedical and chemical terms why these descriptors influence the prediction.
Avoid mentioning SHAP or machine learning terminology.
"," In the context of drug discovery, molecular descriptors are numerical properties that help characterize a molecule's structure and behavior. The three descriptors you mentioned - NumHDonors, Chi4v, and TPSA - are particularly significant in determining a drug's properties and potential interactions with biological targets.

1. NumHDonors (Number of Hydrogen Donors): This descriptor refers to the number of functional groups within a molecule that can potentially donate a hydrogen atom. These functional groups include amines (-NH2), alcohols (-OH), and carboxylic acids (-COOH). The higher the number of hydrogen donors, the more likely a molecule is to form hydrogen bonds with other molecules, including proteins, DNA, or RNA. Hydrogen bonding plays a crucial role in drug-target interactions, and a molecule's ability to form such bonds can significantly impact its pharmacological behavior.

2. Chi4v (Chemistry: Constant Hellmann-Prelog): This descriptor is a topological index that quantifies the complexity of a molecule's ring structure. Specifically, it is a type of constitutional descriptor that calculates the number of chiral centers and the ring size within the molecule. Chiral centers are carbon atoms bonded to four different groups, and their presence can affect a molecule's three-dimensional structure, which is essential for drug-target recognition and binding. Molecules with more complex ring structures may exhibit different properties than simpler ones, which can influence their pharmacological activity.

3. TPSA (Topological Polar Surface Area): This descriptor quantifies the polar and hydrophilic character of a molecule's surface. It is an estimation of the total surface area of a molecule that would be in contact with a polar solvent, such as water. The higher the TPSA, the more hydrophilic the molecule, meaning it tends to interact more favorably with polar environments, such as the polar groups found on biological macromolecules. This hydrophilic character can affect a drug's absorption, distribution, metabolism, excretion, and toxicity (ADMET) properties, which are crucial for drug development.

In summary, these molecular descriptors influence the prediction of a drug's properties due to their effects on the drug's hydrogen bonding ability, complexity of ring structure, and hydrophilic character, which are all important factors in determining a drug's pharmacological behavior and potential interactions with biological targets."
ADME_Sol,24,mistral,biomedical,3,"['TPSA', 'SlogP_VSA6', 'BCUT2D_CHGLO']","[-0.09200452226930743, -0.08545981514053196, -0.07799496329431752]","
You are a biomedical expert.

A machine learning model predicted a drug property.

The most influential molecular descriptors were:

- TPSA: -0.092
- SlogP_VSA6: -0.085
- BCUT2D_CHGLO: -0.078


Explain in biomedical and chemical terms why these descriptors influence the prediction.
Avoid mentioning SHAP or machine learning terminology.
"," In biomedical and chemical terms, the molecular descriptors you mentioned are key properties that help predict drug properties such as pharmacokinetics, pharmacodynamics, and drug-like characteristics. Here's a brief explanation of each descriptor and how it may influence the prediction:

1. TPSA (Topological Polar Surface Area): This descriptor represents the surface area of a molecule that is accessible to solvent molecules and contains polar hydrogen-bearing atoms, such as hydroxyl (-OH), amine (-NH2), carboxyl (-COOH), or nitro (-NO2) groups. A higher TPSA value suggests a more polar molecule, which may have better solubility in aqueous solutions and potentially increased absorption, distribution, and metabolism. A lower value (-0.092) may indicate a less polar molecule, possibly with reduced solubility and absorption, potentially affecting its drug-like properties.

2. SlogP_VSA6 (Octanol-Water Partition Coefficient calculated using 6-point Volume-Surface Area model): This descriptor is a measure of a molecule's lipophilicity, or its affinity for non-polar environments like fats and oils, relative to water. A higher SlogP value indicates a more lipophilic compound, which may be more likely to cross biological membranes, such as cell membranes, and may affect drug distribution and bioavailability. A lower value (-0.085) may suggest a less lipophilic molecule, potentially with reduced membrane permeability and thus altered pharmacokinetic behavior.

3. BCUT2D_CHGLO (Burden-Cumul-Type 2D descriptor accounting for Charged and Hydrogen-bearing groups): This descriptor is related to a molecule's electronic distribution and molecular geometry. Charged and hydrogen-bearing groups can significantly impact a molecule's reactivity, interaction with biological targets, and overall drug-like properties. A lower value (-0.078) may suggest a molecule with less polar or charged character, potentially affecting its interaction with biological systems and drug-target binding affinity.

In summary, these molecular descriptors influence the prediction of drug properties by providing insights into a molecule's polar/non-polar balance, lipophilicity, and electronic character, which are essential factors for understanding a drug's behavior in biological systems and its potential pharmacological activity."
ADME_Sol,25,mistral,biomedical,3,"['NumHAcceptors', 'NumHDonors', 'Chi4v']","[-0.20067980452393658, -0.19448837979342656, -0.1751783818470005]","
You are a biomedical expert.

A machine learning model predicted a drug property.

The most influential molecular descriptors were:

- NumHAcceptors: -0.201
- NumHDonors: -0.194
- Chi4v: -0.175


Explain in biomedical and chemical terms why these descriptors influence the prediction.
Avoid mentioning SHAP or machine learning terminology.
"," In the context of predicting drug properties, these molecular descriptors play crucial roles due to their influence on a drug's structure, functionality, and interaction with biological targets.

1. NumHAcceptors (Number of Hydrogen Acceptors): These are atoms that can accept a hydrogen bond, such as oxygen or nitrogen atoms in functional groups like carboxyl (-COOH), amide (-CONH2), or hydroxyl (-OH). The number of hydrogen acceptors can significantly affect a drug's ability to form hydrogen bonds with other molecules, including proteins, nucleic acids, or water. Hydrogen bonding is essential for drug-target interactions, drug solubility, and pharmacokinetics. A higher number of hydrogen acceptors might lead to stronger interactions with biological targets but could also impact drug solubility and bioavailability.

2. NumHDonors (Number of Hydrogen Donors): These are atoms that can donate a hydrogen bond, such as nitrogen or oxygen atoms in functional groups like amines (-NH2) or alcohols (-OH). Like hydrogen acceptors, the number of hydrogen donors can impact drug-target interactions, solubility, and pharmacokinetics. However, donating a hydrogen bond can make the drug more polar, potentially reducing its lipid solubility and increasing its water solubility. This could affect drug absorption, distribution, and excretion.

3. Chi4v (Chemical Constitutional Index): This descriptor is a topological index that reflects the complexity and branching of a molecule. A higher Chi4v value indicates a more complex molecule with more branches. Complexity in drug molecules can influence several aspects, such as drug metabolism, distribution, and interaction with biological targets. For example, more complex molecules may be more difficult for the body to metabolize, leading to longer half-lives and potential toxicity. On the other hand, complexity can also increase the likelihood of multiple interactions with various targets, potentially improving therapeutic efficacy.

In summary, the predictive power of these molecular descriptors lies in their impact on drug properties related to drug-target interactions, solubility, pharmacokinetics, and toxicity. By understanding these influences, we can design drugs that optimize their properties for therapeutic efficacy and safety."
ADME_Sol,26,mistral,biomedical,3,"['fr_quatN', 'TPSA', 'SlogP_VSA6']","[-0.24543825430716756, -0.09108935089962132, -0.07361658862842341]","
You are a biomedical expert.

A machine learning model predicted a drug property.

The most influential molecular descriptors were:

- fr_quatN: -0.245
- TPSA: -0.091
- SlogP_VSA6: -0.074


Explain in biomedical and chemical terms why these descriptors influence the prediction.
Avoid mentioning SHAP or machine learning terminology.
"," In the context of drug property prediction, these molecular descriptors play crucial roles due to their influence on a compound's chemical structure, physical properties, and pharmacological behavior.

1. fr_quatN (Fraction of Rotatable Bonds): This descriptor indicates the number of single bonds (excluding bonds to heteroatoms) that can rotate freely in a molecule. A higher value implies more rotatable bonds, which can lead to increased flexibility, improved ligand-receptor interactions, and potentially enhanced drug activity. However, excess rotatable bonds may also lead to increased steric hindrance, reducing the drug's efficacy or specificity.

2. TPSA (Topological Polar Surface Area): This descriptor represents the total surface area of a molecule that is associated with polar atoms (e.g., O, N, S). A higher TPSA value suggests a more hydrophilic compound, which may favor interactions with polar solvents, biomolecules, or ionic sites. However, excess hydrophilicity can also lead to poor membrane permeability and reduced bioavailability.

3. SlogP_VSA6 (Octanol-Water Partition Coefficient, computed using a six-octanol model): This descriptor estimates a compound's lipophilicity, or its tendency to distribute between nonpolar and polar environments. A higher SlogP_VSA6 value indicates a more lipophilic compound, which can facilitate membrane permeability, drug absorption, and accumulation in lipid-rich tissues. However, excess lipophilicity may also result in poor water solubility, reduced bioavailability, and potential toxicity.

In summary, the machine learning model's prediction of a drug property is influenced by the number of rotatable bonds, the compound's hydrophilicity, and lipophilicity, as these properties affect a drug's ability to interact with its target, penetrate biological membranes, and maintain an appropriate balance between hydrophilic and lipophilic characteristics."
ADME_Sol,27,mistral,biomedical,3,"['Chi4v', 'TPSA', 'SlogP_VSA5']","[-0.09390680043786603, -0.07217541307148628, 0.06546903949234548]","
You are a biomedical expert.

A machine learning model predicted a drug property.

The most influential molecular descriptors were:

- Chi4v: -0.094
- TPSA: -0.072
- SlogP_VSA5: 0.065


Explain in biomedical and chemical terms why these descriptors influence the prediction.
Avoid mentioning SHAP or machine learning terminology.
"," In the context of predicting drug properties, molecular descriptors such as Chi4v, TPSA, and SlogP_VSA5 play crucial roles. Let's discuss each one:

1. Chi4v (Chemistry Connectivity Index, 4-dimensional, 4-node version): This descriptor reflects the 3D shape and size of a molecule, with a higher value indicating a larger or more complex molecule. In drug properties prediction, Chi4v can influence the binding affinity, permeability, and solubility of the compound, as a larger molecule may interact more extensively with its biological target but may also have difficulties crossing cell membranes or dissolving in aqueous solutions.

2. TPSA (Topological Polar Surface Area): TPSA measures the polar and hydrophilic character of a molecule's surface area. A higher TPSA value indicates a more polar molecule. This property can influence drug solubility, as more polar molecules tend to dissolve better in polar solvents like water, which is essential for drug absorption and distribution throughout the body. However, excessive polar character can reduce membrane permeability and lead to lower bioavailability.

3. SlogP_VSA5 (Octanol-water partition coefficient, 5-point, volume-scaled): SlogP is a measure of a molecule's lipophilicity, or its ability to dissolve in non-polar solvents like oil or fat. SlogP_VSA5 is an adjusted version that takes into account the volume of the molecule. A higher SlogP_VSA5 value indicates a more lipophilic molecule. This property can influence drug absorption, distribution, and metabolism. Lipophilic compounds tend to be more readily absorbed by fatty tissues and cell membranes, but excessive lipophilicity can lead to slow drug metabolism and elimination, which may prolong the drug's effect and increase the risk of toxicity.

In summary, the predictive model uses these molecular descriptors to evaluate the drug's properties such as size, shape, polarity, and lipophilicity, which in turn influence the drug's ability to interact with biological targets, cross cell membranes, dissolve in bodily fluids, and be metabolized by enzymes. Optimizing these properties is essential for designing effective and safe drugs."
ADME_Sol,28,mistral,biomedical,3,"['NumHDonors', 'Chi4v', 'TPSA']","[0.08824704304137442, 0.06985233901928208, 0.05536383180661882]","
You are a biomedical expert.

A machine learning model predicted a drug property.

The most influential molecular descriptors were:

- NumHDonors: 0.088
- Chi4v: 0.070
- TPSA: 0.055


Explain in biomedical and chemical terms why these descriptors influence the prediction.
Avoid mentioning SHAP or machine learning terminology.
"," In the context of predicting drug properties, these molecular descriptors play significant roles due to their inherent chemical characteristics.

1. NumHDonors (Number of Hydrogen Bond Donors): This descriptor refers to the number of functional groups in a molecule that can act as a hydrogen bond donor. Hydrogen bonding is an important intermolecular force that plays a crucial role in drug-receptor interactions. A higher number of hydrogen bond donors can increase the binding affinity of a drug to its target, thereby influencing the prediction of the drug property.

2. Chi4v (Chemical constitutional index - 4-dimensional version): This descriptor represents a molecular shape and size parameter. It considers the connectivity of atoms in a molecule, accounting for the spatial arrangement of different functional groups. The Chi4v value can impact the prediction of a drug property as the shape and size of a molecule often determine how it interacts with its biological target, such as fitting into the active site of an enzyme or binding to a protein.

3. TPSA (Topological Polar Surface Area): This descriptor quantifies the overall hydrophilicity or polar nature of a molecule. It considers the sum of the polar surface areas contributed by each atom in the molecule. A higher TPSA value indicates a more polar molecule, which can interact better with aqueous environments, such as biological fluids, and can potentially affect drug solubility, absorption, distribution, and metabolism. These factors may influence the prediction of the drug property."
ADME_Sol,29,mistral,biomedical,3,"['SlogP_VSA5', 'NumHAcceptors', 'VSA_EState10']","[-0.15585661988732055, -0.11754245623638872, -0.07515381448569614]","
You are a biomedical expert.

A machine learning model predicted a drug property.

The most influential molecular descriptors were:

- SlogP_VSA5: -0.156
- NumHAcceptors: -0.118
- VSA_EState10: -0.075


Explain in biomedical and chemical terms why these descriptors influence the prediction.
Avoid mentioning SHAP or machine learning terminology.
"," In the context of predicting drug properties, these molecular descriptors play crucial roles due to their effects on the physical and chemical characteristics of the drug molecules.

1. SlogP_VSA5: This descriptor represents the octanol-water partition coefficient, which is a measure of a compound's lipophilicity, or its tendency to dissolve in lipids (oil or fat) versus water. In a biological system, drugs often need to cross cell membranes, which are lipid-based barriers. A higher SlogP value indicates greater lipophilicity, and thus a drug with a more positive SlogP value might be more likely to cross cell membranes easily, affecting drug absorption, distribution, and potentially its overall efficacy. A value of -0.156 for SlogP suggests a moderate hydrophilic nature, which might affect the drug's ability to penetrate membranes.

2. NumHAcceptors: This descriptor refers to the number of hydrogen bond acceptors in a molecule. Hydrogen bonding plays a significant role in drug-target interactions, as well as in drug-drug and drug-solvent interactions. Molecules with more hydrogen bond acceptors are often more polar, which can affect their solubility, stability, and pharmacokinetics. A higher number of hydrogen bond acceptors might enhance a drug's ability to form stable complexes with its target, improving its efficacy. A value of -0.118 for NumHAcceptors suggests a moderate number of hydrogen bond acceptors, which may influence the drug's ability to interact with biological targets.

3. VSA_EState10: This descriptor is related to the electronic distribution of the molecule, specifically the energy of the highest occupied molecular orbital (HOMO) at the 10th eigenvalue (VSA_EState10). The electronic distribution of a molecule affects its reactivity, and thus its ability to interact with biological targets. A lower value for VSA_EState10 indicates a more stable molecule with less electron density, which might make the drug less reactive. A value of -0.075 for VSA_EState10 suggests a relatively stable molecule, and its impact on the drug's reactivity and overall property prediction could be significant.

In summary, these molecular descriptors influence the prediction of a drug property by reflecting the drug's lipophilicity, polarity, and electronic distribution, which in turn affect the drug's ability to cross cell membranes, interact with biological targets, and exhibit the desired pharmacological effects."
ADME_Sol,30,mistral,biomedical,3,"['VSA_EState3', 'NumHDonors', 'Chi2n']","[-0.1513711476809311, 0.1039060673222219, 0.0781738276383899]","
You are a biomedical expert.

A machine learning model predicted a drug property.

The most influential molecular descriptors were:

- VSA_EState3: -0.151
- NumHDonors: 0.104
- Chi2n: 0.078


Explain in biomedical and chemical terms why these descriptors influence the prediction.
Avoid mentioning SHAP or machine learning terminology.
"," In the context of predicting a drug property, molecular descriptors are quantitative attributes of a molecule that can help understand and explain its properties, behavior, and potential activity. Here's a brief explanation of how the mentioned descriptors might influence the prediction:

1. VSA_EState3: This descriptor is related to the electronic state of a molecule, specifically the third vertical ionization energy state. The negative value indicates a lower energy required for the third ionization, suggesting a more electron-rich molecule. Electron-rich molecules may exhibit increased reactivity, polarizability, or affinity for certain biological targets.

2. NumHDonors: This descriptor refers to the count of hydrogen bond donors in a molecule. A higher number of hydrogen bond donors can enhance the interaction between the drug molecule and biological macromolecules, such as proteins or nucleic acids. This interaction can affect the drug's binding affinity, stability, and biological activity.

3. Chi2n: This descriptor is a contour shape index, representing the shape complexity of a molecule. A higher Chi2n value indicates a more branched or flexible molecule, which may enable better adaptation to the 3D structure of the target site. This adaptability can potentially improve the drug's binding affinity and bioavailability."
ADME_Sol,31,mistral,biomedical,3,"['SlogP_VSA5', 'TPSA', 'SlogP_VSA6']","[0.06989118945750551, 0.06328904489437795, -0.056037912557066874]","
You are a biomedical expert.

A machine learning model predicted a drug property.

The most influential molecular descriptors were:

- SlogP_VSA5: 0.070
- TPSA: 0.063
- SlogP_VSA6: -0.056


Explain in biomedical and chemical terms why these descriptors influence the prediction.
Avoid mentioning SHAP or machine learning terminology.
"," In the context of drug design and prediction, molecular descriptors like SlogP_VSA5, TPSA, and SlogP_VSA6 provide crucial insights into a compound's physical and chemical properties, which can significantly impact its pharmacological behavior.

1. SlogP_VSA5 (Octanol-Water Partition Coefficient at pH 5.0, fifth von Zumblewag's Variable Solvation Model): This descriptor quantifies a molecule's hydrophobicity, which is a critical factor in drug absorption, distribution, metabolism, excretion, and toxicity (ADMET). A higher value indicates a more hydrophobic molecule, which may have better lipid solubility and potentially enhanced absorption across biological membranes. However, excessive hydrophobicity could lead to poor water solubility, resulting in slower dissolution rates and reduced bioavailability.

2. TPSA (Topological Polar Surface Area): TPSA represents the total exposed polar surface of a molecule, reflecting its polar or hydrophilic nature. A higher TPSA value indicates a molecule with more oxygen and nitrogen atoms, often found in functional groups such as hydroxyl, amine, and carboxyl groups. These polar groups can form hydrogen bonds with biomolecules like water or other drug molecules, which can influence a drug's solubility, permeability, and interaction with biological targets. High TPSA may also correlate with reduced drug permeability across biological membranes, potentially affecting its absorption and distribution.

3. SlogP_VSA6 (Octanol-Water Partition Coefficient at pH 6.0, sixth von Zumblewag's Variable Solvation Model): Similar to SlogP_VSA5, SlogP_VSA6 measures hydrophobicity but at a different pH value. Changes in pH can impact the ionization state of certain functional groups, which can influence a molecule's overall hydrophobicity and, consequently, its drug properties. For example, a basic compound like ammonia (NH3) is uncharged (protonated) at lower pH levels and becomes charged (deprotonated) at higher pH levels. This ionization state change affects the compound's solubility, hydrogen bonding, and interactions with biomolecules.

In summary, these molecular descriptors play essential roles in determining a drug's pharmacokinetic and pharmacodynamic properties by influencing factors like solubility, permeability, ionization state, and hydrogen bonding. By understanding how these descriptors contribute to a drug's properties, researchers can design and optimize drugs more effectively, ultimately leading to improved therapeutic outcomes."
ADME_Sol,32,mistral,biomedical,3,"['SlogP_VSA6', 'NumHDonors', 'EState_VSA7']","[0.1182447183425991, 0.05675323503802553, 0.05256689529828691]","
You are a biomedical expert.

A machine learning model predicted a drug property.

The most influential molecular descriptors were:

- SlogP_VSA6: 0.118
- NumHDonors: 0.057
- EState_VSA7: 0.053


Explain in biomedical and chemical terms why these descriptors influence the prediction.
Avoid mentioning SHAP or machine learning terminology.
"," In biomedical and chemical terms, these molecular descriptors play significant roles in predicting drug properties due to their impacts on drug structure, molecular interactions, and pharmacokinetics.

1. SlogP_VSA6 (Octanol-Water Partition Coefficient calculated via the Veillard method at pH 6): This descriptor represents the hydrophobicity or lipophilicity of a molecule. Lipophilicity influences a drug's solubility, permeability, and distribution within the body. A higher value indicates a more lipophilic compound, which may lead to better cell membrane permeability but could also result in lower solubility and increased potential for accumulation in lipid-rich tissues.

2. NumHDonors (Number of Hydrogen Bond Donors): This descriptor reflects the number of atoms in a molecule that can form hydrogen bonds with other molecules, such as water, proteins, or nucleic acids. Hydrogen bonding plays a crucial role in drug-target interactions, drug-drug interactions, and pharmacokinetics. A higher number of hydrogen bond donors may improve a drug's affinity for its target but could also increase the risk of undesirable interactions with other molecules in the body.

3. EState_VSA7 (Energy state calculated via the Veillard method): This descriptor represents the overall electronic distribution and polarizability of a molecule. The electronic distribution affects the molecule's reactivity, while polarizability influences its ability to interact with electric fields. Changes in electronic distribution and polarizability can influence a drug's binding affinity, ionization state, and metabolism. A higher energy state may indicate a more polar or reactive molecule, which could potentially enhance drug-target interactions but might also affect the drug's stability or metabolic clearance.

In summary, these molecular descriptors influence drug predictions due to their impacts on lipophilicity, hydrogen bonding, electronic distribution, and polarizability. By understanding these factors, scientists can optimize drug design to improve efficacy, safety, and pharmacokinetic properties."
ADME_Sol,33,mistral,biomedical,3,"['Chi4v', 'FpDensityMorgan2', 'SlogP_VSA5']","[0.08254372357954769, -0.07415146331029826, 0.056707134604638845]","
You are a biomedical expert.

A machine learning model predicted a drug property.

The most influential molecular descriptors were:

- Chi4v: 0.083
- FpDensityMorgan2: -0.074
- SlogP_VSA5: 0.057


Explain in biomedical and chemical terms why these descriptors influence the prediction.
Avoid mentioning SHAP or machine learning terminology.
"," In the context of predicting drug properties, molecular descriptors play a crucial role as they quantify various physicochemical and structural characteristics of a drug molecule. These descriptors help us understand how the structure of a molecule influences its behavior within a biological system. Here's a brief explanation of how the mentioned descriptors could influence the predicted drug property:

1. Chi4v (Chemistry Connectivity Index): This descriptor quantifies the complexity of a molecule's structure by counting the number of walks of length 4 (i.e., consecutive atoms) without repetition. A higher value of Chi4v indicates a more complex structure, which may lead to more extensive interactions with biological targets, thus influencing the predicted drug property.

2. FpDensityMorgan2 (Fractional Polar Surface Area density calculated using Morgan 2D chemistry fingerprints): This descriptor measures the polarity of a molecule, which is essential for drug-target interactions. A negative value indicates a relatively less polar molecule, while a positive value indicates a more polar one. Polarity can impact various aspects of drug behavior, such as solubility, permeability, and interactions with biomolecules, all of which can influence the predicted drug property.

3. SlogP_VSA5 (Octanol-water partition coefficient calculated using the Verloop, Sandberg, and van de Grinten method with five segments): This descriptor reflects a molecule's hydrophobicity, which is an essential factor in drug absorption, distribution, metabolism, excretion, and toxicity (ADMET). A higher value of SlogP indicates a more hydrophobic molecule, which may be more likely to cross lipid membranes and thus influence the predicted drug property.

In summary, the molecular descriptors Chi4v, FpDensityMorgan2, and SlogP_VSA5 influence the predicted drug property by quantifying various aspects of a molecule's structure and behavior, such as complexity, polarity, and hydrophobicity, which are all crucial factors in drug-target interactions and overall drug behavior within a biological system."
ADME_Sol,34,mistral,biomedical,3,"['Chi4v', 'NumHAcceptors', 'EState_VSA7']","[-0.12807774769202948, -0.08371095247071787, -0.07815691510944905]","
You are a biomedical expert.

A machine learning model predicted a drug property.

The most influential molecular descriptors were:

- Chi4v: -0.128
- NumHAcceptors: -0.084
- EState_VSA7: -0.078


Explain in biomedical and chemical terms why these descriptors influence the prediction.
Avoid mentioning SHAP or machine learning terminology.
"," In the context of predicting drug properties, molecular descriptors play a crucial role as they quantitatively describe the structural and electronic properties of a molecule. Here's a simple explanation for the influence of the mentioned descriptors:

1. Chi4v (Chemistry Connectivity Index, fourth order, volume): This descriptor provides information about the 3D structure and volume of the molecule. A more substantial volume or complex 3D structure may affect various drug properties such as solubility, permeability, and pharmacokinetics, which could influence the prediction. For example, a larger volume might lead to poorer solubility, making it harder for the drug to dissolve in aqueous solutions and reach its site of action.

2. NumHAcceptors (Number of hydrogen bond acceptors): This descriptor represents the number of atoms in the molecule capable of forming hydrogen bonds with another molecule, typically with a donor of a hydrogen atom (such as water or amino acid side chains in proteins). The number of hydrogen bond acceptors can significantly impact drug properties like binding affinity, solubility, and bioavailability. For instance, having more hydrogen bond acceptors can lead to increased binding affinity with biological targets, but it might also lead to poorer solubility if the molecule becomes too hydrophilic.

3. EState_VSA7 (Evaporative Ionization Mass Spectrometry, 7th principal component): This descriptor offers insights into the molecule's ionization behavior and fragmentation patterns under specific conditions, such as evaporative ionization mass spectrometry (EI-MS). The ionization behavior of a drug can influence its absorption, distribution, metabolism, and excretion (ADME) properties. For example, a molecule with specific ionization patterns may be more susceptible to metabolism in the body, which could lead to altered drug efficacy or toxicity.

In summary, these molecular descriptors influence the prediction of drug properties due to their impact on various aspects of drug behavior, such as 3D structure, hydrogen bonding, ionization behavior, and fragmentation patterns. Understanding these molecular descriptors can aid in drug design and optimization for improved pharmacological outcomes."
ADME_Sol,35,mistral,biomedical,3,"['SlogP_VSA6', 'NumHAcceptors', 'NumAromaticHeterocycles']","[0.09562830232524065, 0.08817357093032828, 0.07662566115428844]","
You are a biomedical expert.

A machine learning model predicted a drug property.

The most influential molecular descriptors were:

- SlogP_VSA6: 0.096
- NumHAcceptors: 0.088
- NumAromaticHeterocycles: 0.077


Explain in biomedical and chemical terms why these descriptors influence the prediction.
Avoid mentioning SHAP or machine learning terminology.
"," In the context of predicting drug properties, these molecular descriptors play crucial roles due to their impact on the pharmacokinetics and pharmacodynamics of a drug molecule.

1. SlogP_VSA6: This descriptor represents the hydrophobicity of a molecule, calculated using the Verloop-Snyder-Berger octanol-water partition coefficient. Hydrophobicity is an important factor in drug absorption, distribution, and membrane permeability. Drugs with higher hydrophobicity tend to dissolve better in lipids, allowing them to pass through cell membranes more easily. However, excessive hydrophobicity can lead to poor solubility in aqueous environments, which may affect drug bioavailability.

2. NumHAcceptors: This descriptor refers to the number of hydrogen acceptors in a molecule. Hydrogen acceptors are atoms (like oxygen or nitrogen) that can form hydrogen bonds with other molecules. Hydrogen bonding plays a significant role in drug-receptor interactions, protein-ligand binding, and drug metabolism. A higher number of hydrogen acceptors usually means a more polar molecule, which may improve the specificity and affinity of a drug for its target, but may also impact solubility and pharmacokinetics.

3. NumAromaticHeterocycles: This descriptor denotes the presence of aromatic heterocyclic rings in a molecule, where heterocycles are rings containing atoms other than carbon and hydrogen. Aromatic heterocycles are common structural elements in many drugs, as they can enhance the biological activity and pharmacokinetic properties of a molecule. They can contribute to improved lipophilicity, which is beneficial for membrane permeability, and can also influence the drug's ability to interact with biological targets, such as enzymes or receptors. However, the presence of aromatic heterocycles may also affect drug metabolism and excretion.

In summary, these molecular descriptors (SlogP_VSA6, NumHAcceptors, and NumAromaticHeterocycles) are influential in drug property predictions due to their impact on various pharmacokinetic and pharmacodynamic aspects, including absorption, distribution, membrane permeability, drug-target interactions, and metabolism. A proper balance among these properties is essential for an effective drug candidate."
ADME_Sol,36,mistral,biomedical,3,"['SlogP_VSA5', 'NumHDonors', 'TPSA']","[-0.13997190830742964, 0.0985239117591176, 0.09538522280249978]","
You are a biomedical expert.

A machine learning model predicted a drug property.

The most influential molecular descriptors were:

- SlogP_VSA5: -0.140
- NumHDonors: 0.099
- TPSA: 0.095


Explain in biomedical and chemical terms why these descriptors influence the prediction.
Avoid mentioning SHAP or machine learning terminology.
"," In the context of predicting drug properties, these molecular descriptors play crucial roles due to their inherent chemical and biochemical properties.

1. SlogP_VSA5 (Logarithm of the Octanol-Water Partition Coefficient, Version 5) represents the hydrophobicity or lipophilicity of a molecule. This descriptor is important in drug prediction because it helps estimate the drug's ability to dissolve in lipids, which can impact its ability to cross biological membranes, such as cell membranes or the blood-brain barrier. High values usually indicate a more lipophilic compound, whereas low values suggest a more hydrophilic compound.

2. NumHDonors refers to the number of hydrogen bond donors in the molecule. Hydrogen bond donors are atoms capable of forming hydrogen bonds, which are non-covalent interactions involving the sharing of an electronegative atom's hydrogen bond with another electronegative atom's lone pair. The number of hydrogen bond donors can influence a drug's affinity for biological targets (such as proteins or nucleic acids) and its ability to interact with other molecules in the body. A higher number of hydrogen bond donors often means the drug can form more interactions, potentially increasing its potency or specificity.

3. TPSA (Topological Polar Surface Area) is a measure of the total polar surface area of a molecule, which provides information about its overall polarity. A higher TPSA value suggests a more polar molecule, meaning it prefers to interact with polar environments such as water or polar groups on biomolecules. This can affect the drug's solubility, distribution, and interaction with biological targets, and may influence its pharmacokinetics (the time course of a drug's absorption, distribution, metabolism, and excretion).

In summary, these molecular descriptors influence the predicted drug property due to their roles in determining the drug's lipophilicity, ability to form hydrogen bonds, and overall polarity, which can impact the drug's ability to cross biological membranes, interact with biological targets, and behave within the body."
ADME_Sol,37,mistral,biomedical,3,"['Chi4v', 'TPSA', 'SlogP_VSA6']","[0.05658970292411931, 0.03873519479352951, 0.03308506605404249]","
You are a biomedical expert.

A machine learning model predicted a drug property.

The most influential molecular descriptors were:

- Chi4v: 0.057
- TPSA: 0.039
- SlogP_VSA6: 0.033


Explain in biomedical and chemical terms why these descriptors influence the prediction.
Avoid mentioning SHAP or machine learning terminology.
"," In the context of predicting drug properties, molecular descriptors play a crucial role as they quantitatively characterize the chemical structure of a compound. Here, I will explain the potential influence of the specified molecular descriptors (Chi4v, TPSA, and SlogP_VSA6) on drug properties.

1. Chi4v (Chemistry Connectivity Index, order 4): This descriptor represents the sum of the 4th powers of the connectivity numbers for each atom in the molecule. The connectivity number of an atom is the number of bonds it forms with other atoms. Chi4v can help predict properties related to the overall molecular complexity, size, and branching patterns, which may influence drug properties such as solubility, permeability, and binding affinity to biological targets.

2. TPSA (Topological Polar Surface Area): TPSA quantifies the polar surface area of a molecule, which reflects the hydrophilic character and the presence of polar functional groups such as hydroxyl, amide, or carboxyl. Higher TPSA values indicate a more hydrophilic molecule, which can impact drug solubility, absorption, and distribution within the body.

3. SlogP_VSA6 (Octanol-water partition coefficient, Verloop-SlogP6): SlogP_VSA6 is a logarithmic scale measurement of a molecule's hydrophobic character, calculated based on the distribution coefficient between octanol and water. It quantifies the ability of a molecule to partition between hydrophobic (like the lipid bilayer of cell membranes) and hydrophilic (like water) environments. A higher SlogP_VSA6 value suggests a more lipophilic molecule, which can impact drug permeability, membrane penetration, and pharmacokinetics.

In summary, these molecular descriptors are essential in predicting drug properties as they provide quantitative characterization of the drug's chemical structure, including its complexity, hydrophilicity, and lipophilicity. These properties can significantly influence the drug's behavior within the body, such as its solubility, permeability, and binding affinity, which are crucial factors in determining drug efficacy and safety."
ADME_Sol,38,mistral,biomedical,3,"['NumHAcceptors', 'fr_COO', 'Chi4v']","[0.08907308090620168, -0.0823773916414166, -0.08042072738349593]","
You are a biomedical expert.

A machine learning model predicted a drug property.

The most influential molecular descriptors were:

- NumHAcceptors: 0.089
- fr_COO: -0.082
- Chi4v: -0.080


Explain in biomedical and chemical terms why these descriptors influence the prediction.
Avoid mentioning SHAP or machine learning terminology.
"," In the context of predicting drug properties, molecular descriptors like NumHAcceptors, fr_COO, and Chi4v play crucial roles due to their influence on the structure and behavior of the drug molecule.

1. NumHAcceptors: This descriptor refers to the number of hydrogen acceptor groups in the molecule. Hydrogen acceptor groups are atoms or functional groups that can form hydrogen bonds, such as oxygen in alcohols, carboxylic acids, or amides. Hydrogen bonding is an important intermolecular force in drug-target interactions, and the number of hydrogen acceptors can significantly affect a drug's affinity for a target, its solubility, and its overall biological activity.

2. fr_COO: This descriptor likely represents the fraction of carboxylic acid (COOH) groups in the molecule. Carboxylic acids are weak acids that can donate a proton (H+) in an aqueous solution, forming a carboxylate ion (COO-). The presence of carboxylic acid groups can influence a drug's pKa (acid dissociation constant), which can affect its ionization state, solubility, and drug-target interactions.

3. Chi4v: This descriptor is related to the 4-dimensional cyclic variation of the molecular conformation, specifically the variation of the torsional angles. Molecular conformation significantly impacts a drug's binding to its target, as it determines the spatial arrangement of functional groups in the drug molecule. The Chi4v descriptor helps predict the preferred conformations of a molecule, which can influence its drug-target interactions and overall activity.

In summary, these molecular descriptors influence the prediction of drug properties because they provide valuable information about the drug's structure, including the number and type of functional groups, the molecule's preferred conformations, and the presence of important intermolecular forces like hydrogen bonding. These factors collectively determine the drug's behavior and effectiveness in a biological context."
ADME_Sol,39,mistral,biomedical,3,"['MolWt', 'VSA_EState10', 'NumAromaticCarbocycles']","[-0.10984177810988467, -0.10189417199215237, -0.09382353366442965]","
You are a biomedical expert.

A machine learning model predicted a drug property.

The most influential molecular descriptors were:

- MolWt: -0.110
- VSA_EState10: -0.102
- NumAromaticCarbocycles: -0.094


Explain in biomedical and chemical terms why these descriptors influence the prediction.
Avoid mentioning SHAP or machine learning terminology.
"," In the context of predicting drug properties, molecular descriptors play a crucial role as they quantify various aspects of a molecule's structure and properties. Let's discuss the impact of the mentioned molecular descriptors:

1. MolWt (Molecular Weight): Molecular weight refers to the sum of the atomic masses of all atoms in a molecule. It helps determine the size, polarity, and volatility of a drug molecule. A lower molecular weight typically leads to higher drug absorption, distribution, and excretion rates. Lower values in the molecular weight descriptor might suggest the predicted drug is smaller and potentially more easily absorbed, thus influencing the predicted drug property.

2. VSA_EState10: This descriptor refers to the electronic state distribution at the 10th vertex in a molecular graph. Electronic state distribution describes the distribution of electrons within a molecule, which can impact various properties such as reactivity, stability, and drug-target interactions. A lower value could indicate a more stable or less reactive drug molecule, which might influence the predicted drug property.

3. NumAromaticCarbocycles: This descriptor represents the number of aromatic carbocyclic rings in a molecule. Aromatic rings are cyclic ring structures containing only carbon and hydrogen atoms with alternating double bonds. The presence of aromatic rings can affect various properties like lipophilicity, solubility, and biological activity. A higher number of aromatic rings might increase the lipophilicity and potential drug-target interaction affinity, thereby influencing the predicted drug property.

In summary, these molecular descriptors influence the predicted drug property by quantifying the size, stability, reactivity, and other relevant properties of the drug molecule."
ADME_Sol,40,mistral,biomedical,3,"['NumHDonors', 'Chi4v', 'TPSA']","[0.07396863078743451, 0.06893103878214406, 0.04945121866470124]","
You are a biomedical expert.

A machine learning model predicted a drug property.

The most influential molecular descriptors were:

- NumHDonors: 0.074
- Chi4v: 0.069
- TPSA: 0.049


Explain in biomedical and chemical terms why these descriptors influence the prediction.
Avoid mentioning SHAP or machine learning terminology.
"," In the prediction of drug properties, molecular descriptors are used to quantify various chemical and structural properties of a drug molecule. Here's how the three descriptors mentioned – NumHDonors, Chi4v, and TPSA – can influence the predicted drug property:

1. NumHDonors (Number of Hydrogen Donors): This descriptor represents the number of atoms in a molecule that can potentially donate a hydrogen atom (usually Nitrogen, Oxygen, and sometimes Sulphur) in a reaction or interaction. A higher NumHDonors value can signify a molecule with more ionizable groups (like amines, alcohols, and carboxylic acids), which can influence the drug's reactivity, solubility, and potential for forming hydrogen bonds with biological targets.

2. Chi4v (Chemical Constitutional Index of topological surface area): This descriptor is related to the surface area of the molecule and provides information about its shape and size. A higher Chi4v value suggests a more complex molecular structure with a larger surface area. This can influence the drug's penetration through biological membranes, its interaction with target sites, and its pharmacokinetics.

3. TPSA (Topological Polar Surface Area): This descriptor quantifies the polar, hydrogen-bonding capability of a molecule's surface area. A higher TPSA value indicates a molecule with more potential hydrogen bond donors and acceptors on its surface, which can impact the drug's solubility, permeability, and its ability to interact with biological macromolecules.

Overall, these descriptors help in understanding the drug's physicochemical properties, which can affect its behavior in the body, its interaction with biological targets, and ultimately, its pharmacological activity."
ADME_Sol,41,mistral,biomedical,3,"['Chi4v', 'FpDensityMorgan1', 'SlogP_VSA5']","[0.07451767007586618, 0.06497688329733245, 0.054514923781690816]","
You are a biomedical expert.

A machine learning model predicted a drug property.

The most influential molecular descriptors were:

- Chi4v: 0.075
- FpDensityMorgan1: 0.065
- SlogP_VSA5: 0.055


Explain in biomedical and chemical terms why these descriptors influence the prediction.
Avoid mentioning SHAP or machine learning terminology.
"," In the context of predicting drug properties, molecular descriptors serve as numerical quantities that characterize the structure of a molecule. These descriptors provide insights into various chemical and physical properties of the drug that may influence its behavior, such as solubility, permeability, and pharmacokinetics.

1. Chi4v (Chemical Complexity Index): This descriptor quantifies the complexity of a molecule by considering the numbers and types of different functional groups, rings, and branches present. A higher Chi4v value suggests a more complex structure, which could potentially lead to increased metabolic stability, increased drug-drug interactions, and altered pharmacokinetic profiles.

2. FpDensityMorgan1 (Fingerprint Morgan density at radius 1): This descriptor reflects the density of the molecular surface at a specific radius, which is related to the size and shape of the molecule. A higher FpDensityMorgan1 value indicates a larger, more spread-out molecule, which might affect its ability to cross biological membranes, interact with proteins, or bind to specific receptors.

3. SlogP_VSA5 (Octanol-water partition coefficient calculated with the VSA method at pH 5): This descriptor measures the lipophilicity (affinity for lipids) of a molecule, which is crucial for predicting its absorption, distribution, metabolism, and excretion (ADME) properties. A higher SlogP_VSA5 value indicates a more lipophilic molecule, which may facilitate passive diffusion through cell membranes, increasing its potential to reach target sites within the body. However, high lipophilicity can also lead to poor water solubility, which could affect its bioavailability and drug-like properties."
ADME_Sol,42,mistral,biomedical,3,"['BCUT2D_CHGLO', 'Chi4v', 'SlogP_VSA6']","[-0.08771689015788203, 0.08367825310556866, 0.07587102478307998]","
You are a biomedical expert.

A machine learning model predicted a drug property.

The most influential molecular descriptors were:

- BCUT2D_CHGLO: -0.088
- Chi4v: 0.084
- SlogP_VSA6: 0.076


Explain in biomedical and chemical terms why these descriptors influence the prediction.
Avoid mentioning SHAP or machine learning terminology.
"," In the context of drug property prediction, molecular descriptors like BCUT2D_CHGLO, Chi4v, and SlogP_VSA6 play crucial roles as they provide quantitative measures of various properties of a molecule, which can significantly influence its biological behavior.

1. BCUT2D_CHGLO: This descriptor represents the charge distribution in the two-dimensional (2D) structure of a molecule. Drugs interact with biological targets by forming bonds and complexes. The charge distribution affects these interactions, and thus, it can influence a drug's affinity, specificity, and overall activity. A negative value for BCUT2D_CHGLO suggests a more negative charge distribution, which may affect the drug's interactions with positively charged biological targets such as amino acids in proteins.

2. Chi4v: Chi (Chemotypic Index) descriptors measure the complexity of a molecule's ring structure. Chi4v specifically focuses on the number of rings and the types of rings (aromatic or aliphatic) a molecule contains. The complexity of a drug molecule can influence its pharmacokinetic properties, such as absorption, distribution, metabolism, and excretion (ADME). A more complex molecule may have altered solubility, permeability, or metabolic stability, which can affect its overall efficacy and safety as a drug.

3. SlogP_VSA6: This descriptor is a logarithmic octanol-water partition coefficient, which quantifies the hydrophobicity of a molecule. Hydrophobicity plays a significant role in drug absorption, distribution, and membrane permeability. A higher value of SlogP_VSA6 suggests a more hydrophobic molecule, which may have better membrane permeability and increased potential for absorption, but could also lead to poor water solubility, hindering its bioavailability.

In summary, these molecular descriptors are essential in drug property prediction because they provide information about the drug molecule's charge distribution, ring structure complexity, and hydrophobicity, which can collectively influence its pharmacokinetic, pharmacodynamic, and toxicological properties."
ADME_Sol,43,mistral,biomedical,3,"['Chi4v', 'NumHAcceptors', 'NumHDonors']","[0.06226630851309479, 0.058194618221124636, 0.05375365635995539]","
You are a biomedical expert.

A machine learning model predicted a drug property.

The most influential molecular descriptors were:

- Chi4v: 0.062
- NumHAcceptors: 0.058
- NumHDonors: 0.054


Explain in biomedical and chemical terms why these descriptors influence the prediction.
Avoid mentioning SHAP or machine learning terminology.
"," In the prediction of a drug property by the machine learning model, these three molecular descriptors - Chi4v, NumHAcceptors, and NumHDonors - play significant roles due to their chemical and biomedical implications.

1. Chi4v (Chemical Complexity or Hansch's Constant): This descriptor quantifies the structural complexity of a molecule. It is an indicator of the lipophilicity (affinity for non-polar structures like fat or oil) of the compound. Lipophilicity can influence a drug's absorption, distribution, metabolism, and excretion (ADME) properties, as well as its ability to cross biological membranes and interact with biological targets.

2. NumHAcceptors (Number of Hydrogen Bond Acceptors): These are the atoms in a molecule that can donate a hydrogen bond to another molecule or structure. Hydrogen bonds are essential for various biological interactions, such as protein-ligand (drug-target) binding, and hydrogen bonding can affect a drug's affinity, specificity, and overall activity towards its target.

3. NumHDonors (Number of Hydrogen Bond Donors): These are the atoms in a molecule that can accept a hydrogen bond from another molecule or structure. Similar to NumHAcceptors, the presence of hydrogen bond donors can influence a drug's interactions with biological targets, such as proteins and nucleic acids, as well as its solubility and overall pharmacological behavior.

In summary, the machine learning model's prediction is influenced by these molecular descriptors because they provide important information about the drug's structural complexity, hydrogen bonding capabilities, and potential interactions with biological targets, which are all critical factors for determining a drug's pharmacological properties and overall efficacy."
ADME_Sol,44,mistral,biomedical,3,"['Chi4v', 'SlogP_VSA5', 'FpDensityMorgan2']","[0.07596985486468655, 0.04246873601549564, -0.038500340512766844]","
You are a biomedical expert.

A machine learning model predicted a drug property.

The most influential molecular descriptors were:

- Chi4v: 0.076
- SlogP_VSA5: 0.042
- FpDensityMorgan2: -0.039


Explain in biomedical and chemical terms why these descriptors influence the prediction.
Avoid mentioning SHAP or machine learning terminology.
"," In the context of predicting drug properties, these molecular descriptors play crucial roles due to their influence on the chemical and physical characteristics of the drugs.

1. Chi4v (Chemical complexity): Chi4v is a measure of the chemical complexity of a compound. It quantifies the number of rings, branches, and rotatable bonds in a molecule. A higher Chi4v value indicates a more complex structure, which may have an impact on the drug's behavior. For instance, complex structures can lead to increased metabolic stability, better solubility, and potentially enhanced drug-target interactions. However, high complexity may also result in poorer drug-like properties such as increased toxicity or reduced bioavailability.

2. SlogP_VSA5 (Lipophilicity): SlogP is a logarithmic scale that describes a molecule's ability to partition between oil (lipophilic) and water (hydrophilic) phases. SlogP_VSA5 is the average value from five different methods (VSA, ALogPS, ZLOGP3, XLOGP3, and MLOGP) to provide a robust estimation of the compound's lipophilicity. Lipophilicity is essential for drug absorption, distribution, metabolism, and excretion. A higher SlogP value implies a greater affinity for lipids, which may contribute to better membrane penetration and improved oral bioavailability. However, excessive lipophilicity might lead to issues like poor water solubility, increased metabolism, or potential toxicity.

3. FpDensityMorgan2 (Electron density): FpDensityMorgan2 is a measure of the electron density around a particular atom in a molecule. It is calculated using the Morgan fingerprint, which describes the molecular structure based on atom types and the connections between atoms. The electron density distribution can significantly impact the reactivity, electrophilicity, and nucleophilicity of a drug molecule, which are essential factors in drug-target interactions. A more negative FpDensityMorgan2 value suggests a higher electron density, potentially making the molecule more polar or electronegative, which may influence the drug's ability to interact with various biological targets.

In summary, these molecular descriptors influence the prediction of drug properties by reflecting the chemical complexity, lipophilicity, and electron density distribution of the drug molecules, which are critical factors determining drug behavior, pharmacokinetics, and pharmacodynamics."
ADME_Sol,45,mistral,biomedical,3,"['Chi4v', 'TPSA', 'SlogP_VSA5']","[0.06752364137590681, 0.04754089626444998, 0.040413003533453624]","
You are a biomedical expert.

A machine learning model predicted a drug property.

The most influential molecular descriptors were:

- Chi4v: 0.068
- TPSA: 0.048
- SlogP_VSA5: 0.040


Explain in biomedical and chemical terms why these descriptors influence the prediction.
Avoid mentioning SHAP or machine learning terminology.
"," In biomedical and chemical terms, these molecular descriptors influence the prediction of a drug property due to their significant impact on the structural and physicochemical properties of the drug molecules:

1. Chi4v (Chemical Abstracts Service (CAS) constitutional autocorrelation field, fourth vertex): This descriptor measures the electron density at the fourth atom from the root atom of the molecule. It can influence the prediction because it reflects the electronic distribution and electron density around the atom, which can affect the drug's reactivity, stability, and interaction with biological targets.

2. TPSA (Topological Polar Surface Area): This descriptor quantifies the polar, hydrogen-bonding capable surface of a molecule. A higher TPSA value indicates more hydrogen-bond donors and acceptors, which can influence the drug's solubility, permeability, and ability to interact with biological macromolecules like proteins and nucleic acids.

3. SlogP_VSA5 (Octanol-water partition coefficient, fifth vertex): This descriptor estimates the lipophilicity of a molecule, which is a measure of the distribution of the molecule between octanol (a hydrophobic solvent) and water (a hydrophilic solvent). Lipophilicity can influence the drug's absorption, distribution, and metabolism, as well as its interaction with cell membranes and biological targets. By considering the fifth vertex, the descriptor takes into account the contribution of the specific atom at that position in the molecule to the overall lipophilicity.

In summary, these molecular descriptors are crucial for understanding and predicting the drug property because they provide valuable insights into the drug's electronic structure, hydrogen bonding capacity, and lipophilicity – properties that are essential for a drug's pharmacokinetics, pharmacodynamics, and overall biological activity."
ADME_Sol,46,mistral,biomedical,3,"['NumHDonors', 'Chi4v', 'SlogP_VSA5']","[0.06799436093880469, 0.057559433183113816, 0.0450731955005736]","
You are a biomedical expert.

A machine learning model predicted a drug property.

The most influential molecular descriptors were:

- NumHDonors: 0.068
- Chi4v: 0.058
- SlogP_VSA5: 0.045


Explain in biomedical and chemical terms why these descriptors influence the prediction.
Avoid mentioning SHAP or machine learning terminology.
"," In the context of predicting a drug property, these molecular descriptors play crucial roles due to their impact on the drug's structure, properties, and behavior within biological systems.

1. NumHDonors (Number of Hydrogen Donors): This descriptor indicates the number of functional groups in a molecule that can donate a hydrogen atom, such as amines, alcohols, and carboxylic acids. The number of hydrogen donors can significantly affect a drug's ability to form hydrogen bonds with biological targets, like proteins or nucleic acids. Hydrogen bonding can be essential for drug-target recognition, binding affinity, and subsequently, drug efficacy. A higher NumHDonors value may suggest a stronger binding potential, while a lower value may indicate weaker interactions.

2. Chi4v (Chemical Abstracts Service (CAS) Constitutional Index, 4-dimensional, Version 4): This descriptor is a 4D molecular fingerprint that captures the connectivity of atoms in a molecule. It encodes information about the molecular structure, including the presence and arrangement of rings, branching, and functional groups. The Chi4v descriptor can influence drug properties such as lipophilicity, solubility, and permeability, which are critical for drug absorption, distribution, metabolism, and excretion (ADME) properties. A higher Chi4v value may suggest a more complex or branched structure, potentially leading to altered drug behavior within the body.

3. SlogP_VSA5 (Octanol-Water Partition Coefficient, calculated using the virtual screening algorithm (VSA) and the 5-point scale): This descriptor represents the drug's lipophilicity, or its tendency to dissolve in lipids (fats) rather than water. Lipophilicity can influence a drug's ability to cross biological membranes, such as cell membranes and the blood-brain barrier. A higher SlogP_VSA5 value suggests a more lipophilic drug, which may have better membrane penetration but potentially reduced water solubility and increased risk of toxicity. Conversely, a lower SlogP_VSA5 value indicates a more hydrophilic drug, which may be more soluble in water but potentially less able to cross membranes.

In summary, the three molecular descriptors – NumHDonors, Chi4v, and SlogP_VSA5 – influence the predicted drug property due to their impacts on drug-target interactions, drug structure, and drug behavior within biological systems. By understanding these factors, researchers can design and optimize drugs with improved efficacy and safety profiles."
ADME_Sol,47,mistral,biomedical,3,"['SlogP_VSA5', 'EState_VSA11', 'Chi4v']","[-0.22656322266091275, -0.07765923532757228, 0.06125223391678283]","
You are a biomedical expert.

A machine learning model predicted a drug property.

The most influential molecular descriptors were:

- SlogP_VSA5: -0.227
- EState_VSA11: -0.078
- Chi4v: 0.061


Explain in biomedical and chemical terms why these descriptors influence the prediction.
Avoid mentioning SHAP or machine learning terminology.
"," In biomedical and chemical terms, these molecular descriptors influence the prediction of a drug property by providing important information about the compound's structural and physicochemical characteristics, which are crucial for drug activity and properties.

1. SlogP_VSA5: This descriptor indicates the hydrophobicity or lipophilicity of the molecule. Lipophilicity, or the tendency of a compound to dissolve in lipids (fats) rather than water, is a critical factor influencing drug absorption, distribution, metabolism, and excretion (ADME) properties. A lower value of SlogP suggests a less lipophilic molecule, which may have different drug-like properties compared to more lipophilic compounds.

2. EState_VSA11: This descriptor represents the electronic property of the molecule. Specifically, it provides information about the electron-donating or electron-withdrawing capacity of the compound. Electronic properties can affect various aspects of a drug, such as its ability to interact with biological targets (receptors, enzymes, etc.), its ionization state, and its reactivity with other molecules in the body. A more negative value of EState_VSA11 indicates a molecule with more electron-withdrawing characteristics, which may influence its interaction with biological targets.

3. Chi4v: This descriptor represents the 4-dimensional shape of the molecule, specifically the cyclicity and ring size. Drug molecules often need to interact with specific sites on biological targets, and their shape and size play a crucial role in these interactions. A positive value of Chi4v suggests a cyclic or ring-containing structure, which may contribute to the compound's activity or binding affinity.

By understanding the influences of these molecular descriptors, we can better predict the properties of potential drug candidates and design more effective therapeutics."
ADME_Sol,48,mistral,biomedical,3,"['Chi4v', 'SlogP_VSA5', 'NumHDonors']","[0.07884001516277298, 0.06563056023933742, 0.045335765623940934]","
You are a biomedical expert.

A machine learning model predicted a drug property.

The most influential molecular descriptors were:

- Chi4v: 0.079
- SlogP_VSA5: 0.066
- NumHDonors: 0.045


Explain in biomedical and chemical terms why these descriptors influence the prediction.
Avoid mentioning SHAP or machine learning terminology.
"," In the context of predicting a drug property, these molecular descriptors play crucial roles due to their influence on the structural and physicochemical properties of the drug molecules.

1. Chi4v (Chemistry Connectivity Index of order 4, volume): This descriptor provides information about the 3D structure of the molecule. A higher Chi4v value indicates a more complex and voluminous molecule, which can potentially influence various drug properties such as solubility, permeability, and pharmacokinetics. For instance, a more complex structure might make a molecule more difficult to dissolve in water (poor solubility), which can affect its bioavailability and efficacy.

2. SlogP_VSA5 (Octanol-water partition coefficient calculated using the Veillard-Schmitt-Amidon method at pH 7.5, 5 Kcal/mol energy window): This descriptor represents the hydrophobic-lipophilic balance (HLB) of the molecule, which is a measure of its lipid solubility. A higher SlogP_VSA5 value indicates a more lipophilic molecule, meaning it tends to dissolve better in oils and fats compared to water. This property can influence the drug's absorption, distribution, and excretion in the body. For example, a highly lipophilic drug might be preferentially absorbed into fatty tissues, leading to slower clearance from the body and potentially increased toxicity.

3. NumHDonors: This descriptor quantifies the number of hydrogen bond donor groups present in the molecule. Hydrogen bond donors are atoms (usually nitrogen or oxygen) that can form a hydrogen bond by donating a hydrogen atom. These groups can interact with other molecules, such as water or proteins, which can influence various drug properties. For example, a higher number of hydrogen bond donors might increase the drug's affinity for certain biological targets, improving its potency, or it could affect the drug's solubility, stability, or pharmacokinetics.

In summary, these molecular descriptors influence the prediction of a drug property because they provide valuable information about the 3D structure, hydrophobic-lipophilic balance, and hydrogen bonding capacity of the drug molecule, all of which can significantly impact its behavior within the body and its overall efficacy as a drug."
ADME_Sol,49,mistral,biomedical,3,"['NumHDonors', 'SlogP_VSA5', 'Chi4v']","[-0.3553942997869951, -0.1907551699432993, -0.14055129509752268]","
You are a biomedical expert.

A machine learning model predicted a drug property.

The most influential molecular descriptors were:

- NumHDonors: -0.355
- SlogP_VSA5: -0.191
- Chi4v: -0.141


Explain in biomedical and chemical terms why these descriptors influence the prediction.
Avoid mentioning SHAP or machine learning terminology.
"," In the context of predicting drug properties, these molecular descriptors play crucial roles due to their influence on a drug's chemical structure and behavior within a biological system.

1. NumHDonors: This descriptor refers to the number of hydrogen donors in a molecule. Hydrogen donors are chemical functional groups that can donate a hydrogen atom, such as amines (-NH2), alcohols (-OH), or carboxylic acids (-COOH). The negative value of -0.355 indicates that an increase in the number of hydrogen donors tends to decrease the predicted drug property. This may be because more hydrogen donors can enhance a drug's hydrogen bonding ability, which can influence its solubility, pharmacokinetics, and binding affinity to biological targets.

2. SlogP_VSA5: This descriptor is a measure of the hydrophobic or lipophilic character of a molecule. SlogP is a logarithmic scale of the octanol-water partition coefficient, which quantifies a molecule's tendency to dissolve in oil (lipophilic) or water (hydrophilic). The negative value of -0.191 suggests that an increase in SlogP_VSA5 corresponds to a decrease in the predicted drug property. A higher lipophilicity might lead to poor aqueous solubility, which can affect drug absorption, distribution, metabolism, and excretion (ADME) properties and bioavailability.

3. Chi4v: This descriptor represents the four-dimensional cavitation index, a measure of the three-dimensional shape of a molecule. The negative value of -0.141 indicates that an increase in Chi4v leads to a decrease in the predicted drug property. A higher Chi4v value implies a more complex, branched, or cyclic molecular structure. This complexity can influence a drug's pharmacokinetics, binding affinity, and membrane permeability, which can in turn affect its overall biological activity and potential efficacy.

In summary, the influence of these molecular descriptors on the predicted drug property is rooted in their effects on a drug's hydrogen bonding, lipophilicity, and three-dimensional shape, which collectively impact a drug's behavior within a biological system."
