endpoint,sample_id,model,strategy,top_k,features,shap_values,prompt,explanation
ADME_RLM,0,mistral,biomedical,3,"['NumValenceElectrons', 'NumSaturatedHeterocycles', 'FpDensityMorgan2']","[0.14323733333643263, 0.10566044905866491, 0.09814408390957707]","
You are a biomedical expert.

A machine learning model predicted a drug property.

The most influential molecular descriptors were:

- NumValenceElectrons: 0.143
- NumSaturatedHeterocycles: 0.106
- FpDensityMorgan2: 0.098


Explain in biomedical and chemical terms why these descriptors influence the prediction.
Avoid mentioning SHAP or machine learning terminology.
"," In the context of predicting drug properties, these molecular descriptors play crucial roles due to their influence on the structure, behavior, and interactions of the drugs with biological systems.

1. NumValenceElectrons (0.143): This descriptor refers to the number of electrons associated with each atom in a molecule that are not involved in bonding. This number is equal to the atomic number of the atom minus the number of electrons already involved in bonds. The valence electrons significantly determine the molecule's reactivity, which is essential for drug-target interactions. A higher number of valence electrons might lead to stronger interactions with biological targets, while a lower number may result in weaker or different interactions.

2. NumSaturatedHeterocycles (0.106): A heterocycle is a type of cyclic compound containing atoms other than carbon, such as nitrogen, oxygen, or sulfur. When these atoms are part of a ring and are not bonded to other ring atoms (saturated), they are part of a heterocycle. These structures can significantly alter the pharmacological properties of drugs due to their ability to interact with various biological macromolecules, such as enzymes, receptors, or DNA. The number of saturated heterocycles in a molecule can affect its size, shape, and electronic distribution, all of which can impact its drug-like properties.

3. FpDensityMorgan2 (0.098): The FpDensityMorgan2 descriptor is a quantitative measure of the density of a molecule's surface area. It is based on the Morgan two-dimensional (2D) chemical representation of a molecule and considers the electron density on the surface atoms. This descriptor is essential in determining the molecule's solubility, permeability, and pharmacokinetics, which are critical factors for drug absorption, distribution, metabolism, and excretion (ADME) properties. A higher FpDensityMorgan2 value may indicate a more dense molecular surface, leading to improved drug absorption and distribution, while a lower value may result in poorer ADME properties."
ADME_RLM,1,mistral,biomedical,3,"['AvgIpc', 'NumValenceElectrons', 'MinPartialCharge']","[-0.06331929838713857, 0.06278251945629282, 0.04650962297160636]","
You are a biomedical expert.

A machine learning model predicted a drug property.

The most influential molecular descriptors were:

- AvgIpc: -0.063
- NumValenceElectrons: 0.063
- MinPartialCharge: 0.047


Explain in biomedical and chemical terms why these descriptors influence the prediction.
Avoid mentioning SHAP or machine learning terminology.
"," In the context of predicting drug properties, molecular descriptors play a crucial role as they provide quantitative representations of a molecule's structure. Here's how the three mentioned descriptors may influence the predicted drug property:

1. AvgIpc (Average Ionization Potential of Carbonyl Carbons): This descriptor represents the average energy required to remove an electron from the carbonyl carbon (C=O) in a molecule. The higher the value, the more difficult it is to remove an electron, which may imply a more electrophilic molecule. Electrophilic compounds are more likely to react with nucleophilic sites on biological macromolecules, such as enzymes or DNA, thus influencing their biological activity. A lower value (-0.063) might suggest a less electrophilic molecule, potentially leading to different or weaker interactions with biological targets.

2. NumValenceElectrons: This descriptor reflects the total number of valence electrons in a molecule. The number of valence electrons determines the electron density and the molecule's ability to form bonds. A higher number might suggest a more electron-rich molecule, which could potentially enhance its interactions with other molecules, including biological targets. However, a higher number might also make the molecule more prone to self-association or aggregation, which could affect its bioavailability and pharmacokinetics. A value of 0.063 indicates a slight increase in the number of valence electrons, which could subtly influence the molecule's reactivity and interactions.

3. MinPartialCharge: This descriptor represents the minimum partial charge in a molecule, which reflects the distribution of electrons and the molecule's overall polarity. A higher partial charge implies a more polar molecule, which can influence its solubility, distribution, and interactions with biological targets. A more polar molecule may be more soluble in water and less likely to penetrate lipid membranes, affecting its absorption, distribution, and metabolism. A lower value (0.047) suggests a less polar molecule, which could be more lipophilic, potentially improving its ability to cross biological membranes but also increasing the risk of self-association or aggregation."
ADME_RLM,2,mistral,biomedical,3,"['BCUT2D_CHGLO', 'FpDensityMorgan2', 'NumValenceElectrons']","[0.088169545368933, -0.07816642821069815, 0.06713938599807753]","
You are a biomedical expert.

A machine learning model predicted a drug property.

The most influential molecular descriptors were:

- BCUT2D_CHGLO: 0.088
- FpDensityMorgan2: -0.078
- NumValenceElectrons: 0.067


Explain in biomedical and chemical terms why these descriptors influence the prediction.
Avoid mentioning SHAP or machine learning terminology.
"," In the context of predicting drug properties, molecular descriptors are numerical values that characterize a molecule's structure and properties. These descriptors can significantly influence the prediction as they provide essential information about the molecule's behavior, especially in terms of its interaction with biological systems.

1. BCUT2D_CHGLO (Burgess-Cutoff Unitary Transition State Descriptors - Charge Log P2D): This descriptor is related to the distribution of electron density within a molecule. The Charge Log P2D term represents the two-dimensional distribution of the hydrophilic-hydrophobic character of the molecule. A positive value for BCUT2D_CHGLO suggests that the molecule has more hydrophobic regions, which may influence its ability to penetrate lipid membranes, a crucial factor for drug absorption and distribution within the body.

2. FpDensityMorgan2 (Fractional Powers of Morgan's Fingerprint Density): This descriptor characterizes the overall molecular shape and electronic density distribution. A negative value for FpDensityMorgan2 implies that the molecule may have a more condensed or electron-rich structure, which could affect its reactivity and interaction with biological targets. For example, a drug molecule with a high electron density may be more likely to form hydrogen bonds or ionic interactions with proteins, which could influence its pharmacodynamic properties.

3. NumValenceElectrons: This descriptor refers to the number of valence electrons in a molecule, which is directly related to its atomic composition. The valence electrons are crucial for bond formation and molecular interactions. A positive value for NumValenceElectrons could indicate that the molecule has a higher electron-donating capacity, which may influence its ability to form stable bonds with other molecules, such as protein side chains or other drug molecules. Alternatively, a molecule with fewer valence electrons may have a higher electron-accepting capacity, which could influence its ability to form hydrogen bonds or other electrostatic interactions.

In summary, these molecular descriptors influence the prediction of drug properties because they provide valuable information about the molecule's structural characteristics, electronic distribution, and reactivity, all of which are critical factors for drug-target interactions and subsequent biological effects. By understanding these descriptors, we can gain insights into how molecules interact with biological systems and potentially design drugs with improved pharmacological properties."
ADME_RLM,3,mistral,biomedical,3,"['NumValenceElectrons', 'BCUT2D_CHGLO', 'Chi0n']","[0.17191914373622905, 0.13144406913073056, 0.10635649163913592]","
You are a biomedical expert.

A machine learning model predicted a drug property.

The most influential molecular descriptors were:

- NumValenceElectrons: 0.172
- BCUT2D_CHGLO: 0.131
- Chi0n: 0.106


Explain in biomedical and chemical terms why these descriptors influence the prediction.
Avoid mentioning SHAP or machine learning terminology.
"," In the context of predicting a drug property, molecular descriptors are numerical values that quantify specific chemical or structural features of a molecule. These descriptors help understand the behavior of a molecule and its potential interactions with biological systems.

1. NumValenceElectrons (0.172): This descriptor represents the number of electrons associated with each atom in a molecule, taking into account the valence electrons of each atom. This descriptor is crucial in determining the molecule's electronic properties, such as its ability to donate or accept electrons. This, in turn, affects the molecule's reactivity and its interaction with biological targets like proteins, nucleic acids, or other small molecules.

2. BCUT2D_CHGLO (0.131): BCUT (Burger's Circular Undeflected Transition) is a descriptor that quantifies the polarizability of a molecule. BCUT2D_CHGLO specifically refers to the second polarizability component along the C-H and G-L directions (Carbon-Hydrogen and General-Lone pair, respectively). Polarizability is a measure of a molecule's ability to change its shape in response to an applied electric field. In the context of drugs, polarizability can influence the molecule's ability to interact with biological targets, penetrate cell membranes, and its overall pharmacokinetic and pharmacodynamic properties.

3. Chi0n (0.106): Chi (Chemistry Information Group Index) descriptors are topological indices used to characterize the molecular structure. Chi0n specifically refers to the number of cyclic rings in the molecule. Cyclic structures in drugs can influence their conformation, stability, and their ability to bind to specific biological targets. Drugs with cyclic structures often have improved oral bioavailability and lower metabolic rates, making them more effective and longer-lasting in the body.

In summary, these molecular descriptors influence the prediction of a drug property by providing insights into the electronic, geometric, and topological features of the molecule, all of which are crucial in understanding the molecule's behavior and potential interactions with biological systems."
ADME_RLM,4,mistral,biomedical,3,"['PEOE_VSA12', 'BCUT2D_CHGLO', 'SlogP_VSA2']","[-0.1240532791901092, 0.12161941571194915, -0.08665936354010007]","
You are a biomedical expert.

A machine learning model predicted a drug property.

The most influential molecular descriptors were:

- PEOE_VSA12: -0.124
- BCUT2D_CHGLO: 0.122
- SlogP_VSA2: -0.087


Explain in biomedical and chemical terms why these descriptors influence the prediction.
Avoid mentioning SHAP or machine learning terminology.
"," In the context of predicting a drug property, these molecular descriptors play crucial roles by providing quantitative measurements that characterize the structure and behavior of the drug molecules. Let me explain the influence of the mentioned descriptors:

1. PEOE_VSA12: This descriptor represents the polar surface area (PSA), which quantifies the total surface area of polar atoms in a molecule, such as oxygen, nitrogen, and sulfur. PSA is an essential factor in drug absorption, distribution, metabolism, excretion, and toxicity (ADMET) properties. A lower PEOE_VSA12 value (in this case, -0.124) indicates a smaller polar surface area, potentially suggesting a drug molecule with better lipid solubility and potential for improved absorption and permeability, but possibly less water solubility.

2. BCUT2D_CHGLO: This descriptor is related to the 2D constitutional (bond count) unnormalized connectivity index (BCUT) for molecules with a charge log P (hydrophobic-lipophilic balance) of 2. BCUT is a topological index that reflects the molecular connectivity, which can influence various properties such as reactivity, polarizability, and solubility. A higher BCUT value (0.122) indicates a more complex, highly connected molecule, which might result in increased potential for biological interactions, but could also impact the molecule's solubility, metabolic stability, and pharmacokinetic profile.

3. SlogP_VSA2: This descriptor represents the octanol-water partition coefficient (logP), which quantifies a molecule's hydrophobic-lipophilic balance. SlogP_VSA2 is a corrected logP value for compounds with a specific number of rotatable bonds (2). Hydrophobic molecules tend to dissolve more readily in nonpolar solvents, like octanol, compared to water. A lower SlogP_VSA2 value (-0.087) indicates a less hydrophobic drug molecule, potentially suggesting improved water solubility and better absorption, but less potential for lipid membrane permeability and possibly reduced drug-protein interaction.

Overall, these molecular descriptors help predict drug properties by providing insights into the structural and chemical characteristics of the drug molecules, such as their polar and hydrophobic nature, molecular complexity, and hydrophobic-lipophilic balance, which can significantly impact the drug's ADMET profile and overall efficacy."
ADME_RLM,5,mistral,biomedical,3,"['NumValenceElectrons', 'BCUT2D_CHGLO', 'MinPartialCharge']","[-0.568895664135654, -0.06330421247746273, -0.052812243684025074]","
You are a biomedical expert.

A machine learning model predicted a drug property.

The most influential molecular descriptors were:

- NumValenceElectrons: -0.569
- BCUT2D_CHGLO: -0.063
- MinPartialCharge: -0.053


Explain in biomedical and chemical terms why these descriptors influence the prediction.
Avoid mentioning SHAP or machine learning terminology.
"," In the context of predicting a drug property, these molecular descriptors play crucial roles due to their influence on the drug's chemical and biological behavior.

1. NumValenceElectrons (-0.569): This descriptor indicates the number of electrons associated with the outermost shell of an atom in a molecule, also known as the valence electrons. The valence electrons are primarily involved in forming chemical bonds with other atoms. A change in the number of valence electrons can significantly affect the molecule's reactivity and, consequently, its pharmacological activity. For example, a higher number of valence electrons might increase the molecule's electron density, making it more likely to interact with biological targets.

2. BCUT2D_CHGLO (-0.063): This descriptor is a two-dimensional polarizability parameter obtained from the Born-Kuhn-Huang-Yang (BKHY) equation, which quantifies the molecule's ability to deform its electron density in response to an external electric field. Polarizability plays a vital role in drug-receptor interactions since it affects the molecule's charge distribution and dipole moment, both of which are essential for binding affinity and specificity. A higher value of BCUT2D_CHGLO might imply better solubility or enhanced interaction with biological targets, thus influencing the predicted drug property.

3. MinPartialCharge (-0.053): This descriptor represents the minimum partial charge of a molecule, which is the distribution of charges across the atoms due to the separation of electrons and protons within chemical bonds. The partial charges influence the electrostatic interactions between the drug molecule and its biological targets, such as proteins or nucleic acids. A lower minimum partial charge might result in weaker electrostatic interactions, while a higher charge could lead to stronger interactions, thus potentially impacting the predicted drug property."
ADME_RLM,6,mistral,biomedical,3,"['NumValenceElectrons', 'MinPartialCharge', 'BCUT2D_CHGLO']","[0.1921607362329072, 0.08914702429385783, -0.07018145215202128]","
You are a biomedical expert.

A machine learning model predicted a drug property.

The most influential molecular descriptors were:

- NumValenceElectrons: 0.192
- MinPartialCharge: 0.089
- BCUT2D_CHGLO: -0.070


Explain in biomedical and chemical terms why these descriptors influence the prediction.
Avoid mentioning SHAP or machine learning terminology.
"," In the context of predicting drug properties, these molecular descriptors play crucial roles due to their influence on the chemical and physical properties of the drug molecule.

1. NumValenceElectrons (0.192): This descriptor represents the number of electrons in the outermost shell, also known as valence electrons, of each atom in the drug molecule. The valence electrons are involved in forming chemical bonds with other atoms, and thus, they significantly impact the drug's reactivity, polarizability, and ability to form stable bonds with biological targets, such as enzymes or receptors. A higher value of NumValenceElectrons might suggest a more reactive drug molecule, while a lower value could indicate a less reactive one.

2. MinPartialCharge (0.089): This descriptor refers to the minimum partial charge distributed over the atoms in the drug molecule. Partial charges are calculated based on the distribution of electrons within the molecule and indicate the molecule's polarity. In a drug molecule, partial charges are essential for electrostatic interactions with biological targets, such as ionic bonds or hydrogen bonds, which help in drug-target binding affinity and specificity. A higher MinPartialCharge value indicates a more polar molecule, which may be more likely to interact with charged biological targets, while a lower value suggests a less polar molecule that might have weaker interactions with biological targets.

3. BCUT2D_CHGLO (-0.070): This descriptor is related to the 2D dipole moment of the drug molecule, a measure of its polarity along a two-dimensional plane. The dipole moment quantifies the separation of positive and negative charges within a molecule and is crucial for understanding the electrostatic properties of the drug molecule. A more negative value for BCUT2D_CHGLO suggests a more polar drug molecule, indicating its potential for hydrogen bonding and electrostatic interactions with biological targets. Conversely, a more positive value indicates a less polar molecule, which may have weaker interactions with biological targets.

In summary, these molecular descriptors influence the prediction of a drug property because they provide insights into the chemical and physical characteristics of the drug molecule, which are essential for understanding its behavior within the biological system and its potential interactions with biological targets."
ADME_RLM,7,mistral,biomedical,3,"['fr_SH', 'VSA_EState1', 'Chi3n']","[-0.06670822990553447, -0.0662557240205352, 0.06534992939759365]","
You are a biomedical expert.

A machine learning model predicted a drug property.

The most influential molecular descriptors were:

- fr_SH: -0.067
- VSA_EState1: -0.066
- Chi3n: 0.065


Explain in biomedical and chemical terms why these descriptors influence the prediction.
Avoid mentioning SHAP or machine learning terminology.
"," In biomedical and chemical terms, these molecular descriptors influence the predicted drug property by quantifying important aspects of the drug's structure and behavior:

1. fr_SH: This descriptor is related to the Fractal Solvent Accessible Surface Area (fr_SASA). Fractal SASA quantifies the total surface area of a molecule that is exposed and accessible to the solvent (usually water in biological systems). This descriptor's negative value suggests that an increase in fractal SASA tends to decrease the predicted drug property. A larger surface area might lead to higher solubility, which could affect the drug's absorption, distribution, metabolism, and excretion (ADME) properties and its overall effectiveness.

2. VSA_EState1: This descriptor is likely associated with the Electronic State 1 (EState1) of the molecule, as provided by the Variational Shape Analysis (VSA) method. EState1 represents the primary electronic distribution of a molecule, which influences its chemical reactivity, electrostatic properties, and interactions with biological targets (e.g., enzymes, receptors). The negative value indicates that an increase in electronic density in the EState1 might decrease the predicted drug property. Changes in electronic distribution can impact the drug's binding affinity, which is critical for the drug's efficacy and selectivity.

3. Chi3n: This descriptor is related to the Constitutional Polar Surface Area (CPSA), which quantifies the total surface area of polar atoms (e.g., oxygen, nitrogen, etc.) in a molecule. The polar surface area can impact the drug's hydrogen bonding capacity, solubility, and interaction with biological macromolecules. A positive value indicates that an increase in the Chi3n descriptor (which correlates with an increase in the polar surface area) might lead to an increase in the predicted drug property. A higher polar surface area might enhance the drug's ability to form hydrogen bonds with biological targets, thus improving its efficacy and selectivity.

In summary, the three molecular descriptors influencing the predicted drug property are related to the drug's fractal solvent accessible surface area, electronic distribution, and polar surface area. These structural and electrochemical properties of the drug play a significant role in its interaction with the biological environment and can affect its pharmacokinetics, pharmacodynamics, and overall efficacy."
ADME_RLM,8,mistral,biomedical,3,"['NumValenceElectrons', 'fr_Ndealkylation2', 'Chi4n']","[0.27580452305244, 0.0692681056313249, -0.06281972244521426]","
You are a biomedical expert.

A machine learning model predicted a drug property.

The most influential molecular descriptors were:

- NumValenceElectrons: 0.276
- fr_Ndealkylation2: 0.069
- Chi4n: -0.063


Explain in biomedical and chemical terms why these descriptors influence the prediction.
Avoid mentioning SHAP or machine learning terminology.
"," In the context of predicting drug properties, molecular descriptors play a crucial role as they quantify specific properties of a molecule that may influence its behavior. Here's a brief explanation of how the mentioned descriptors might impact the prediction:

1. NumValenceElectrons (0.276): This descriptor refers to the number of valence electrons in a molecule or atom. The valence electrons are involved in the chemical bonding of atoms, and their number determines the molecule's reactivity and ability to form stable bonds with other atoms or molecules, such as target proteins. A higher number of valence electrons may imply increased reactivity, which can affect the drug's affinity for its target.

2. fr_Ndealkylation2 (0.069): fr_Ndealkylation2 is a descriptor related to the ease with which an alkyl group can be removed from a molecule. Alkyl groups are hydrophobic (i.e., they avoid water) and can help a drug pass through lipid membranes. However, if a drug is too easily dealkylated, it may lose its hydrophobic properties, making it less able to penetrate cell membranes or less stable in vivo.

3. Chi4n (-0.063): Chi4n is a constitutional descriptor that calculates the number of chiral centers and the number of rotatable bonds in a molecule. Chiral centers (also known as stereocenters) are atoms bonded to four different atoms or groups, which can give rise to different stereoisomers of the same compound. Rotatable bonds allow a molecule to twist and change its shape, which may affect its ability to bind to a target protein. A lower Chi4n value suggests a molecule with fewer rotatable bonds, which may be more rigid and have better binding affinity, but it could also limit the molecule's ability to penetrate lipid membranes.

In summary, the influence of these descriptors on the predicted drug property is primarily due to their effect on the drug's reactivity, stability, lipophilicity, and ability to bind to target proteins. A more detailed analysis would require considering the specific drug property in question and the relevant biological or pharmacological context."
ADME_RLM,9,mistral,biomedical,3,"['NumValenceElectrons', 'fr_piperdine', 'Chi4n']","[0.17644455503913414, 0.08082875848924088, -0.07587295245958817]","
You are a biomedical expert.

A machine learning model predicted a drug property.

The most influential molecular descriptors were:

- NumValenceElectrons: 0.176
- fr_piperdine: 0.081
- Chi4n: -0.076


Explain in biomedical and chemical terms why these descriptors influence the prediction.
Avoid mentioning SHAP or machine learning terminology.
"," In the context of predicting a drug property, these molecular descriptors play crucial roles due to their significant impact on the chemical structure and behavior of the drug molecule.

1. NumValenceElectrons (0.176): This descriptor indicates the total number of valence electrons in the drug molecule. The valence electrons are the electrons that are present in the outermost energy level of an atom and are involved in forming chemical bonds. The number of valence electrons can influence various properties of a drug molecule, such as its reactivity, stability, and ability to form bonds with biological targets, thereby impacting the drug's activity and efficacy.

2. fr_piperdine (0.081): This descriptor refers to the fraction of the drug molecule that resembles the piperidine moiety, a six-membered nitrogen-containing ring commonly found in various pharmaceutical compounds. The presence of a piperidine ring can influence the drug's pharmacokinetics (how the drug moves through the body), pharmacodynamics (how the drug interacts with the body), and drug-receptor interactions, which can in turn affect the drug's therapeutic properties and potential side effects.

3. Chi4n (-0.076): This is a topological index known as the Chemical Ionization (Chemical Hardness) Index of Polarizability. It provides a measure of the molecule's polarizability, which is the ability of a molecule to change its shape in response to an applied electric field. Polarizability can affect various properties of a drug molecule, such as its solubility, lipophilicity (affinity for lipids or fats), and its ability to penetrate biological membranes. These factors can influence the drug's absorption, distribution, metabolism, excretion, and toxicity (ADMET), which are all important considerations when predicting a drug's behavior and effectiveness."
ADME_RLM,10,mistral,biomedical,3,"['NumValenceElectrons', 'NumSaturatedHeterocycles', 'MinPartialCharge']","[-0.5105891547715944, 0.09325253253370897, -0.09131504411138926]","
You are a biomedical expert.

A machine learning model predicted a drug property.

The most influential molecular descriptors were:

- NumValenceElectrons: -0.511
- NumSaturatedHeterocycles: 0.093
- MinPartialCharge: -0.091


Explain in biomedical and chemical terms why these descriptors influence the prediction.
Avoid mentioning SHAP or machine learning terminology.
"," In the context of predicting drug properties, these molecular descriptors play crucial roles in determining a compound's pharmacological and physicochemical characteristics.

1. NumValenceElectrons (-0.511): This descriptor represents the total number of valence electrons in a molecule, which is directly related to the molecule's electron density and its ability to form bonds. A higher or lower number of valence electrons can influence the drug's reactivity, lipophilicity (affinity for lipids), and overall stability. Negative values indicate that the molecule has fewer valence electrons than expected, which may lead to a lower electron density and potentially less stability or reactivity.

2. NumSaturatedHeterocycles (0.093): Heterocyclic compounds are molecules containing a ring structure with atoms other than carbon and hydrogen. These heteroatoms can significantly impact a drug's properties. For example, nitrogen-containing heterocycles like pyridines or pyridazines are common in many drugs due to their ability to form hydrogen bonds and their lipophilic properties. A higher value for NumSaturatedHeterocycles suggests a more complex structure with potential increased binding affinity and pharmacological activity.

3. MinPartialCharge (-0.091): This descriptor represents the minimum partial charge of a molecule, which is related to the distribution of electrons and the molecule's ionization state. The partial charge indicates the amount of positive or negative charge located on a specific atom. A negative minimum partial charge suggests that the most negatively charged atom(s) in the molecule are more electronegative, which can influence the drug's interaction with biological targets, such as proteins or nucleic acids. This can affect the drug's affinity, selectivity, and overall pharmacodynamics.

In summary, these molecular descriptors reflect the structural characteristics and electronic properties of a drug molecule, which collectively contribute to its behavior within biological systems and ultimately influence its predicted drug property."
ADME_RLM,11,mistral,biomedical,3,"['NumValenceElectrons', 'NumAmideBonds', 'BCUT2D_CHGLO']","[-0.19615067046530502, -0.16486719094678876, -0.11326997517971585]","
You are a biomedical expert.

A machine learning model predicted a drug property.

The most influential molecular descriptors were:

- NumValenceElectrons: -0.196
- NumAmideBonds: -0.165
- BCUT2D_CHGLO: -0.113


Explain in biomedical and chemical terms why these descriptors influence the prediction.
Avoid mentioning SHAP or machine learning terminology.
"," In the context of predicting a drug property, these molecular descriptors play crucial roles due to their impact on the structure, properties, and behavior of the drug molecule. Let's discuss the significance of each descriptor:

1. NumValenceElectrons (-0.196): This descriptor refers to the number of electrons associated with the outermost energy level of an atom in a molecule. The valence electrons are involved in forming chemical bonds, and their number directly impacts the molecule's structure, reactivity, and overall properties. A change in the number of valence electrons may lead to variations in the drug's binding affinity, pharmacodynamic, and pharmacokinetic properties.

2. NumAmideBonds (-0.165): An amide bond, also known as a peptide bond, is a covalent bond linking two amino acids together in a protein or a peptide. The presence of amide bonds can influence a drug's structure, conformation, and flexibility, which in turn can affect its interaction with biological targets, such as enzymes or receptors. A higher number of amide bonds may result in a more rigid molecule, while a lower count could lead to a more flexible molecule, each with different consequences for the drug's efficacy and selectivity.

3. BCUT2D_CHGLO (-0.113): BCUT (Balaban's Connectivity Index of Topological Uniformity) is a numerical descriptor of a molecule, representing its topological properties. BCUT2D_CHGLO, specifically, is a 2D-based connectivity index that focuses on the charge transfer and polarizability of the molecule. The charge transfer ability and polarizability can impact the drug's electrostatic interactions with biological targets, solubility, and permeability properties. A higher value for this descriptor may suggest a more polar or charged molecule, which can lead to enhanced interactions with ionic groups in biological systems, while a lower value could indicate a more hydrophobic molecule, which may have different solubility and permeability characteristics.

In summary, these molecular descriptors influence the predicted drug property by shaping the drug molecule's structure, reactivity, and interaction with biological targets, as well as its physical properties like solubility and permeability. Understanding their significance can help optimize drug design and development processes to produce more effective and safer therapeutic agents."
ADME_RLM,12,mistral,biomedical,3,"['fr_Ndealkylation2', 'Chi0n', 'NumAmideBonds']","[-0.06984873765147735, -0.06646937306542984, -0.06406911971442479]","
You are a biomedical expert.

A machine learning model predicted a drug property.

The most influential molecular descriptors were:

- fr_Ndealkylation2: -0.070
- Chi0n: -0.066
- NumAmideBonds: -0.064


Explain in biomedical and chemical terms why these descriptors influence the prediction.
Avoid mentioning SHAP or machine learning terminology.
"," In the context of predicting drug properties, these molecular descriptors play significant roles due to their impact on a drug's chemical structure and pharmacological behavior.

1. fr_Ndealkylation2: This descriptor indicates the fraction of the molecule that can undergo N-dealkylation, a common phase I metabolism pathway in drug metabolism. The enzymes responsible for this process, such as CYP450 enzymes, remove alkyl groups attached to a nitrogen atom (N) in a drug molecule. A lower value for fr_Ndealkylation2 suggests that the drug is less likely to undergo N-dealkylation, which may affect its metabolism, pharmacokinetics, and potential drug-drug interactions.

2. Chi0n: The Chi0n value represents the number of rotatable bonds in a molecule, which are bonds that can freely rotate around without any hindrance from other atoms. Rotatable bonds can influence a drug's flexibility, allowing it to adapt to different conformations that might be necessary for binding to its target receptor. A lower Chi0n value implies fewer rotatable bonds, which may lead to a more rigid molecule, potentially impacting its ability to bind effectively with the target receptor.

3. NumAmideBonds: This descriptor refers to the number of amide bonds within the drug molecule. Amide bonds are a common functional group in many drugs and are essential for maintaining the drug's overall structure. The presence and number of amide bonds can affect a drug's solubility, stability, and pharmacological activity. For example, drugs with higher NumAmideBonds may have improved binding affinity to certain targets due to the polar nature of the amide bond, while drugs with fewer amide bonds may be more hydrophobic and better able to penetrate cell membranes.

In summary, these molecular descriptors influence the prediction of drug properties because they provide insights into the drug's metabolism, flexibility, and overall structure, which can have profound effects on its pharmacological behavior and therapeutic potential."
ADME_RLM,13,mistral,biomedical,3,"['NumValenceElectrons', 'NumAmideBonds', 'NumHeterocycles']","[-0.20466941171539962, -0.151891973035241, -0.10297825213848691]","
You are a biomedical expert.

A machine learning model predicted a drug property.

The most influential molecular descriptors were:

- NumValenceElectrons: -0.205
- NumAmideBonds: -0.152
- NumHeterocycles: -0.103


Explain in biomedical and chemical terms why these descriptors influence the prediction.
Avoid mentioning SHAP or machine learning terminology.
"," In the context of predicting drug properties, molecular descriptors play a crucial role as they quantify various characteristics of a compound's structure. The descriptors you've mentioned help predict drug properties by influencing factors such as the drug's reactivity, stability, and biological activity.

1. NumValenceElectrons: This descriptor refers to the number of electrons present in the outermost shell of an atom in a molecule, also known as the valence electrons. The valence electrons are involved in the formation of chemical bonds with other atoms. By having a negative value, a higher number of valence electrons may imply a more reactive compound, which could potentially impact the drug's interaction with biological targets.

2. NumAmideBonds: Amide bonds (C=O and N-H) are a fundamental component of many natural compounds, including proteins and peptides. These bonds are crucial for the structure and function of proteins. In the context of drug prediction, a higher number of amide bonds might suggest a compound similar to naturally occurring biological molecules, which could potentially enhance drug-protein interactions and increase the drug's efficacy.

3. NumHeterocycles: Heterocycles are cyclic molecules containing atoms other than carbon and hydrogen in the ring structure. These heteroatoms, such as nitrogen, oxygen, or sulfur, can significantly influence the electronic distribution and reactivity of the compound. A higher number of heterocycles in a molecule may lead to altered pharmacological properties, such as improved drug-target interactions or increased drug stability, thus impacting the overall prediction of the drug property."
ADME_RLM,14,mistral,biomedical,3,"['FpDensityMorgan2', 'NumValenceElectrons', 'fr_piperdine']","[0.17997766518406483, 0.13732300240162237, 0.11093196032677552]","
You are a biomedical expert.

A machine learning model predicted a drug property.

The most influential molecular descriptors were:

- FpDensityMorgan2: 0.180
- NumValenceElectrons: 0.137
- fr_piperdine: 0.111


Explain in biomedical and chemical terms why these descriptors influence the prediction.
Avoid mentioning SHAP or machine learning terminology.
"," In biomedical and chemical terms, these molecular descriptors influence the prediction of a drug property because they provide insights into the structural and electronic properties of the drug molecule.

1. FpDensityMorgan2: This descriptor quantifies the 3D packing density of a molecule using the Morgan convex shape (a geometric representation of the molecule). A higher value indicates a more condensed molecule, which may influence the drug's physicochemical properties, such as its solubility, permeability, and potential interaction with biological targets.

2. NumValenceElectrons: This descriptor represents the sum of the valence electrons of all atoms in a molecule. Valence electrons play a crucial role in chemical bond formation, reactivity, and interaction with biological targets, such as enzymes and proteins. A higher value may indicate a more reactive molecule, which can influence the drug's affinity and binding to its target.

3. fr_piperdine: This descriptor indicates the fraction of piperidine rings present in the molecule. Piperidine is a six-membered nitrogen-containing ring that is commonly found in various pharmaceutical compounds due to its versatility and ability to act as a backbone for various functional groups. The presence of piperidine rings can influence the drug's pharmacokinetic and pharmacodynamic properties, such as absorption, distribution, metabolism, excretion, and toxicity (ADMET), as well as its potential interaction with specific biological targets."
ADME_RLM,15,mistral,biomedical,3,"['NumValenceElectrons', 'BCUT2D_CHGLO', 'Chi3n']","[-0.13207397695680018, -0.10417119617501916, 0.09975619065212721]","
You are a biomedical expert.

A machine learning model predicted a drug property.

The most influential molecular descriptors were:

- NumValenceElectrons: -0.132
- BCUT2D_CHGLO: -0.104
- Chi3n: 0.100


Explain in biomedical and chemical terms why these descriptors influence the prediction.
Avoid mentioning SHAP or machine learning terminology.
"," In the context of predicting a drug property, molecular descriptors play a crucial role as they provide quantitative values that help characterize the structure and properties of a molecule. Here's how the three descriptors you mentioned may influence the prediction:

1. NumValenceElectrons: This descriptor refers to the number of valence electrons in an atom, which is essential for forming chemical bonds. The negative value suggests that an increase in the number of valence electrons may lead to a property that is less likely to be predicted by the model. This could be due to the increased electron density around the atom, which may affect the molecule's interaction with biological targets or its overall pharmacological behavior.

2. BCUT2D_CHGLO: This descriptor is a 2D polar surface area (PSA) term calculated using the Brownian accessibility method. PSA is a measure of the hydrophilicity of a molecule and reflects the ability of a molecule to dissolve in polar solvents like water. A negative value for BCUT2D_CHGLO implies a higher PSA, suggesting a more polar molecule. A polar molecule may interact more strongly with polar biological targets, potentially influencing the predicted drug property.

3. Chi3n: This is a constitutional descriptor representing the cyclic index of a molecule. A chi index (Chi number) is a numerical value used to count the number of rings and the way they are connected. A positive Chi3n value indicates a cyclic molecule with three rings. Cyclic structures can sometimes exhibit enhanced biological activity, as the ring structure may stabilize the molecule and improve its ability to bind to target sites. However, the specific impact on the predicted drug property would depend on the nature of the property being predicted and the target molecule involved."
ADME_RLM,16,mistral,biomedical,3,"['BCUT2D_CHGLO', 'SlogP_VSA2', 'NumValenceElectrons']","[-0.10956290507372303, -0.08999432306544242, -0.08398358882191406]","
You are a biomedical expert.

A machine learning model predicted a drug property.

The most influential molecular descriptors were:

- BCUT2D_CHGLO: -0.110
- SlogP_VSA2: -0.090
- NumValenceElectrons: -0.084


Explain in biomedical and chemical terms why these descriptors influence the prediction.
Avoid mentioning SHAP or machine learning terminology.
"," In the context of predicting drug properties, molecular descriptors serve as numerical values representing various chemical and physical properties of the drug molecule. These descriptors help in understanding the structure-activity relationship of the drug.

1. BCUT2D_CHGLO: This descriptor is related to the 2D Electronic properties of the molecule, specifically the charge polarizability (CHGLO). A negative value indicates that the molecule has a higher electron density distributed over a larger volume, making it more polarizable. This property can influence drug-protein interactions, as polarizable molecules may be more susceptible to changes in electric fields, which can be generated by surrounding proteins or ionized groups. This can impact the binding affinity and bioactivity of the drug.

2. SlogP_VSA2: This descriptor is associated with the hydrophobic-hydrophilic character of the molecule, more specifically the octanol-water partition coefficient (logP). The lower negative value suggests that the drug molecule has a moderate hydrophobicity, meaning it tends to dissolve more in nonpolar solvents like octanol than in water. This property is crucial for drug absorption, distribution, metabolism, and excretion (ADME) as it affects the molecule's ability to cross biological membranes, which often consist of hydrophobic lipid layers.

3. NumValenceElectrons: This descriptor refers to the total number of valence electrons in the molecule. In general, the number of valence electrons can influence the molecule's reactivity, polarizability, and overall electronic structure. For drugs, this descriptor might impact their ability to form stable covalent bonds with other molecules (like enzymes or other drugs), which is essential for therapeutic efficacy. A lower negative value for NumValenceElectrons suggests that the molecule is relatively electronegative, which can affect its ability to form stable interactions with electron-rich biological targets.

In summary, these molecular descriptors influence the predicted drug property by reflecting aspects of the drug molecule's chemical structure and behavior, such as polarizability, hydrophobicity, and reactivity. These properties, in turn, can impact various aspects of drug action, including absorption, distribution, metabolism, excretion, and interactions with biological targets."
ADME_RLM,17,mistral,biomedical,3,"['FpDensityMorgan2', 'BCUT2D_CHGLO', 'Chi4n']","[0.17991580252866904, 0.1320036322356157, 0.07273436508410992]","
You are a biomedical expert.

A machine learning model predicted a drug property.

The most influential molecular descriptors were:

- FpDensityMorgan2: 0.180
- BCUT2D_CHGLO: 0.132
- Chi4n: 0.073


Explain in biomedical and chemical terms why these descriptors influence the prediction.
Avoid mentioning SHAP or machine learning terminology.
"," In the context of predicting drug properties, these molecular descriptors play crucial roles due to their influence on various pharmacological and physicochemical properties of the drug molecules.

1. FpDensityMorgan2: This descriptor refers to the fractional polar surface area density calculated using the Morgan 2D scaffold of the molecule. The higher the value, the more polar the molecule, meaning it has more oxygen and nitrogen atoms and fewer hydrocarbons. Polarity can affect a drug's solubility, distribution, and interaction with biological targets.

2. BCUT2D_CHGLO: This is a 2D constant, which is a measure of the charge transfer ability of a molecule. A higher value indicates a greater ability for a molecule to donate or accept electrons, which can impact its reactivity, binding affinity, and bioavailability.

3. Chi4n: This descriptor is the cyclicity count of a molecule, where the count is based on the number of rings and the number of atoms in those rings. The Chi4n descriptor can influence the shape and size of a molecule, which can impact its ability to fit into specific binding sites on biological targets, thereby affecting its affinity and pharmacodynamics.

In summary, the three descriptors mentioned influence the prediction of a drug property because they provide information about the molecule's polarity, charge transfer ability, and structure, all of which are critical factors in drug design and drug-target interactions."
ADME_RLM,18,mistral,biomedical,3,"['BCUT2D_CHGLO', 'NumValenceElectrons', 'FpDensityMorgan2']","[0.15692113810543346, 0.14266579903749116, 0.07474777382473961]","
You are a biomedical expert.

A machine learning model predicted a drug property.

The most influential molecular descriptors were:

- BCUT2D_CHGLO: 0.157
- NumValenceElectrons: 0.143
- FpDensityMorgan2: 0.075


Explain in biomedical and chemical terms why these descriptors influence the prediction.
Avoid mentioning SHAP or machine learning terminology.
"," In the context of drug property prediction, molecular descriptors play a crucial role as they help quantify the structural and physicochemical properties of a drug molecule. These descriptors can significantly influence the predicted drug properties due to their direct impact on the molecular behavior. Here's a brief explanation of the three molecular descriptors you've mentioned:

1. BCUT2D_CHGLO: This descriptor represents the second component of the Balaban's CUT (Connectivity Uniformity Index) in two dimensions and the CHGLO (Charge-Hydrogen-Greedy Local) atom partitioning scheme. In simpler terms, this descriptor provides information about the arrangement and electronic properties of the molecule's atoms, specifically focusing on the distribution of charge. The value of this descriptor can influence the prediction because it helps determine the drug's electrical properties, such as its ionization state, which can affect its interaction with biological targets.

2. NumValenceElectrons: This descriptor represents the total number of valence electrons in a molecule. The valence electrons are the electrons present in the outermost energy level of an atom, which are involved in bonding with other atoms. The number of valence electrons in a molecule can significantly impact its chemical reactivity, which in turn can influence its ability to form stable bonds with biological macromolecules, such as proteins and nucleic acids.

3. FpDensityMorgan2: This descriptor is based on the Morgan fingerprint, which is a popular method for representing the structure of a molecule as a vector of counts for specific atom and bond patterns. The FpDensityMorgan2 is the density of a molecular fingerprint calculated using the Morgan 2D circular topological atoms pairs (Morgan2) algorithm. This descriptor provides information about the structural features of the molecule, such as the presence of rings, branching, and functional groups. The density of these structural features can influence the predicted drug property by impacting the molecule's overall size, shape, and hydrophobic/hydrophilic character, which are essential factors for drug-target interactions.

In summary, the three molecular descriptors influencing the predicted drug property represent the distribution of charge, the total number of valence electrons, and the structural features of the drug molecule. These descriptors are crucial as they provide essential information about the electronic and structural properties of the drug, which can significantly impact its behavior and interaction with biological systems."
ADME_RLM,19,mistral,biomedical,3,"['NumValenceElectrons', 'BCUT2D_CHGLO', 'FpDensityMorgan2']","[0.21296647193781132, 0.08631084713444326, 0.06751947148763489]","
You are a biomedical expert.

A machine learning model predicted a drug property.

The most influential molecular descriptors were:

- NumValenceElectrons: 0.213
- BCUT2D_CHGLO: 0.086
- FpDensityMorgan2: 0.068


Explain in biomedical and chemical terms why these descriptors influence the prediction.
Avoid mentioning SHAP or machine learning terminology.
"," In the context of predicting drug properties, molecular descriptors serve as mathematical features that provide insights into the structure and behavior of a compound. The three descriptors you've mentioned (NumValenceElectrons, BCUT2D_CHGLO, and FpDensityMorgan2) each provide distinct information about the drug molecule, influencing the prediction in different ways.

1. NumValenceElectrons (0.213): This descriptor represents the sum of valence electrons of all atoms in the molecule. The valence electrons are the electrons in the outermost energy level of an atom, which are involved in bonding. By considering the total valence electrons, the model can evaluate the molecule's electron-donating or electron-withdrawing properties, which can significantly impact drug-target interactions and overall drug activity.

2. BCUT2D_CHGLO (0.086): The BCUT descriptors (Burnabury Combined Union Tariff) are a set of quantum chemical descriptors that are calculated based on the molecular electrotopological state index (MESI). BCUT2D_CHGLO specifically refers to the two-dimensional polarizability of a molecule, which is a measure of how much a molecule can be deformed by an electric field. This property is important for understanding the molecule's reactivity, solubility, and potential drug-target interactions.

3. FpDensityMorgan2 (0.068): The Morgan descriptors (also known as circular topological fragments) are a set of descriptors that represent the chemical structure of a molecule in terms of its constituent atoms and their immediate neighbors. The FpDensity descriptor is a measure of the electron density of a molecule, which can influence the molecule's overall reactivity, lipophilicity (fat solubility), and potential for drug-target interactions. The subscript ""Morgan2"" indicates that the descriptor is calculated using a two-dimensional representation of the molecule, which is often sufficient for drug property predictions.

In summary, the influence of these molecular descriptors on the prediction of drug properties can be understood in terms of their role in providing information about the electronics, geometry, and reactivity of the molecule, which are critical factors in determining a drug's behavior and effectiveness."
ADME_RLM,20,mistral,biomedical,3,"['NumValenceElectrons', 'SlogP_VSA2', 'NumAmideBonds']","[-0.19030531883555749, 0.11174988578885049, 0.1001147319099868]","
You are a biomedical expert.

A machine learning model predicted a drug property.

The most influential molecular descriptors were:

- NumValenceElectrons: -0.190
- SlogP_VSA2: 0.112
- NumAmideBonds: 0.100


Explain in biomedical and chemical terms why these descriptors influence the prediction.
Avoid mentioning SHAP or machine learning terminology.
"," In the context of predicting drug properties, these molecular descriptors play crucial roles due to their influence on the structure, behavior, and interaction of the drug molecules with biological targets.

1. NumValenceElectrons: This descriptor indicates the total number of electrons needed to satisfy the valence of all atoms in a molecule. A higher or lower number of valence electrons compared to expected values can affect the molecule's electron density distribution, which may influence its ability to form stable bonds with other molecules such as proteins or other drug molecules. This, in turn, can impact the drug's bioavailability, affinity, and specificity.

2. SlogP_VSA2: This descriptor is a measure of the hydrophobicity or lipophilicity of a molecule. Lipophilic molecules tend to dissolve more easily in non-polar substances like fats and oils, while hydrophilic molecules are more soluble in water. The lipophilicity/hydrophobicity of a drug molecule is essential for its ability to pass through biological membranes, such as the cell membrane, which can affect its absorption, distribution, metabolism, and excretion (ADME) properties.

3. NumAmideBonds: This descriptor refers to the count of amide bonds (also known as peptide bonds) within a molecule. Amide bonds are common structural units in proteins, peptides, and many drug molecules, including peptide drugs. The presence of amide bonds can affect the overall structure and conformation of the molecule, which may impact its stability, activity, and interaction with biological targets. For example, amide bonds can form hydrogen bonds, which are important for maintaining the 3D structure of proteins and determining their function."
ADME_RLM,21,mistral,biomedical,3,"['SlogP_VSA7', 'NumAromaticCarbocycles', 'NumValenceElectrons']","[-0.5756156758945216, -0.18627806990528611, 0.10384410656169214]","
You are a biomedical expert.

A machine learning model predicted a drug property.

The most influential molecular descriptors were:

- SlogP_VSA7: -0.576
- NumAromaticCarbocycles: -0.186
- NumValenceElectrons: 0.104


Explain in biomedical and chemical terms why these descriptors influence the prediction.
Avoid mentioning SHAP or machine learning terminology.
"," In the context of predicting drug properties, these molecular descriptors play a significant role due to their impact on a drug's structure, physicochemical properties, and pharmacological behavior.

1. SlogP_VSA7: This descriptor is related to the octanol-water partition coefficient (logP), which measures a chemical's lipophilicity, or its tendency to dissolve in oil or fat versus water. In drug development, logP values are crucial as they can influence a drug's absorption, distribution, metabolism, excretion, and toxicity (ADMET) properties. A lower value like -0.576 for SlogP_VSA7 might suggest a more hydrophilic (water-loving) drug molecule, which could affect its ability to pass through lipid membranes and may impact its bioavailability and pharmacokinetics.

2. NumAromaticCarbocycles: This descriptor refers to the number of aromatic carbocyclic rings within a molecule. Aromatic rings, like benzene, are commonly found in many drug structures due to their stability and ability to interact with biological targets. The more aromatic rings a drug has, the more likely it is to exhibit certain pharmacological properties, such as increased lipophilicity, planarity, and potential for pi-pi stacking interactions with other molecules. A lower value like -0.186 might suggest a drug with fewer aromatic rings, which could impact its ability to bind to target sites and exhibit desired pharmacological effects.

3. NumValenceElectrons: This descriptor indicates the total number of valence electrons in a molecule. The valence electrons are responsible for forming chemical bonds with other atoms. A higher value like 0.104 might suggest a drug molecule with more electrons available to form bonds, which could increase its reactivity and potential for interactions with biological targets. This, in turn, may influence the drug's affinity, potency, and specificity towards its intended target.

In summary, these molecular descriptors influence the prediction of a drug's property by providing insights into its structure, physicochemical properties, and potential pharmacological behavior, which are all essential factors in drug development and design."
ADME_RLM,22,mistral,biomedical,3,"['NumValenceElectrons', 'Chi4n', 'Chi2n']","[0.3030832118854847, 0.07483804650498421, 0.07270920698407668]","
You are a biomedical expert.

A machine learning model predicted a drug property.

The most influential molecular descriptors were:

- NumValenceElectrons: 0.303
- Chi4n: 0.075
- Chi2n: 0.073


Explain in biomedical and chemical terms why these descriptors influence the prediction.
Avoid mentioning SHAP or machine learning terminology.
"," In the context of predicting a drug property, molecular descriptors play a crucial role as they provide numerical values for various properties of a molecule, which can help in understanding its behavior, especially when interacting with biological systems.

1. NumValenceElectrons (NVE): This descriptor represents the number of electrons available for bond formation. The higher the NVE, the more likely a molecule is to form additional bonds, which can significantly impact its interaction with biological targets. For instance, if a drug molecule has a higher number of valence electrons, it might be more reactive and potentially form stronger bonds with the active site of a protein, thereby exhibiting greater affinity and potential therapeutic effect.

2. Chi4n (Chemistry Topological Index, 4-dimensional): This descriptor is a measure of the molecular size and shape. Chi4n takes into account the number of atoms, their bond orders, and the dimensions of the molecule. A higher Chi4n value usually suggests a more complex and potentially larger molecule. In drug design, a more complex structure can allow for more interactions with the target, but it may also increase the likelihood of undesirable side effects.

3. Chi2n (Chemistry Topological Index, 2-dimensional): Similar to Chi4n, Chi2n is a measure of molecular size and shape, but it considers only two dimensions. It provides information about the linearity or branching of the molecule. A higher Chi2n value may indicate a more branched or non-linear structure, which can impact the drug's properties such as solubility, diffusion, and metabolism. For example, a more branched molecule might be less soluble in water, making it more challenging to administer as a drug.

In summary, the descriptors mentioned are crucial in predicting drug properties because they provide insights into a molecule's reactivity, size, and shape, which collectively influence its behavior within the biological environment and determine its potential as a drug candidate."
ADME_RLM,23,mistral,biomedical,3,"['NumValenceElectrons', 'NumAmideBonds', 'Chi0n']","[0.15532502521933816, -0.12250982245803142, -0.09336042265963575]","
You are a biomedical expert.

A machine learning model predicted a drug property.

The most influential molecular descriptors were:

- NumValenceElectrons: 0.155
- NumAmideBonds: -0.123
- Chi0n: -0.093


Explain in biomedical and chemical terms why these descriptors influence the prediction.
Avoid mentioning SHAP or machine learning terminology.
"," In the context of predicting drug properties, molecular descriptors serve as numerical values that represent a molecule's structure and properties. Let's discuss the role of the mentioned molecular descriptors in drug property prediction:

1. NumValenceElectrons (0.155): This descriptor represents the total number of valence electrons in a molecule, which is a key factor in determining the molecule's chemical reactivity and its ability to form bonds with other molecules. A higher or lower value may influence the drug property prediction by indicating a more or less reactive molecule, respectively.

2. NumAmideBonds (-0.123): An amide bond, or peptide bond, is a type of functional group that links two amino acids together in a protein. In the context of drug prediction, the presence of amide bonds can impact the drug's pharmacokinetics, such as its solubility, stability, and absorption. A higher number of amide bonds may result in a more complex molecular structure, which could influence the drug's properties.

3. Chi0n (-0.093): The Chi (Chemistry of the Index of) descriptor is a topological index that quantifies a molecule's 3D shape. Chi0n is a specific version of this index that focuses on the number of conformations a molecule can adopt. The Chi descriptor can influence drug property prediction by representing the molecule's flexibility and potential to interact with biological targets. A higher value indicates a more flexible molecule, which could lead to a broader range of interactions and potentially increased drug efficacy. However, excessive flexibility may also lead to instability or unpredictable pharmacokinetics, which could impact the drug's overall performance."
ADME_RLM,24,mistral,biomedical,3,"['Chi4n', 'Chi0n', 'Chi3v']","[0.07936562919103538, 0.07920569597959953, -0.07020698053941886]","
You are a biomedical expert.

A machine learning model predicted a drug property.

The most influential molecular descriptors were:

- Chi4n: 0.079
- Chi0n: 0.079
- Chi3v: -0.070


Explain in biomedical and chemical terms why these descriptors influence the prediction.
Avoid mentioning SHAP or machine learning terminology.
"," The molecular descriptors you mentioned - Chi4n, Chi0n, and Chi3v - are topological indices that quantify certain chemical and physical properties of a molecule. They are calculated based on the number and arrangement of atoms and bonds within a molecule.

1. Chi4n (Chemical Abstracts Service (CAS) Constitutional index of the fourth kind): This descriptor reflects the structural complexity of a molecule. A higher Chi4n value indicates a more complex molecule with a greater number of rings and branches. The positive value of 0.079 suggests that the predicted drug property is influenced by the complexity of the molecule, possibly making it more likely to have a certain property, such as increased potency or potential for side effects.

2. Chi0n (Chemical Abstracts Service (CAS) Constitutional index of the zeroth kind): This descriptor represents the number of atoms in a molecule. A higher Chi0n value means a larger molecule. In this case, the value of 0.079 suggests that the drug property being predicted is related to the size of the molecule. For example, a larger molecule might be less likely to cross biological membranes or interact with specific target sites due to its size.

3. Chi3v (Chemical Abstracts Service (CAS) Constitutional index of the third kind, Valence version): This descriptor indicates the total number of valence electrons in a molecule. Changes in the number of valence electrons can influence the molecule's reactivity, polarization, and ability to form stable bonds with other molecules. A negative value of -0.070 for Chi3v suggests that the predicted drug property may be influenced by the electron distribution and reactivity of the molecule, possibly affecting its affinity for a specific biological target or its metabolism.

In summary, the values of these molecular descriptors suggest that the predicted drug property is influenced by the complexity, size, and electron distribution of the molecule, which can impact various aspects of drug behavior, such as potency, selectivity, permeability, and reactivity."
ADME_RLM,25,mistral,biomedical,3,"['NumValenceElectrons', 'FpDensityMorgan2', 'MinPartialCharge']","[0.2580365515109759, 0.103813227765097, 0.10310157245814573]","
You are a biomedical expert.

A machine learning model predicted a drug property.

The most influential molecular descriptors were:

- NumValenceElectrons: 0.258
- FpDensityMorgan2: 0.104
- MinPartialCharge: 0.103


Explain in biomedical and chemical terms why these descriptors influence the prediction.
Avoid mentioning SHAP or machine learning terminology.
"," In the context of predicting drug properties, these molecular descriptors play significant roles due to their influence on a drug's structural and electrochemical characteristics.

1. NumValenceElectrons (0.258): This descriptor refers to the number of electrons associated with the outermost energy level, also known as the valence shell, of each atom in the molecule. The valence electrons are involved in forming chemical bonds with other atoms, so the number of valence electrons can affect the molecule's overall reactivity, which is critical for drug-target interactions. A higher number of valence electrons may lead to increased reactivity, potentially influencing the drug's affinity for specific biological targets.

2. FpDensityMorgan2 (0.104): This descriptor is a measure of the molecular surface area, calculated using the Morgan algorithm with a radius of 2. The Morgan algorithm is a method for representing molecular structure using a simplified notation that takes into account the presence and connectivity of functional groups. The FpDensityMorgan2 value can indicate the size and shape of the molecule, which are important factors in determining a drug's pharmacokinetic properties, such as absorption, distribution, metabolism, and excretion (ADME). A larger or more complex molecule may have altered absorption rates, distribution within the body, or metabolic breakdown, which can influence the drug's overall efficacy and safety.

3. MinPartialCharge (0.103): This descriptor represents the minimum partial charge assigned to any atom in the molecule during the calculation process. Partial charges are used to quantify the distribution of electron density within a molecule, which is crucial for understanding the molecule's electrostatic properties. The partial charges affect the molecule's ionization state, dipole moment, and overall charge distribution, which can influence its interactions with biological targets, such as proteins and nucleic acids, and its ion transport across cell membranes. A higher partial charge can lead to increased ionization, which may alter the drug's solubility, absorption, and distribution within the body.

In summary, these molecular descriptors influence the prediction of drug properties due to their effects on the molecule's reactivity, size and shape, and electrostatic properties, all of which are important factors in determining a drug's pharmacological behavior."
ADME_RLM,26,mistral,biomedical,3,"['NumValenceElectrons', 'SMR_VSA6', 'FpDensityMorgan2']","[0.10930340654722401, -0.08383707707260471, -0.0784708992021016]","
You are a biomedical expert.

A machine learning model predicted a drug property.

The most influential molecular descriptors were:

- NumValenceElectrons: 0.109
- SMR_VSA6: -0.084
- FpDensityMorgan2: -0.078


Explain in biomedical and chemical terms why these descriptors influence the prediction.
Avoid mentioning SHAP or machine learning terminology.
"," In the context of predicting drug properties, molecular descriptors play a crucial role as they provide numerical values to represent the structural features of a drug molecule. These descriptors help us understand and predict various pharmacological and pharmacokinetic properties of the drug. Here's an explanation of the molecular descriptors you mentioned:

1. NumValenceElectrons (Number of Valence Electrons): This descriptor indicates the number of electrons available for chemical bonding in an atom. A change in this value can significantly influence the drug's reactivity, stability, and its ability to form bonds with biomolecules like proteins or DNA. A higher number of valence electrons may lead to more stable molecules, while a lower number can result in more reactive species.

2. SMR_VSA6 (Spectral Molecular Reaction Volume at 6): This descriptor represents the molecular volume associated with the electrostatic potential (ESP) of the molecule at a specific energy level (6). The ESP describes the amount of energy released when an electron is moved from the electron cloud to a point in space. In a drug molecule, the ESP can influence its interaction with other molecules, such as biomolecules, solvents, or other drugs. A change in the SMR_VSA6 value can impact the drug's binding affinity, solubility, and overall pharmacodynamic properties.

3. FpDensityMorgan2 (Fractional Polar Surface Area calculated using Morgan 2D chemical graphs): This descriptor quantifies the surface area of a molecule that is polar or hydrophilic (attracts water). Polar surfaces are often involved in hydrogen bonding, which is a crucial interaction for many drug-target interactions. A higher FpDensityMorgan2 value suggests a larger polar surface area, which can lead to stronger hydrogen bonding and potentially better drug activity. Conversely, a lower value implies weaker hydrogen bonding and potentially reduced drug activity.

In summary, the three molecular descriptors you mentioned influence the prediction of drug properties by providing insights into the drug's reactivity, electrostatic properties, and polar surface area, which collectively impact the drug's binding affinity, stability, and overall pharmacological behavior."
ADME_RLM,27,mistral,biomedical,3,"['NumValenceElectrons', 'FpDensityMorgan2', 'BCUT2D_CHGLO']","[0.1855162663163556, 0.14042005120369325, 0.11555563778860987]","
You are a biomedical expert.

A machine learning model predicted a drug property.

The most influential molecular descriptors were:

- NumValenceElectrons: 0.186
- FpDensityMorgan2: 0.140
- BCUT2D_CHGLO: 0.116


Explain in biomedical and chemical terms why these descriptors influence the prediction.
Avoid mentioning SHAP or machine learning terminology.
"," In the context of predicting drug properties, molecular descriptors are mathematical or computational representations of a molecule's structure. These descriptors provide insights into the chemical and physical properties of the molecule, which can influence its behavior, including its interaction with biological targets (like proteins, DNA, or other molecules).

1. NumValenceElectrons: This descriptor represents the number of electrons that are available to form chemical bonds with other atoms. In drug design, the number of valence electrons can influence the molecule's reactivity, which is crucial for forming stable bonds with the active site of a target protein. A higher number of valence electrons might lead to increased binding affinity, thus potentially influencing the prediction of the drug property.

2. FpDensityMorgan2: The Morgan fingerprint is a type of molecular descriptor that describes the structure of a molecule based on its two-dimensional connectivity. FpDensityMorgan2 is a specific Morgan fingerprint that considers the density of functional groups or atom types within a certain radius (Morgan2). This descriptor can provide information about a molecule's hydrophobicity or hydrophilicity, which can impact its solubility, permeability, and overall pharmacokinetic properties. These factors can play a significant role in determining the drug's efficacy and safety.

3. BCUT2D_CHGLO: BCUT (Burnabury Constitutional Unique Transformation) is another type of molecular descriptor that represents the electron density distribution of a molecule. BCUT2D_CHGLO specifically refers to the second component of the charge transfer (CHGLO) partition of the BCUT descriptors. This descriptor can provide insights into the electron-donating and electron-accepting properties of a molecule, which are essential for understanding its ability to form hydrogen bonds and participate in other types of non-covalent interactions with biological targets. These interactions can influence the drug's binding affinity and overall activity.

In summary, the three molecular descriptors you mentioned can influence the prediction of a drug property by providing information about the molecule's reactivity, hydrophobicity/hydrophilicity, electron-donating and electron-accepting properties, and overall structure, which are crucial factors in drug design and activity prediction."
ADME_RLM,28,mistral,biomedical,3,"['NumValenceElectrons', 'NumAmideBonds', 'Chi4n']","[-0.5347691097847223, -0.171962408406989, 0.061688824375412704]","
You are a biomedical expert.

A machine learning model predicted a drug property.

The most influential molecular descriptors were:

- NumValenceElectrons: -0.535
- NumAmideBonds: -0.172
- Chi4n: 0.062


Explain in biomedical and chemical terms why these descriptors influence the prediction.
Avoid mentioning SHAP or machine learning terminology.
"," In the context of predicting a drug property, these molecular descriptors play crucial roles due to their influence on the structure, properties, and behavior of the drug molecule.

1. NumValenceElectrons: This descriptor indicates the number of electrons available for bonding in a neutral molecule. The electrons surrounding atoms are involved in forming bonds with other atoms. A higher or lower number of valence electrons can affect the molecule's reactivity, stability, and its ability to form complexes with biological targets, thereby impacting its pharmacological activity.

2. NumAmideBonds: An amide bond is a type of peptide bond that links amino acids together in proteins and peptides. The number of amide bonds in a molecule can affect its structure, conformation, and flexibility, which are essential factors in determining a drug's ability to bind to its target and exert its desired pharmacological effect. Additionally, the presence of amide bonds can influence the molecule's solubility, permeability, and overall pharmacokinetic properties.

3. Chi4n: Chi (Chemistry Development Index) is a descriptor that quantifies the complexity of a molecule's ring structure. Chi4n refers to a specific calculation based on the number of rings (4) and the number of non-hydrogen atoms (n) participating in the ring structure. The more complex the ring structure, the more conformations a molecule can adopt, which may affect its binding affinity, pharmacokinetics, and overall drug activity. Additionally, more complex ring structures can potentially lead to increased metabolic stability or susceptibility to metabolism, which can impact the drug's efficacy and duration of action."
ADME_RLM,29,mistral,biomedical,3,"['NumValenceElectrons', 'FpDensityMorgan2', 'BCUT2D_CHGLO']","[0.23934564157068983, 0.11967193443396738, 0.11746921048218695]","
You are a biomedical expert.

A machine learning model predicted a drug property.

The most influential molecular descriptors were:

- NumValenceElectrons: 0.239
- FpDensityMorgan2: 0.120
- BCUT2D_CHGLO: 0.117


Explain in biomedical and chemical terms why these descriptors influence the prediction.
Avoid mentioning SHAP or machine learning terminology.
"," In the context of predicting drug properties, these molecular descriptors play significant roles due to their influence on a drug's structure, behavior, and interaction with biological targets.

1. NumValenceElectrons (0.239): This descriptor reflects the number of electrons associated with each atom in a molecule that are involved in forming chemical bonds. The valence electrons play a crucial role in drug-target interactions, as they are responsible for forming bonds with atoms in the target molecule. A higher or lower value of this descriptor can influence the drug's affinity and specificity for the target.

2. FpDensityMorgan2 (0.120): This descriptor represents the density of functional groups within a certain radius (Morgan radius 2) around the central atom of the molecule. Functional groups are the chemical substructures that provide unique reactivity patterns to the molecule. They can significantly affect the drug's properties such as solubility, reactivity, and lipophilicity, which in turn can influence the drug's pharmacokinetics and pharmacodynamics.

3. BCUT2D_CHGLO (0.117): This descriptor is related to the electrical properties of the molecule. Specifically, it refers to the second moment of the electron density in the xy plane (BCUT2D) for charge-transfer donors and acceptors (CHGLO). The electrical properties of a drug molecule can affect its ability to ionize, interact with charged biological targets, and cross cell membranes. These factors are crucial for the drug's absorption, distribution, metabolism, excretion, and toxicity (ADMET) properties.

In summary, these molecular descriptors influence the prediction of drug properties due to their impact on the drug's structure, reactivity, and interaction with biological targets. By understanding these descriptors, we can better design and optimize drug molecules for specific therapeutic applications."
ADME_RLM,30,mistral,biomedical,3,"['NumValenceElectrons', 'BCUT2D_CHGLO', 'fr_prisulfonamd']","[0.15292518672678213, -0.08166650343128787, 0.08121212747360823]","
You are a biomedical expert.

A machine learning model predicted a drug property.

The most influential molecular descriptors were:

- NumValenceElectrons: 0.153
- BCUT2D_CHGLO: -0.082
- fr_prisulfonamd: 0.081


Explain in biomedical and chemical terms why these descriptors influence the prediction.
Avoid mentioning SHAP or machine learning terminology.
"," In biomedical and chemical terms, these molecular descriptors influence the prediction of drug properties by providing essential information about a drug's structure, reactivity, and behavior.

1. NumValenceElectrons (0.153): This descriptor represents the total number of valence electrons in an atom or a molecule. Valence electrons are those electrons that are available to form chemical bonds. A higher value for NumValenceElectrons indicates a more electronegative molecule, which can potentially form stronger bonds with other atoms, thereby affecting the drug's interaction with biological targets.

2. BCUT2D_CHGLO (-0.082): This descriptor is a 2D polar surface area (PSA) term derived from the Chemistry Development Kit (CDK) descriptors. Polar surface area (PSA) is a measure of the hydrophilic (water-loving) surface of a molecule. A higher PSA value suggests a more polar molecule, which may enhance solubility in water and bioavailability, as well as potentially increase the drug's interaction with hydrophilic regions of biological targets.

3. fr_prisulfonamd (0.081): This descriptor refers to the fraction of the molecule that can be replaced by a sulfonamide group (SO2NH2), a common moiety found in many drugs. Sulfonamides are useful for increasing the water solubility, lipophilicity, and metabolic stability of drugs. A higher value for fr_prisulfonamd indicates a higher probability of the drug containing a sulfonamide group, which can influence its overall properties, such as absorption, distribution, metabolism, excretion, and toxicity (ADMET) profile.

In summary, these molecular descriptors provide insights into the drug's structure, reactivity, and potential interaction with biological targets, allowing the machine learning model to make more accurate predictions about the drug's properties."
ADME_RLM,31,mistral,biomedical,3,"['BCUT2D_CHGLO', 'Chi0n', 'EState_VSA5']","[-0.06638332425507312, 0.06338324275182354, -0.06287902308234135]","
You are a biomedical expert.

A machine learning model predicted a drug property.

The most influential molecular descriptors were:

- BCUT2D_CHGLO: -0.066
- Chi0n: 0.063
- EState_VSA5: -0.063


Explain in biomedical and chemical terms why these descriptors influence the prediction.
Avoid mentioning SHAP or machine learning terminology.
"," In the context of predicting drug properties, molecular descriptors such as BCUT2D_CHGLO, Chi0n, and EState_VSA5 provide quantitative values that help characterize the structure, behavior, and pharmacological properties of a compound.

1. BCUT2D_CHGLO: This descriptor is a 2D physicochemical property that quantifies the electron distribution within the molecule. The negative value (-0.066) suggests that the molecule may have a higher electron density on the surface (charge delocalization), which can influence its interactions with other molecules, such as drug targets, and its overall biological behavior.

2. Chi0n: Chi (Chemical Abstracts Service Index) is a set of topological indices used to describe a molecule's structural complexity. Chi0n specifically refers to the number of rotatable bonds, which are chemical bonds that can freely rotate around without any hindrance. A higher value (0.063) indicates a greater number of rotatable bonds, suggesting potential flexibility in the molecule's structure, which may affect its ability to bind to specific drug targets and its pharmacokinetic properties.

3. EState_VSA5: This descriptor provides information about the electrostatic potential of the molecule at a specific energy level (5 kcal/mol above the minimum energy). The negative value (-0.063) implies that the electron density is higher and the electrostatic potential is lower at the VSA5 energy level. This can impact the molecule's interaction with charged or polar drug targets, as the distribution of negative charge can influence the attraction or repulsion between the drug and the target.

In summary, these molecular descriptors play crucial roles in understanding a drug's behavior and properties, as they provide insights into the molecule's electron distribution, structural flexibility, and electrostatic potential, which are key factors in drug-target interactions and pharmacological activity."
ADME_RLM,32,mistral,biomedical,3,"['NumValenceElectrons', 'NumRadicalElectrons', 'Chi2n']","[0.21794668194710717, 0.1467178814027434, 0.14522617234994914]","
You are a biomedical expert.

A machine learning model predicted a drug property.

The most influential molecular descriptors were:

- NumValenceElectrons: 0.218
- NumRadicalElectrons: 0.147
- Chi2n: 0.145


Explain in biomedical and chemical terms why these descriptors influence the prediction.
Avoid mentioning SHAP or machine learning terminology.
"," In biomedical and chemical terms, these molecular descriptors influence the prediction of a drug property because they provide critical information about the structure and reactivity of the drug molecule.

1. NumValenceElectrons (NVE): This descriptor represents the number of electrons in the outermost shell of an atom, which is also known as the valence electrons. The valence electrons are involved in forming bonds with other atoms, so the NVE can affect the drug's ability to interact with biological targets such as proteins, enzymes, and DNA. A higher NVE may indicate a more reactive molecule, whereas a lower NVE may suggest a less reactive one.

2. NumRadicalElectrons (NRE): These are the unpaired electrons in a molecule, often found in free radicals. Free radicals can be highly reactive due to their unpaired electrons, which can easily react with other molecules. In the context of drugs, unpaired electrons may enhance the drug's reactivity, potentially influencing its pharmacological activity or toxicity. A higher NRE may suggest a more reactive molecule, while a lower NRE may indicate a less reactive one.

3. Chi2n: This is a topological index, a type of molecular descriptor that describes the structural characteristics of a molecule using simple mathematical calculations. Chi2n is specifically related to the hydrophobicity (or lipophilicity) of the molecule, which refers to its tendency to dissolve in nonpolar solvents rather than water. In the biological environment, hydrophobic interactions play a significant role in many cellular processes, such as membrane structure and protein folding. A higher Chi2n value suggests a more hydrophobic molecule, which may enhance its ability to cross biological membranes or interact with hydrophobic targets, thereby influencing its pharmacological activity or toxicity. Conversely, a lower Chi2n value indicates a more hydrophilic molecule, which may be less likely to cross membranes or interact with hydrophobic targets."
ADME_RLM,33,mistral,biomedical,3,"['BCUT2D_CHGLO', 'NumHeterocycles', 'NumValenceElectrons']","[0.09749598931048059, -0.09698869113668238, 0.07408448868589257]","
You are a biomedical expert.

A machine learning model predicted a drug property.

The most influential molecular descriptors were:

- BCUT2D_CHGLO: 0.097
- NumHeterocycles: -0.097
- NumValenceElectrons: 0.074


Explain in biomedical and chemical terms why these descriptors influence the prediction.
Avoid mentioning SHAP or machine learning terminology.
"," In the context of predicting drug properties, these molecular descriptors play crucial roles due to their influence on the structural, electronic, and physicochemical characteristics of a drug molecule.

1. BCUT2D_CHGLO (Burgess Charge-Density 2D descriptor - Charge LOwest Unoccupied Molecular Orbital): This descriptor reflects the charge density distribution within the lowest unoccupied molecular orbital (LUMO) of the drug molecule. The LUMO is significant as it determines the ease with which a molecule can accept an electron, a critical factor in drug-target interactions, particularly for electrophilic reactions or binding to electron-rich sites on a target protein. A higher value of BCUT2D_CHGLO indicates a more electron-rich LUMO, making the drug more likely to interact with electron-poor species, such as certain biological targets.

2. NumHeterocycles: This descriptor refers to the number of heterocyclic rings present in the drug molecule. Heterocyclic rings, containing atoms other than carbon and nitrogen, such as sulfur, oxygen, or phosphorus, contribute to the overall structure, shape, and electronic properties of the drug molecule. These rings can enhance the drug's ability to bind to specific biological targets by creating complementary shapes, hydrogen bonding sites, or by contributing to the drug's lipophilicity or hydrophilicity, which are crucial for drug absorption, distribution, metabolism, and excretion. A lower value of NumHeterocycles suggests a simpler molecule structure with fewer heterocyclic rings, which may result in different pharmacological properties compared to drugs with more complex structures.

3. NumValenceElectrons: This descriptor indicates the total number of valence electrons within the drug molecule. The valence electrons contribute to the molecule's overall electro negativity and the formation of covalent bonds with other atoms, including those in biological systems. A higher value of NumValenceElectrons suggests a more electron-rich molecule, which may lead to increased interactions with electron-deficient biological targets, such as electrophilic amino acid residues in proteins. Conversely, a lower value of NumValenceElectrons may result in a less electron-rich molecule, which may exhibit weaker interactions with certain biological targets.

In summary, these molecular descriptors influence the prediction of drug properties by reflecting the drug's structural, electronic, and physicochemical features, which in turn determine its ability to interact with biological targets and exhibit desired pharmacological activities."
ADME_RLM,34,mistral,biomedical,3,"['NumValenceElectrons', 'BCUT2D_CHGLO', 'Chi0n']","[0.1607272522645873, -0.10396985486433276, -0.07273826135758821]","
You are a biomedical expert.

A machine learning model predicted a drug property.

The most influential molecular descriptors were:

- NumValenceElectrons: 0.161
- BCUT2D_CHGLO: -0.104
- Chi0n: -0.073


Explain in biomedical and chemical terms why these descriptors influence the prediction.
Avoid mentioning SHAP or machine learning terminology.
"," In the context of predicting drug properties, these molecular descriptors play significant roles due to their influence on the structure, electronic properties, and behavior of the drug molecules.

1. NumValenceElectrons (0.161): This descriptor refers to the number of valence electrons present in an atom. Valence electrons determine the atom's ability to form chemical bonds and participate in chemical reactions. In a drug molecule, the number of valence electrons can influence its reactivity, stability, and interaction with biological targets, thus affecting its overall drug property.

2. BCUT2D_CHGLO (-0.104): BCUT (Baird-Curtin-Unsey-Twotree) descriptors are a set of physicochemical parameters calculated from a molecule's two-dimensional structure. BCUT2D_CHGLO, specifically, is related to the polarizability of the molecule. Polarizability is the ability of a molecule to change its shape in response to an applied electric field, which can impact how the drug interacts with its biological environment and target. A higher negative value for BCUT2D_CHGLO indicates a more polarizable molecule, which may influence the prediction of drug properties such as solubility, permeability, and interactions with biological macromolecules.

3. Chi0n (-0.073): Chi (Chemical Index of Hydrogen-Bond Basicity) descriptors are a set of values that quantify the ability of a molecule to participate in hydrogen bonding. Chi0n represents the number of rotatable single bonds in a molecule, which can affect its conformational flexibility and its ability to form hydrogen bonds with biological targets. A lower value for Chi0n suggests a more rigid molecule, which may affect its drug property predictions, especially those related to its ability to bind to specific sites on biological targets.

In summary, these molecular descriptors influence the prediction of drug properties by providing information about the drug molecule's structure, electronic properties, and behavior, which are crucial factors in determining a drug's efficacy, safety, and overall pharmacological profile."
ADME_RLM,35,mistral,biomedical,3,"['NumValenceElectrons', 'Chi1n', 'FpDensityMorgan2']","[0.18714552573714777, -0.14197703941676512, -0.08401238952869519]","
You are a biomedical expert.

A machine learning model predicted a drug property.

The most influential molecular descriptors were:

- NumValenceElectrons: 0.187
- Chi1n: -0.142
- FpDensityMorgan2: -0.084


Explain in biomedical and chemical terms why these descriptors influence the prediction.
Avoid mentioning SHAP or machine learning terminology.
"," In the context of predicting drug properties, these molecular descriptors play crucial roles due to their influence on a drug's structural and chemical characteristics.

1. NumValenceElectrons (0.187): This descriptor represents the sum of valence electrons of all atoms in a molecule. The valence electrons are those that an atom uses to form chemical bonds with other atoms. Thus, the number of valence electrons significantly impacts a drug's ability to form bonds with biological targets, such as proteins or enzymes, which is essential for drug activity.

2. Chi1n (-0.142): The Chi (Chemistry of the Intermediate State) index is a series of cyclicity indices that provide information about a molecule's ring structure. Chi1n, in particular, describes the number of rings in the molecule, including one ring. Ring structures in drugs can affect their pharmacokinetics and pharmacodynamics, such as absorption, distribution, metabolism, and excretion (ADME) properties, which are vital for a drug's efficacy and safety.

3. FpDensityMorgan2 (-0.084): This descriptor reflects the density of a molecular fingerprint (FP) generated using the Morgan algorithm with a radius of 2. The Morgan algorithm generates a compact representation of a molecule's structure, and the density of this FP can provide insights into the overall complexity and size of the molecule. A more complex or larger molecule may exhibit different pharmacological properties compared to simpler or smaller ones, which can influence the predicted drug property."
ADME_RLM,36,mistral,biomedical,3,"['NumValenceElectrons', 'FpDensityMorgan2', 'BCUT2D_CHGLO']","[0.1863541228462223, 0.1008639638638162, 0.0772088306515475]","
You are a biomedical expert.

A machine learning model predicted a drug property.

The most influential molecular descriptors were:

- NumValenceElectrons: 0.186
- FpDensityMorgan2: 0.101
- BCUT2D_CHGLO: 0.077


Explain in biomedical and chemical terms why these descriptors influence the prediction.
Avoid mentioning SHAP or machine learning terminology.
"," In the context of drug properties prediction, molecular descriptors like NumValenceElectrons, FpDensityMorgan2, and BCUT2D_CHGLO play significant roles due to their influence on the structural and electronic properties of the drug molecule.

1. NumValenceElectrons: This descriptor refers to the number of electrons that each atom in a molecule is expected to have according to its valence electron configuration. The number of valence electrons can impact the molecule's ability to form bonds with other atoms, which is crucial for drug-target interactions. A higher or lower number of valence electrons than expected could affect the molecule's reactivity and affinity towards specific biomolecules, thereby influencing its drug property.

2. FpDensityMorgan2: This descriptor quantifies the density of atoms within a certain spatial radius (Morgan radius 2) around a central atom. It provides information about the molecule's shape and size, as well as the electron density distribution. In drug design, the FpDensityMorgan2 can be a crucial factor for determining the molecule's ability to fit into specific binding sites, which is essential for drug activity. A higher or lower density in the relevant regions may influence the drug's binding affinity and overall efficacy.

3. BCUT2D_CHGLO: This descriptor represents the second vertical dipole moment of the molecule in a two-dimensional (2D) space, calculated using the CHEGLO basis set. The dipole moment is a measure of the separation of positive and negative charges within a molecule, which can influence its interaction with other charged or polar molecules, such as biomolecules in a biological environment. A higher dipole moment might suggest a more polar molecule, which could have different properties, such as solubility or ionic bond formation, compared to a less polar molecule. This, in turn, can impact the drug's pharmacokinetics and pharmacodynamics, ultimately affecting its therapeutic properties."
ADME_RLM,37,mistral,biomedical,3,"['NumValenceElectrons', 'Chi1n', 'PEOE_VSA12']","[0.12990562777136677, -0.102589777297545, -0.08284361504265153]","
You are a biomedical expert.

A machine learning model predicted a drug property.

The most influential molecular descriptors were:

- NumValenceElectrons: 0.130
- Chi1n: -0.103
- PEOE_VSA12: -0.083


Explain in biomedical and chemical terms why these descriptors influence the prediction.
Avoid mentioning SHAP or machine learning terminology.
"," In the context of predicting drug properties, molecular descriptors are numerical values that characterize specific chemical and structural properties of a molecule. These descriptors help to correlate the molecular structure with its biological or physicochemical behavior.

1. NumValenceElectrons (Number of Valence Electrons): This descriptor represents the number of electrons in the outermost energy level (valence shell) of each atom in a molecule. The number of valence electrons is a critical factor in determining a molecule's chemical reactivity and bonding behavior. A change in the number of valence electrons can influence the drug's ability to interact with biological targets, such as proteins or DNA, and hence its pharmacological effects.

2. Chi1n (Chemistry Development Index): Chi1n is a topological index that quantifies the complexity of a molecule by considering the number of rings and branching present. The more complex the molecule, the higher the Chi1n value. Complexity in molecular structure can impact drug properties like solubility, permeability, and metabolic stability, which are crucial for drug efficacy and safety. A higher Chi1n value could suggest a more complex molecule, which may lead to poorer drug absorption, distribution, metabolism, and excretion (ADME) properties.

3. PEOE_VSA12 (Polar Surface Area): PEOE_VSA12 is a descriptor that calculates the polar surface area of a molecule, reflecting the hydrophilicity (water-loving) nature of the molecule. Polarity is essential for drug solubility, as it determines how well a drug can dissolve in body fluids, such as blood or water. A high PEOE_VSA12 value indicates a more polar molecule, which may have better solubility but could also lead to faster drug elimination due to increased water solubility. On the other hand, a lower PEOE_VSA12 value suggests a less polar molecule, which may have poorer solubility but could exhibit slower drug elimination due to reduced water solubility.

In summary, the influence of the three molecular descriptors on the predicted drug property can be attributed to their effects on the drug's chemical reactivity, complexity, polar surface area, solubility, and ADME properties. These factors collectively impact a drug's ability to interact with biological targets and ultimately determine its therapeutic efficacy and safety."
ADME_RLM,38,mistral,biomedical,3,"['NumValenceElectrons', 'MinPartialCharge', 'fr_Ndealkylation2']","[0.2712467081622091, 0.12317836980936946, 0.06938962663251802]","
You are a biomedical expert.

A machine learning model predicted a drug property.

The most influential molecular descriptors were:

- NumValenceElectrons: 0.271
- MinPartialCharge: 0.123
- fr_Ndealkylation2: 0.069


Explain in biomedical and chemical terms why these descriptors influence the prediction.
Avoid mentioning SHAP or machine learning terminology.
"," In the context of predicting drug properties, these molecular descriptors play crucial roles due to their impact on a drug's chemical structure, which in turn affects its biological behavior.

1. NumValenceElectrons (0.271): This descriptor refers to the number of electrons required to fill the outermost energy level (valence shell) of an atom in a molecule. The valence electrons are involved in forming chemical bonds with other atoms, and changes in the number of valence electrons can significantly alter the molecule's reactivity and interaction with biological targets. A higher or lower number of valence electrons might influence the drug's ability to bond with proteins, nucleic acids, or other critical biomolecules.

2. MinPartialCharge (0.123): This descriptor represents the minimum partial charge of an atom or a group of atoms in a molecule. Partial charges are distributions of electrons that result from the unequal sharing of electrons in a chemical bond, which can lead to an overall charge imbalance. The distribution of partial charges within a drug molecule plays a key role in determining its electrostatic interactions with other molecules, such as water, biomembranes, or proteins. A more positive or negative partial charge can affect the solubility, permeability, and binding affinity of the drug, thereby influencing its overall pharmacological behavior.

3. fr_Ndealkylation2 (0.069): This descriptor is related to the susceptibility of a molecule to dealkylation, a chemical reaction where an alkyl group (a group containing carbon and hydrogen atoms) is removed from the molecule. Dealkylation is a common metabolic pathway for many drugs and can lead to the inactivation or elimination of the drug from the body. A higher value for fr_Ndealkylation2 suggests that the molecule is more prone to undergo dealkylation, which may reduce its effectiveness or increase the risk of adverse effects. Conversely, a lower value indicates a drug that is less likely to undergo dealkylation, potentially improving its pharmacokinetic properties and drug-like behavior."
ADME_RLM,39,mistral,biomedical,3,"['NumValenceElectrons', 'PEOE_VSA2', 'FpDensityMorgan2']","[0.19522961037581013, 0.08756471923482798, -0.07767797539331499]","
You are a biomedical expert.

A machine learning model predicted a drug property.

The most influential molecular descriptors were:

- NumValenceElectrons: 0.195
- PEOE_VSA2: 0.088
- FpDensityMorgan2: -0.078


Explain in biomedical and chemical terms why these descriptors influence the prediction.
Avoid mentioning SHAP or machine learning terminology.
"," In biomedical and chemical terms, these molecular descriptors play significant roles in predicting drug properties:

1. NumValenceElectrons (0.195): This descriptor represents the number of valence electrons in an atom, which is crucial for understanding the atom's chemical behavior and reactivity. In a drug molecule, valence electrons determine the atom's ability to form bonds with other atoms, such as hydrogen bonding or ionic bonding. The higher the number of valence electrons, the more likely the atom is to participate in bond formation, and this could significantly influence the drug's interaction with biological targets.

2. PEOE_VSA2 (0.088): PEOE stands for Polar Surface Area, which is a measure of a molecule's hydrophilicity (water-loving property). The subscript 'VSA2' might refer to a version of the Polar Surface Area calculation that considers the molecule's van der Waals volume. In a drug molecule, hydrophilicity can influence its solubility, permeability, and distribution within the body. A higher PEOE value indicates a more hydrophilic molecule, which may be more soluble in water and more likely to interact with polar biological targets.

3. FpDensityMorgan2 (-0.078): This descriptor calculates the electron density of a molecule using the Morgan fingerprint, a type of circular fingerprint that describes a molecule's chemical structure. The Morgan fingerprint uses a fixed-sized circular area (usually 2D) to describe a molecule's features. The density of this electron distribution can influence the molecule's electrostatic potential, which in turn affects its interactions with other molecules, including biological targets. A lower FpDensityMorgan2 value suggests a more diffuse electron distribution, which may lead to a weaker electrostatic interaction with biological targets."
ADME_RLM,40,mistral,biomedical,3,"['NumValenceElectrons', 'Chi4n', 'NumHDonors']","[-0.22061626795429115, -0.12080779162470508, -0.08697895564079963]","
You are a biomedical expert.

A machine learning model predicted a drug property.

The most influential molecular descriptors were:

- NumValenceElectrons: -0.221
- Chi4n: -0.121
- NumHDonors: -0.087


Explain in biomedical and chemical terms why these descriptors influence the prediction.
Avoid mentioning SHAP or machine learning terminology.
"," In biomedical and chemical terms, these molecular descriptors play crucial roles in predicting drug properties due to their impact on the structure, behavior, and interactions of a drug molecule.

1. NumValenceElectrons (-0.221): This descriptor refers to the total number of electrons in the valence shell of each atom in a molecule. The valence electrons are involved in forming chemical bonds with other atoms, so the number of valence electrons can greatly affect the structure and reactivity of a drug molecule. For instance, if a molecule has too many electrons, it may be more reactive and interact strongly with biological targets, while a molecule with fewer electrons might be less reactive and have reduced binding affinity.

2. Chi4n (-0.121): The Chi4n descriptor is a constitutional descriptor that calculates the number of rings and branches in a molecule. In pharmacology, the structure of a molecule significantly influences its biological activity and drug-likeness. For example, cyclic structures (rings) in a molecule can enhance stability and bioavailability, while branching can affect the molecule's ability to penetrate cell membranes or bind to specific targets.

3. NumHDonors (-0.087): This descriptor refers to the count of hydrogen bond donors in a molecule. Hydrogen bond donors are atoms with a lone pair of electrons, such as nitrogen (N) or oxygen (O), that can form hydrogen bonds with other molecules. These bonds are crucial for drug-receptor interactions, as they help stabilize the drug-receptor complex. The number of hydrogen bond donors in a drug molecule can affect its affinity for a specific target and overall biological activity.

In summary, the NumValenceElectrons, Chi4n, and NumHDonors descriptors are essential features of a drug molecule that influence its properties and behavior in biological systems. By considering these descriptors, machine learning models can predict drug properties more accurately and assist in the discovery and development of novel therapeutics."
ADME_RLM,41,mistral,biomedical,3,"['NumValenceElectrons', 'Chi4n', 'FpDensityMorgan2']","[0.16628798113090357, -0.10032138907410337, -0.08016467478919405]","
You are a biomedical expert.

A machine learning model predicted a drug property.

The most influential molecular descriptors were:

- NumValenceElectrons: 0.166
- Chi4n: -0.100
- FpDensityMorgan2: -0.080


Explain in biomedical and chemical terms why these descriptors influence the prediction.
Avoid mentioning SHAP or machine learning terminology.
"," In the context of predicting drug properties, molecular descriptors play a crucial role as they quantify various aspects of a molecule's structure and behavior. Here's an explanation for each of the influential molecular descriptors you mentioned:

1. NumValenceElectrons (0.166): This descriptor represents the number of electrons required to satisfy the valence (outermost shell) of each atom in a molecule. A higher value could indicate a more electron-rich molecule, which may interact more favorably with electron-deficient species, such as metal ions or other electron-acceptor molecules. This could influence drug properties like binding affinity, reactivity, and potential interactions with biological targets.

2. Chi4n (-0.100): The Chi (Chemistry Structure Index) descriptors are a set of molecular topological indices that aim to provide a quantitative measure of structural characteristics. Chi4n specifically focuses on the four heaviest atoms and their connections. A lower value could indicate a more compact and symmetrical molecule, which may facilitate certain interactions with biological targets and influence drug properties like absorption, distribution, metabolism, and excretion (ADME).

3. FpDensityMorgan2 (-0.080): This descriptor is based on the Morgan fingerprint, which encodes information about a molecule's structure and chemical features. FpDensityMorgan2, in particular, is a measure of the density of the two-dimensional Morgan fingerprint. A lower value could indicate a more sparse or less complex molecule, which may affect drug properties like solubility, permeability, and pharmacokinetics (the fate of the drug within the body). A less complex molecule might be more easily absorbed, distributed, and excreted, although it could potentially lead to weaker interactions with biological targets.

In summary, these molecular descriptors influence the prediction of drug properties by quantifying structural features that are relevant to various aspects of drug behavior, such as binding affinity, ADME properties, and pharmacokinetics. Understanding the relationships between these descriptors and drug properties can help guide drug discovery and optimization efforts."
ADME_RLM,42,mistral,biomedical,3,"['NumValenceElectrons', 'Chi4n', 'BCUT2D_CHGLO']","[0.20440153500473088, 0.10216606073207443, 0.08117444601551843]","
You are a biomedical expert.

A machine learning model predicted a drug property.

The most influential molecular descriptors were:

- NumValenceElectrons: 0.204
- Chi4n: 0.102
- BCUT2D_CHGLO: 0.081


Explain in biomedical and chemical terms why these descriptors influence the prediction.
Avoid mentioning SHAP or machine learning terminology.
"," In the context of predicting drug properties, these molecular descriptors play significant roles due to their impact on the structure, properties, and behavior of the drug molecules. Let's break down the roles of the three descriptors you mentioned:

1. NumValenceElectrons (0.204): This descriptor refers to the number of valence electrons in each atom of the drug molecule. The valence electrons are those electrons present in the outermost energy level of an atom, which are involved in forming chemical bonds with other atoms. The number of valence electrons directly influences the molecule's ability to form bonds, its overall charge, and its reactivity. For example, a drug molecule with more valence electrons may have higher reactivity, leading to stronger interactions with biological targets and potentially better therapeutic effects.

2. Chi4n (0.102): This is a 4-dimensional chemical constant (also known as the constitutional index), which provides a measure of the complexity and branching of a molecule. A higher Chi4n value indicates a more complex molecule with more branches and rings, which can lead to increased flexibility, improved drug-likeness, and better chances of fitting into complex biological targets such as enzymes or proteins. This can ultimately result in improved drug efficacy and selectivity.

3. BCUT2D_CHGLO (0.081): This descriptor is based on the Biologically-based Chemical Space (BBCS) and is used to represent the hydrophobic or lipophilic character of a molecule, often referred to as its lipophilicity. Lipophilicity is the tendency of a molecule to dissolve in lipids (fats and oils) rather than water. In a biological context, lipophilicity is important for drug absorption, distribution, and membrane permeability. A higher value of BCUT2D_CHGLO suggests a more lipophilic molecule, which may have better penetration through biological membranes and higher potential for bioavailability. However, an overly lipophilic molecule might also exhibit slower elimination and lead to undesirable side effects.

In summary, these molecular descriptors influence the prediction of drug properties by providing insights into the structural features, reactivity, complexity, and lipophilicity of the drug molecule. These characteristics play essential roles in determining the drug's behavior, pharmacokinetics, pharmacodynamics, and overall effectiveness as a therapeutic agent."
ADME_RLM,43,mistral,biomedical,3,"['NumAmideBonds', 'NumValenceElectrons', 'BCUT2D_CHGLO']","[-0.142819827177398, -0.14277118195023758, -0.08020247725271855]","
You are a biomedical expert.

A machine learning model predicted a drug property.

The most influential molecular descriptors were:

- NumAmideBonds: -0.143
- NumValenceElectrons: -0.143
- BCUT2D_CHGLO: -0.080


Explain in biomedical and chemical terms why these descriptors influence the prediction.
Avoid mentioning SHAP or machine learning terminology.
"," In the context of predicting a drug property, these molecular descriptors play significant roles due to their effects on the structure, functionality, and pharmacokinetic properties of the drug molecules.

1. NumAmideBonds: This descriptor refers to the number of amide bonds in a molecule. Amide bonds are a crucial component of peptides and proteins, and they are often found in various types of bioactive molecules like peptides, proteins, and many drug compounds. The presence of amide bonds can significantly affect a drug's structure, stability, and biological activity, including its ability to bind to specific targets and exhibiting desired pharmacological effects.

2. NumValenceElectrons: This descriptor represents the total number of valence electrons in a molecule. Valence electrons are the electrons present in the outermost energy level of an atom, and they are responsible for the formation of chemical bonds. In the case of drug molecules, the number of valence electrons can affect the molecule's reactivity, electron distribution, and overall structure. This, in turn, can influence the drug's ability to interact with biological targets and exhibit therapeutic effects.

3. BCUT2D_CHGLO: This descriptor is derived from the Brown-Clementi-Unsöld (BCUT) method, which is a set of quantum chemical descriptors used to characterize the electronic distribution and global reactivity of a molecule. In particular, BCUT2D_CHGLO is a two-dimensional, charge-global descriptor, which indicates the overall charge distribution and polarizability of the molecule. These properties can significantly impact the drug molecule's ability to interact with biological targets, such as proteins, and to permeate through biological membranes, which are essential for drug absorption, distribution, metabolism, and excretion (ADME) properties."
ADME_RLM,44,mistral,biomedical,3,"['NumValenceElectrons', 'SlogP_VSA2', 'fr_Ndealkylation2']","[-0.31117466280093997, -0.1294760961557847, 0.07634020477822237]","
You are a biomedical expert.

A machine learning model predicted a drug property.

The most influential molecular descriptors were:

- NumValenceElectrons: -0.311
- SlogP_VSA2: -0.129
- fr_Ndealkylation2: 0.076


Explain in biomedical and chemical terms why these descriptors influence the prediction.
Avoid mentioning SHAP or machine learning terminology.
"," In the context of predicting drug properties, these molecular descriptors play crucial roles due to their influence on the physical and chemical properties of the drug molecule.

1. NumValenceElectrons (-0.311) refers to the total number of electrons available for bonding in a neutral molecule, including those in the outermost atomic shell. The negative value suggests that an increased number of valence electrons may lead to a decrease in the predicted drug property, possibly indicating a more electron-rich molecule. This could impact the molecule's reactivity, lipophilicity, and its ability to form stable bonds with biological targets.

2. SlogP_VSA2 (-0.129) is a measure of the hydrophobic or lipophilic character of a molecule, also known as octanol-water partition coefficient (logP). A negative value suggests a more hydrophilic molecule, which may have a preference for water over oil or octanol. The lower value could indicate that the predicted drug property is less influenced by the lipophilicity of the molecule, suggesting a potential preference for aqueous environments.

3. fr_Ndealkylation2 (0.076) is a fragment-based descriptor related to the ease with which an alkyl group can be removed from a molecule. A higher value suggests that the molecule is more prone to dealkylation, a chemical reaction where an alkyl group is removed from a compound. This may indicate that the predicted drug property is influenced by the molecule's stability under certain biological conditions or its ability to undergo metabolic transformations.

In summary, these molecular descriptors influence the prediction of drug properties due to their effects on the electron distribution, lipophilicity, and stability of the drug molecule, which in turn can impact its interactions with biological systems."
ADME_RLM,45,mistral,biomedical,3,"['NumValenceElectrons', 'BCUT2D_CHGLO', 'FpDensityMorgan2']","[0.19919969542535132, 0.1328315000431009, -0.0977821468718377]","
You are a biomedical expert.

A machine learning model predicted a drug property.

The most influential molecular descriptors were:

- NumValenceElectrons: 0.199
- BCUT2D_CHGLO: 0.133
- FpDensityMorgan2: -0.098


Explain in biomedical and chemical terms why these descriptors influence the prediction.
Avoid mentioning SHAP or machine learning terminology.
"," In the context of predicting drug properties, molecular descriptors serve as numerical features that help characterize the structure and properties of a molecule. Here's an explanation of how the mentioned descriptors could influence the prediction:

1. NumValenceElectrons (0.199): This descriptor represents the sum of the valence electrons of all atoms in a molecule. The number of valence electrons is crucial for understanding a molecule's chemical behavior, such as its reactivity, stability, and the formation of bonds with other molecules. For instance, a higher number of valence electrons may indicate a more reactive molecule, which can affect the predicted drug property.

2. BCUT2D_CHGLO (0.133): This descriptor is related to the two-dimensional Bulk CHEctomery Descriptors (BCUT), specifically the CHGLO (charges, polarizabilities, and higher order) category. These descriptors help describe the overall shape, size, and polarizability of a molecule. A higher value for BCUT2D_CHGLO may indicate a larger, more polarizable molecule, which could impact the drug property prediction, especially if the property is related to the molecule's interaction with biological targets or its solubility in aqueous solutions.

3. FpDensityMorgan2 (-0.098): This descriptor is based on the Morgan fingerprint, a method used to capture the chemical similarity between molecules. FpDensityMorgan2, in particular, describes the density of functional groups in a molecule. Functional groups are the atoms or groups of atoms within a molecule that determine its chemical reactions and interactions. A lower value for FpDensityMorgan2 could indicate a less complex molecule, with fewer functional groups, which may impact the predicted drug property. For example, if the property relates to the drug's efficacy or specificity for a certain target, a simpler molecule with fewer functional groups may behave differently than a more complex one."
ADME_RLM,46,mistral,biomedical,3,"['NumValenceElectrons', 'BCUT2D_CHGLO', 'SlogP_VSA2']","[-0.45815442854665966, 0.0886364251168573, -0.07110061221985185]","
You are a biomedical expert.

A machine learning model predicted a drug property.

The most influential molecular descriptors were:

- NumValenceElectrons: -0.458
- BCUT2D_CHGLO: 0.089
- SlogP_VSA2: -0.071


Explain in biomedical and chemical terms why these descriptors influence the prediction.
Avoid mentioning SHAP or machine learning terminology.
"," In the prediction of drug properties, molecular descriptors are essential as they quantitatively represent the structural and physicochemical properties of a molecule, helping us understand its behavior within a biological system. Let's discuss the three molecular descriptors you mentioned and their potential influence on drug properties:

1. NumValenceElectrons (-0.458): This descriptor refers to the total number of electrons that are available to form covalent bonds in a molecule. The negative value suggests that an increase in the number of valence electrons could lead to more stabilized electron density, promoting interactions with biological targets such as proteins and enzymes.

2. BCUT2D_CHGLO (0.089): This molecular descriptor is based on the Burgess Chemical Universal Total (BCUT), which is a 2D quantum chemical descriptor that represents the overall electron density of a molecule. A higher value of BCUT2D_CHGLO indicates a more polar molecule, which may facilitate hydrogen bonding and electrostatic interactions with biological macromolecules. Such interactions are crucial for drug-target binding affinity and specificity.

3. SlogP_VSA2 (-0.071): SlogP is a logarithmic octanol-water partition coefficient, representing a molecule's hydrophobicity or lipophilicity. SlogP_VSA2 is a variant that considers the van der Waals surface area of the molecule. A negative value implies a less hydrophobic molecule. Lipophilicity is an essential factor in determining drug absorption, distribution, metabolism, excretion, and toxicity (ADMET). A less hydrophobic drug may be more soluble in aqueous environments, such as biological fluids, allowing for better absorption and distribution within the body.

In summary, the influence of these molecular descriptors on the predicted drug property can be attributed to their effects on drug-target interactions, polarities, and lipophilicities. By understanding the relationships between these descriptors and drug properties, we can optimize drug design for desired pharmacological activities and minimize adverse effects."
ADME_RLM,47,mistral,biomedical,3,"['NumValenceElectrons', 'MinPartialCharge', 'Chi0n']","[-0.45541336973099594, -0.09998955812976568, -0.08444847925243426]","
You are a biomedical expert.

A machine learning model predicted a drug property.

The most influential molecular descriptors were:

- NumValenceElectrons: -0.455
- MinPartialCharge: -0.100
- Chi0n: -0.084


Explain in biomedical and chemical terms why these descriptors influence the prediction.
Avoid mentioning SHAP or machine learning terminology.
"," In biomedical and chemical terms, these molecular descriptors play a significant role in predicting drug properties:

1. NumValenceElectrons: This descriptor refers to the number of electrons in the outermost shell of an atom, also known as the valence electrons. In a drug molecule, these electrons are crucial for forming bonds with other atoms, such as hydrogen bonding or ionic bonding. A negative value for this descriptor suggests that the drug molecule might have a higher affinity for donating electrons, which can influence its behavior in biological systems, such as interacting with biomolecules like enzymes, receptors, or DNA.

2. MinPartialCharge: This descriptor represents the minimum partial charge on any atom in the molecule. A partial charge is a measure of the local charge concentration on an atom in a molecule, distributed as a result of electronegativity differences between atoms. A negative value for MinPartialCharge suggests that there are atoms in the drug molecule with a partial negative charge, which can influence its interactions with other charged biomolecules. For example, a drug molecule with a negative partial charge might attract positively charged ions or biomolecules, or it might repel other negatively charged biomolecules, thus affecting its pharmacological properties.

3. Chi0n: Chi (Chemistry Index) descriptors are a set of molecular descriptors that are used to quantify the shape and complexity of a molecule. Chi0n specifically represents the number of rotatable bonds in a molecule, i.e., bonds where the atoms can rotate freely around the bond axis. A higher number of rotatable bonds in a drug molecule might lead to increased flexibility, which can influence its ability to adopt various conformations, thereby impacting its binding affinity and pharmacokinetic properties. For example, a flexible drug molecule might be able to better adapt to the active site of a target protein, enhancing its binding and thus its therapeutic efficacy. However, a highly flexible molecule might also lead to increased metabolic instability, as more conformations can be susceptible to enzymatic attack."
ADME_RLM,48,mistral,biomedical,3,"['NumValenceElectrons', 'FpDensityMorgan2', 'Chi4n']","[0.18876829031751308, 0.09138506615277014, 0.07644516197133168]","
You are a biomedical expert.

A machine learning model predicted a drug property.

The most influential molecular descriptors were:

- NumValenceElectrons: 0.189
- FpDensityMorgan2: 0.091
- Chi4n: 0.076


Explain in biomedical and chemical terms why these descriptors influence the prediction.
Avoid mentioning SHAP or machine learning terminology.
"," In biomedical and chemical terms, the influence of the mentioned molecular descriptors on the predicted drug property can be explained as follows:

1. NumValenceElectrons: This descriptor represents the sum of valence electrons in all the atoms of a molecule. The valence electrons are electrons that are available for bonding with other atoms. The number of valence electrons plays a crucial role in determining the molecule's chemical reactivity, stability, and interaction with biological targets, such as enzymes, receptors, or DNA. A higher value of NumValenceElectrons might indicate a more reactive molecule or one that can bind more strongly to a target, thus influencing the predicted drug property.

2. FpDensityMorgan2: This descriptor refers to the Fractional Polar Surface Area density calculated using the Morgan 2-dimensional circular topological structure, which represents the molecular surface area that is polar (containing partial negative charges). A higher polar surface area density suggests a molecule with more polar groups, such as oxygen, nitrogen, and sulfur, which can form hydrogen bonds with biological macromolecules. This interaction is essential for many drug-target interactions, as hydrogen bonding increases the stability and specificity of the drug-target complex. Consequently, a higher FpDensityMorgan2 value can influence the predicted drug property by enhancing the drug's affinity and selectivity for its target.

3. Chi4n: This descriptor represents the number of conformations that a molecule can adopt with four rotatable bonds and a specific ring size (n). Conformational flexibility is essential for a molecule to adapt to its binding site in a biological target. A higher Chi4n value implies that the molecule has more conformations it can adopt, potentially increasing the likelihood of finding a conformation that optimally fits the target and results in stronger binding. Therefore, a higher Chi4n value can influence the predicted drug property by enhancing the drug's ability to bind to its target effectively."
ADME_RLM,49,mistral,biomedical,3,"['NumValenceElectrons', 'fr_Ndealkylation2', 'fr_epoxide']","[0.26232527941069506, 0.0723855880652589, 0.045805307020622875]","
You are a biomedical expert.

A machine learning model predicted a drug property.

The most influential molecular descriptors were:

- NumValenceElectrons: 0.262
- fr_Ndealkylation2: 0.072
- fr_epoxide: 0.046


Explain in biomedical and chemical terms why these descriptors influence the prediction.
Avoid mentioning SHAP or machine learning terminology.
"," In the context of predicting a drug property, the molecular descriptors you've mentioned play crucial roles due to their influence on a drug's chemical structure and behavior.

1. NumValenceElectrons (0.262): This descriptor refers to the number of electrons associated with the valence shell of an atom in a molecule. The valence electrons are involved in the formation of chemical bonds. By influencing this number, it can affect the molecule's reactivity, stability, and interaction with other molecules, such as biological targets. A change in valence electrons may lead to altered pharmacological properties.

2. fr_Ndealkylation2 (0.072): This descriptor is related to the ease with which a molecule can undergo a specific type of chemical reaction called N-dealkylation. This reaction involves the removal of an alkyl group (a group of carbon and hydrogen atoms) from a nitrogen atom in the drug molecule. The rate at which a drug undergoes N-dealkylation can significantly impact its pharmacokinetics (the way a drug behaves in the body), including its absorption, distribution, metabolism, and excretion. Rapid N-dealkylation can lead to reduced drug efficacy or increased toxicity.

3. fr_epoxide (0.046): This descriptor refers to the tendency of a molecule to form an epoxide, a cyclic ether compound with a three-membered ring consisting of one oxygen atom and two carbon atoms. Epoxides can be formed from various reactions, including electrophilic addition to a double bond. The presence of an epoxide group in a drug molecule may affect its reactivity, stability, and interaction with biological targets. Epoxides can undergo further chemical reactions within the body, which may lead to metabolic activation or inactivation, resulting in altered drug efficacy or toxicity.

In summary, these molecular descriptors influence the prediction of a drug property by affecting the drug's chemical structure, reactivity, and behavior, which ultimately determine its pharmacological and toxicological effects."
