endpoint,sample_id,model,strategy,top_k,features,shap_values,prompt,explanation
ADME_rPPB,0,llama3,biomedical,3,"['fr_Ndealkylation1', 'fr_urea', 'LabuteASA']","[0.22301932736921942, -0.11811575650292046, -0.06523552011464735]","
You are a biomedical expert.

A machine learning model predicted a drug property.

The most influential molecular descriptors were:

- fr_Ndealkylation1: 0.223
- fr_urea: -0.118
- LabuteASA: -0.065


Explain in biomedical and chemical terms why these descriptors influence the prediction.
Avoid mentioning SHAP or machine learning terminology.
","As a biomedical expert, I can provide insights on the biological and chemical significance of these molecular descriptors and their influence on the predicted drug property.

**fr_Ndealkylation1 (0.223)**: This descriptor is related to the molecule's ability to undergo N-dealkylation, a common metabolic pathway in which a methyl or ethyl group is removed from a nitrogen-containing compound. The positive value of 0.223 indicates that molecules with a higher propensity for N-dealkylation are more likely to exhibit the predicted drug property. In the context of drug design, this descriptor suggests that the molecule's ability to withstand or utilize this metabolic pathway may be crucial for its efficacy or toxicity. For instance, a molecule that is resistant to N-dealkylation may be more effective as a drug due to its ability to maintain its bioactive conformation.

**fr_urea (-0.118)**: This descriptor is linked to the presence of urea functional groups in the molecule. The negative value of -0.118 indicates that molecules with a higher number of urea groups are less likely to exhibit the predicted drug property. Urea is a common functional group found in many biomolecules, including peptides and proteins. The presence of urea groups may influence the molecule's ability to interact with biomolecules, such as enzymes or receptors, which could impact its efficacy or toxicity.

**LabuteASA (-0.065)**: This descriptor is related to the molecule's surface area, which is a measure of its size and shape. The negative value of -0.065 indicates that molecules with a larger surface area are less likely to exhibit the predicted drug property. In the context of drug design, surface area can impact a molecule's ability to penetrate biological membranes, interact with receptors, or be recognized by immune cells. A larger surface area may hinder these interactions, making it less likely for the molecule to exhibit the desired drug property.

In summary, these molecular descriptors influence the prediction by reflecting the molecule's metabolism, chemical reactivity, and physical properties. The fr_Ndealkylation1 descriptor suggests that the molecule's ability to withstand or utilize metabolic pathways may be important. The fr_urea descriptor implies that the molecule's interactions with biomolecules may be influenced by the presence of urea groups. The LabuteASA descriptor indicates that the molecule's size and shape may impact its ability to interact with biological targets. These insights can inform the design of new molecules with the desired drug properties."
ADME_rPPB,1,llama3,biomedical,3,"['fr_Ndealkylation1', 'PEOE_VSA13', 'Chi1v']","[0.4318982348492, 0.14115720287256578, -0.05857840554130578]","
You are a biomedical expert.

A machine learning model predicted a drug property.

The most influential molecular descriptors were:

- fr_Ndealkylation1: 0.432
- PEOE_VSA13: 0.141
- Chi1v: -0.059


Explain in biomedical and chemical terms why these descriptors influence the prediction.
Avoid mentioning SHAP or machine learning terminology.
","The intriguing world of molecular descriptors! Let me break down why these three descriptors might be influencing the prediction of the drug property.

**fr_Ndealkylation1: 0.432**

The ""fr_Ndealkylation1"" descriptor likely relates to the molecule's ability to form a specific type of chemical reaction, specifically a dealkylation reaction. In this context, the value of 0.432 suggests that the presence of this molecular feature is strongly associated with the predicted drug property.

Dealkylation reactions involve the removal of an alkyl group (a chain of carbon and hydrogen atoms) from a molecule. This type of reaction can significantly impact the molecule's bioavailability, metabolism, and overall pharmacokinetic properties. The high influence of this descriptor might indicate that the predicted drug property is closely tied to the molecule's ability to undergo dealkylation reactions, which could affect its absorption, distribution, metabolism, and excretion (ADME) properties.

**PEOE_VSA13: 0.141**

The ""PEOE_VSA13"" descriptor is likely related to the molecule's electronic properties, specifically its ability to form π-electron clouds (peoe) and the presence of specific functional groups (VSA = Variable Subset Analysis).

The ""peoe"" component might be reflecting the molecule's ability to form conjugated double bonds or aromatic rings, which can influence its chemical reactivity, stability, and interactions with other molecules. The ""VSA13"" component might be highlighting the presence of specific functional groups, such as hydroxyl (-OH), amino (-NH2), or carboxyl (-COOH) groups, which can affect the molecule's pharmacological properties.

The relatively moderate influence of this descriptor (0.141) suggests that while electronic properties and functional groups are important, they are not the primary drivers of the predicted drug property.

**Chi1v: -0.059**

The ""Chi1v"" descriptor is a measure of the molecule's steric and electronic properties, specifically related to the shape and size of the molecule's atoms.

The negative value of -0.059 indicates that the presence of this molecular feature is associated with a decrease in the predicted drug property. The ""Chi1v"" descriptor might be reflecting the molecule's steric properties, such as its molecular volume, surface area, or shape, which can influence its ability to interact with biological targets, transport proteins, or other molecules.

In this context, the influence of this descriptor suggests that the predicted drug property is negatively impacted by the presence of specific steric features, such as a large molecular size or an unusual molecular shape.

In summary, the three descriptors are influencing the prediction of the drug property due to their associations with various molecular properties, including dealkylation reactions, electronic properties, and steric features. These properties can affect the molecule's bioavailability, metabolism, and pharmacological activities, ultimately influencing the predicted drug property."
ADME_rPPB,2,llama3,biomedical,3,"['fr_Ndealkylation1', 'fr_urea', 'fr_aldehyde']","[-0.2431502469009896, -0.12408885942474285, -0.06945298202420262]","
You are a biomedical expert.

A machine learning model predicted a drug property.

The most influential molecular descriptors were:

- fr_Ndealkylation1: -0.243
- fr_urea: -0.124
- fr_aldehyde: -0.069


Explain in biomedical and chemical terms why these descriptors influence the prediction.
Avoid mentioning SHAP or machine learning terminology.
","What a fascinating prediction! As a biomedical expert, I'm excited to dive into the chemical and biomedical significance of these influential molecular descriptors.

**fr_Ndealkylation1: -0.243**
The negative value of this descriptor suggests that the presence of a nitrogen-containing functional group, likely an amine or amide, is detrimental to the predicted drug property. In biomedical terms, this might imply that the presence of a nitrogen-containing moiety could hinder the drug's ability to interact with its target protein or receptor, thereby affecting its efficacy or potency. This could be due to steric or electronic effects that alter the conformation or binding affinity of the drug molecule.

**fr_urea: -0.124**
The urea functional group is a common feature in many biologically active molecules. A negative coefficient for this descriptor indicates that the presence of urea is also detrimental to the predicted drug property. In a biomedical context, this might suggest that urea is competing with the drug for binding to its target or is influencing the drug's pharmacokinetic properties, such as absorption, distribution, metabolism, or excretion (ADME). This competition or interference could lead to reduced efficacy or altered pharmacological profiles.

**fr_aldehyde: -0.069**
The aldehyde functional group is often associated with reactive or unstable molecules. The negative coefficient for this descriptor implies that the presence of an aldehyde group is also unfavorable for the predicted drug property. Biomedically, this might imply that the aldehyde group is compromising the drug's stability, leading to degradation or metabolism that affects its bioavailability or efficacy. Alternatively, the aldehyde group could be interacting with the drug's target, altering its binding affinity or leading to unwanted side effects.

In summary, these molecular descriptors are influencing the prediction because they are associated with functional groups that are detrimental to the drug's activity, stability, or binding affinity. The presence of these groups could be compromising the drug's ability to interact with its target, leading to reduced efficacy or altered pharmacological profiles."
ADME_rPPB,3,llama3,biomedical,3,"['BCUT2D_MRLOW', 'HeavyAtomMolWt', 'PEOE_VSA10']","[-0.08468142502839607, 0.0702257766112892, 0.060359774527066985]","
You are a biomedical expert.

A machine learning model predicted a drug property.

The most influential molecular descriptors were:

- BCUT2D_MRLOW: -0.085
- HeavyAtomMolWt: 0.070
- PEOE_VSA10: 0.060


Explain in biomedical and chemical terms why these descriptors influence the prediction.
Avoid mentioning SHAP or machine learning terminology.
","As a biomedical expert, I'd be happy to explain the biological and chemical significance of these descriptors.

**BCUT2D_MRLOW: -0.085**

BCUT2D_MRLOW is a molecular descriptor that measures the molecular polarizability, which is the ability of a molecule to be distorted by an electric field. In this case, the negative value (-0.085) indicates that the molecule has a relatively low polarizability. This descriptor is influenced by the molecular shape and the distribution of electrons within the molecule.

In biological terms, this descriptor may be related to the molecule's ability to interact with biological membranes or proteins, which have a natural electric field. A low polarizability may indicate that the molecule is less likely to interact with these biological targets, which could impact its efficacy or potency as a drug.

**HeavyAtomMolWt: 0.070**

HeavyAtomMolWt is a molecular descriptor that measures the total weight of the heavy atoms (non-hydrogen atoms) in the molecule. In this case, the value of 0.070 indicates that the molecule has a relatively high molecular weight due to the presence of heavy atoms.

In chemical terms, this descriptor is influenced by the molecule's overall size and the presence of heavy atoms, which can impact its physical properties and potential for interactions with biological targets. Heavy atoms, such as those found in heterocyclic rings or aromatic systems, can contribute to a molecule's molecular weight and influence its pharmacokinetic and pharmacodynamic properties.

**PEOE_VSA10: 0.060**

PEOE_VSA10 is a molecular descriptor that measures the partial electric octupole moment (PEOE), which is a measure of the molecule's electric multipole moment. The value of 0.060 indicates that the molecule has a relatively high PEOE value.

In chemical terms, this descriptor is influenced by the molecule's electric dipole moment and the distribution of electrons within the molecule. The PEOE value is related to the molecule's ability to interact with electric fields and may impact its potential for interactions with biological targets, such as proteins or membranes.

In biological terms, this descriptor may be related to the molecule's ability to interact with biological targets that have a natural electric field, such as ion channels or G-protein coupled receptors. A high PEOE value may indicate that the molecule has a higher likelihood of interacting with these targets, which could impact its efficacy or potency as a drug."
ADME_rPPB,4,llama3,biomedical,3,"['NumValenceElectrons', 'FpDensityMorgan2', 'fr_urea']","[0.09981914308886435, -0.05596173528980839, 0.046622591661756606]","
You are a biomedical expert.

A machine learning model predicted a drug property.

The most influential molecular descriptors were:

- NumValenceElectrons: 0.100
- FpDensityMorgan2: -0.056
- fr_urea: 0.047


Explain in biomedical and chemical terms why these descriptors influence the prediction.
Avoid mentioning SHAP or machine learning terminology.
","A fascinating set of molecular descriptors! As a biomedical expert, I'd like to dive into the chemical and biomedical significance of these features.

**NumValenceElectrons: 0.100**
The number of valence electrons in a molecule is a fundamental property that can greatly impact a drug's behavior. Valence electrons are the outermost electrons that participate in chemical bonding. In this case, a positive correlation with the predicted drug property suggests that molecules with a higher number of valence electrons might exhibit a desirable property. This could be related to the molecule's ability to form optimal hydrogen bonds, which are crucial for protein-ligand interactions. A higher number of valence electrons might also influence the molecule's ability to interact with specific biomolecules, such as enzymes or receptors, which could contribute to the predicted drug property.

**FpDensityMorgan2: -0.056**
FpDensityMorgan2 is a molecular descriptor that measures the density of molecular fragments (fingerprint density) using the Morgan algorithm. The negative correlation with the predicted drug property implies that molecules with a lower fingerprint density might exhibit the desired property. In the context of drug properties, fingerprint density can relate to the molecule's ability to interact with specific biomolecules or to its overall shape and flexibility. A lower fingerprint density could indicate a more rigid or compact molecular structure, which might be advantageous for certain drug properties, such as improved bioavailability or enhanced target specificity.

**fr_urea: 0.047**
The fr_urea descriptor specifically focuses on the presence and distribution of urea groups (R-NH-CO-NH-R) in a molecule. The positive correlation with the predicted drug property suggests that molecules containing urea groups might exhibit the desired property. Urea groups are common in biological molecules, such as peptides and proteins, and can participate in important chemical reactions, like enzymatic catalysis. The presence of urea groups in a drug molecule might enhance its ability to interact with specific biomolecules or enzymes, which could contribute to the predicted drug property.

In summary, these molecular descriptors provide valuable insights into the chemical and biomedical properties of the molecules. The number of valence electrons may influence the molecule's ability to form optimal hydrogen bonds or interact with specific biomolecules. Fingerprint density, on the other hand, might relate to the molecule's shape, flexibility, and interaction with biomolecules. Finally, the presence of urea groups could enhance the molecule's ability to interact with specific biomolecules or enzymes, contributing to the predicted drug property."
ADME_rPPB,5,llama3,biomedical,3,"['BalabanJ', 'fr_urea', 'Chi1v']","[0.06329288498862501, 0.06040834630916381, -0.04827765225485742]","
You are a biomedical expert.

A machine learning model predicted a drug property.

The most influential molecular descriptors were:

- BalabanJ: 0.063
- fr_urea: 0.060
- Chi1v: -0.048


Explain in biomedical and chemical terms why these descriptors influence the prediction.
Avoid mentioning SHAP or machine learning terminology.
","As a biomedical expert, I'd be happy to help decipher the significance of these molecular descriptors in the context of drug properties.

**BalabanJ: 0.063**

The BalabanJ descriptor is a measure of molecular shape and topology. In the context of drug properties, a high BalabanJ value (0.063) suggests that the molecule has a relatively complex or irregular shape, which may influence the prediction. This could be attributed to the molecule's ability to interact with multiple binding sites or its flexibility, allowing it to adopt different conformations that enhance its activity. In terms of biomedical relevance, a complex shape may enable the molecule to interact with multiple protein targets, increasing its potential for therapeutic efficacy.

**fr_urea: 0.060**

The fr_urea descriptor is a measure of the presence and frequency of urea functional groups in the molecule. Urea is a common moiety found in many biologically active compounds, including drugs and biomolecules. A high fr_urea value (0.060) indicates that the molecule contains multiple urea functional groups or has a high degree of urea-like structure. In the context of drug properties, this may suggest that the molecule has the potential to interact with enzymes or receptors that recognize urea-containing substrates. Biomedically, this could be important for understanding the molecule's ability to modulate enzymatic activity or interact with specific biological pathways.

**Chi1v: -0.048**

The Chi1v descriptor is a measure of the molecular polarizability and the ability of the molecule to interact with electric fields. A negative Chi1v value (-0.048) suggests that the molecule has a relatively low polarizability, indicating that it may not be as effective at interacting with electric fields or forming ionic interactions with biological molecules. In the context of drug properties, this could imply that the molecule is less likely to interact with ion channels or receptors that rely on electrostatic interactions. Biomedically, this may reduce the molecule's potential to modulate ion channel activity or interact with specific biological pathways.

In summary, these molecular descriptors provide insights into the shape, topology, and functional group composition of the molecule, which can influence its potential to interact with biological targets and modulate specific pathways. The biomedical relevance of these descriptors lies in their ability to predict the molecule's ability to interact with specific biological molecules, enzymes, or receptors, ultimately influencing its potential therapeutic efficacy."
ADME_rPPB,6,llama3,biomedical,3,"['fr_Ndealkylation1', 'fr_C_O', 'SlogP_VSA5']","[-0.2411379561727176, 0.12559129702877683, -0.07757808193703512]","
You are a biomedical expert.

A machine learning model predicted a drug property.

The most influential molecular descriptors were:

- fr_Ndealkylation1: -0.241
- fr_C_O: 0.126
- SlogP_VSA5: -0.078


Explain in biomedical and chemical terms why these descriptors influence the prediction.
Avoid mentioning SHAP or machine learning terminology.
","A fascinating prediction!

Let's dive into the molecular descriptors and their significance in the context of the predicted drug property.

1. **fr_Ndealkylation1: -0.241**: This descriptor is related to the ease of N-dealkylation, a chemical reaction that involves the removal of an alkyl group (e.g., methyl, ethyl) from a nitrogen-containing compound. A negative value indicates that the molecules with this property tend to be more resistant to N-dealkylation. In the context of drug design, this suggests that the molecules are more likely to maintain their chemical structure and function over time. This descriptor's influence on the prediction implies that the predicted drug property is linked to the molecule's stability and resistance to degradation.
2. **fr_C_O: 0.126**: This descriptor is related to the carbon-oxygen bond characteristics. A positive value indicates that the molecules with this property tend to have a higher percentage of carbon-oxygen bonds, which are common in biological molecules. In the context of drug design, this suggests that the molecules are more likely to interact with biological targets, such as enzymes or receptors, through these bonds. The influence of this descriptor on the prediction implies that the predicted drug property is linked to the molecule's ability to interact with biological systems.
3. **SlogP_VSA5: -0.078**: This descriptor is related to the hydrophobicity (water-insolubility) of the molecule. A negative value indicates that the molecules with this property tend to be more hydrophilic (water-soluble). In the context of drug design, this suggests that the molecules are more likely to be absorbed and distributed in the body, potentially leading to improved bioavailability. The influence of this descriptor on the prediction implies that the predicted drug property is linked to the molecule's ability to interact with the body and be absorbed effectively.

In summary, these molecular descriptors influence the prediction by reflecting the molecules' stability, ability to interact with biological systems, and hydrophobicity. These properties are critical for a drug to exert its desired effects and be effective in the body."
ADME_rPPB,7,llama3,biomedical,3,"['fr_Ndealkylation1', 'SlogP_VSA5', 'NumValenceElectrons']","[-0.29366502028725777, 0.13875267973960032, 0.09245743053952625]","
You are a biomedical expert.

A machine learning model predicted a drug property.

The most influential molecular descriptors were:

- fr_Ndealkylation1: -0.294
- SlogP_VSA5: 0.139
- NumValenceElectrons: 0.092


Explain in biomedical and chemical terms why these descriptors influence the prediction.
Avoid mentioning SHAP or machine learning terminology.
","As a biomedical expert, I'd be happy to break down the significance of these molecular descriptors in the context of drug properties.

**fr_Ndealkylation1: -0.294**

The fr_Ndealkylation1 descriptor is related to the molecule's ability to undergo dealkylation, a chemical reaction that involves the removal of an alkyl group (a functional group containing carbon and hydrogen atoms) from a molecule. A negative value of -0.294 suggests that the molecules with this descriptor tend to have a decreased likelihood of undergoing dealkylation. From a biomedical perspective, this could be important for drug molecules that need to maintain their chemical structure to interact with their target proteins or receptors. In other words, the ability to resist dealkylation might be crucial for a drug to retain its efficacy and avoid unwanted metabolism or degradation.

**SlogP_VSA5: 0.139**

SlogP_VSA5 is a descriptor that estimates the lipophilicity (fat-solubility) of a molecule. Lipophilicity is important in drug discovery because it affects a molecule's ability to cross biological membranes and reach its target site of action. A value of 0.139 suggests that the molecules with this descriptor are relatively lipophilic. In the context of drug properties, this could indicate that the molecules are more likely to be absorbed and distributed to various tissues in the body, which is a critical aspect of a drug's pharmacokinetic profile.

**NumValenceElectrons: 0.092**

The NumValenceElectrons descriptor is related to the number of valence electrons in a molecule. Valence electrons are the electrons that participate in chemical bonding. A value of 0.092 suggests that the molecules with this descriptor tend to have a moderate number of valence electrons. From a biomedical perspective, this could be important for understanding the molecule's ability to form hydrogen bonds, which are crucial for protein-ligand interactions. Hydrogen bonding is a key mechanism by which drugs interact with their targets, so the number of valence electrons can influence the molecule's ability to engage in these interactions.

In summary, these descriptors are influencing the prediction of drug properties because they capture important aspects of a molecule's chemical structure and properties. The fr_Ndealkylation1 descriptor suggests that the molecule's resistance to dealkylation is important, while SlogP_VSA5 indicates that the molecule's lipophilicity is a key factor. Finally, the NumValenceElectrons descriptor suggests that the molecule's ability to form hydrogen bonds is crucial for its interactions with biological targets."
ADME_rPPB,8,llama3,biomedical,3,"['fr_Ndealkylation1', 'PEOE_VSA8', 'PEOE_VSA7']","[-0.24662740534741284, -0.09381413439992468, -0.08430506466482376]","
You are a biomedical expert.

A machine learning model predicted a drug property.

The most influential molecular descriptors were:

- fr_Ndealkylation1: -0.247
- PEOE_VSA8: -0.094
- PEOE_VSA7: -0.084


Explain in biomedical and chemical terms why these descriptors influence the prediction.
Avoid mentioning SHAP or machine learning terminology.
","A fascinating prediction! Let's dive into the molecular world to understand why these descriptors stand out.

**fr_Ndealkylation1 (-0.247)**

This descriptor is related to the ease of dealkylation, a chemical reaction that removes an alkyl group (a chain of carbon and hydrogen atoms) from a molecule. The negative value indicates that molecules with a lower propensity for dealkylation are more likely to exhibit the predicted drug property.

From a biochemical perspective, dealkylation is a common process that occurs in enzymes, such as cytochrome P450, which metabolize xenobiotics (foreign compounds) like drugs. A molecule that is resistant to dealkylation may be less susceptible to metabolism and elimination by these enzymes, potentially leading to a longer half-life and increased therapeutic efficacy.

**PEOE_VSA8 (-0.094) and PEOE_VSA7 (-0.084)**

These descriptors are part of the PEOE (Predicted Energy of Organic Electrons) series, which capture the energy associated with the movement of electrons within a molecule. The negative values suggest that molecules with lower energy electron movements are more likely to exhibit the predicted drug property.

From a chemical perspective, these descriptors are related to the molecule's polarity and hydrogen bonding potential. Molecules with lower energy electron movements tend to be more polar and have increased opportunities for hydrogen bonding. This can influence the drug's ability to interact with biological targets, such as proteins or receptors, and modulate its pharmacokinetic and pharmacodynamic properties.

In summary, the influential molecular descriptors suggest that molecules with:

1. Low dealkylation propensity, potentially making them less susceptible to metabolism and elimination.
2. Low energy electron movements, leading to increased polarity and hydrogen bonding potential, which can influence drug-target interactions and pharmacological properties.

These insights can provide valuable information for drug design, optimization, and prediction of a molecule's potential therapeutic effects."
ADME_rPPB,9,llama3,biomedical,3,"['SlogP_VSA5', 'fr_urea', 'BalabanJ']","[0.10941009901960014, 0.08448122277453984, 0.0652327004426833]","
You are a biomedical expert.

A machine learning model predicted a drug property.

The most influential molecular descriptors were:

- SlogP_VSA5: 0.109
- fr_urea: 0.084
- BalabanJ: 0.065


Explain in biomedical and chemical terms why these descriptors influence the prediction.
Avoid mentioning SHAP or machine learning terminology.
",ERROR
ADME_rPPB,10,llama3,biomedical,3,"['MaxAbsPartialCharge', 'fr_unbrch_alkane', 'NumValenceElectrons']","[-0.17936437270011762, -0.14280823666201387, 0.13657625468822424]","
You are a biomedical expert.

A machine learning model predicted a drug property.

The most influential molecular descriptors were:

- MaxAbsPartialCharge: -0.179
- fr_unbrch_alkane: -0.143
- NumValenceElectrons: 0.137


Explain in biomedical and chemical terms why these descriptors influence the prediction.
Avoid mentioning SHAP or machine learning terminology.
","What a fascinating prediction! Let me break down the molecular descriptors that contributed to the outcome, explaining their biomedical and chemical significance.

1. **MaxAbsPartialCharge: -0.179**: The partial charge of an atom is a measure of its ability to attract or repel electrons. In this case, the maximum absolute partial charge (-0.179) suggests that the molecule has a significant negative charge on a particular atom. This could indicate that the molecule is prone to forming hydrogen bonds, which are crucial in biological systems. Hydrogen bonds play a key role in protein-ligand interactions, protein folding, and DNA-RNA interactions. The negative charge may also influence the molecule's ability to interact with charged amino acids, like aspartate or glutamate, which are common in proteins.

In a biomedical context, this descriptor might be relevant for predicting the molecule's ability to interact with specific proteins or nucleic acids, which could have implications for its potential therapeutic effects.

2. **fr_unbrch_alkane: -0.143**: This descriptor is related to the presence and structure of unbranched alkane chains (saturated hydrocarbons) in the molecule. The negative value (-0.143) suggests that the molecule lacks such chains or has a significantly reduced number of unbranched alkane moieties. Unbranched alkane chains are often associated with lipophilic (fat-soluble) molecules, which can interact with biological membranes. The absence or reduction of these chains might indicate that the molecule is less likely to interact with membranes or have membrane-permeability.

In a biomedical context, this descriptor could be important for predicting the molecule's ability to cross biological membranes, interact with lipid bilayers, or influence membrane-related processes.

3. **NumValenceElectrons: 0.137**: The number of valence electrons in a molecule is a measure of its ability to participate in chemical reactions and form bonds. In this case, the positive value (0.137) suggests that the molecule has a relatively high number of valence electrons, which could indicate a higher reactivity or potential to form multiple bonds. This might be relevant for predicting the molecule's ability to interact with proteins or nucleic acids through various chemical mechanisms, such as covalent bonding or coordination.

In a biomedical context, this descriptor could be important for predicting the molecule's ability to modulate protein function, bind to specific targets, or influence DNA replication or repair processes.

In summary, these descriptors provide insights into the molecule's charge distribution, hydrophobic properties, and reactivity, which could influence its interactions with biological molecules and systems. These findings may have implications for understanding the molecule's potential therapeutic effects, membrane permeability, and reactivity with biological targets."
ADME_rPPB,11,llama3,biomedical,3,"['fr_Ndealkylation1', 'SlogP_VSA5', 'PEOE_VSA10']","[0.5931219629321246, 0.1236658544362345, 0.09291228476363941]","
You are a biomedical expert.

A machine learning model predicted a drug property.

The most influential molecular descriptors were:

- fr_Ndealkylation1: 0.593
- SlogP_VSA5: 0.124
- PEOE_VSA10: 0.093


Explain in biomedical and chemical terms why these descriptors influence the prediction.
Avoid mentioning SHAP or machine learning terminology.
",ERROR
ADME_rPPB,12,llama3,biomedical,3,"['fr_Ndealkylation1', 'PEOE_VSA13', 'AvgIpc']","[-0.3707031306911889, -0.18453922025040204, -0.0822521120969466]","
You are a biomedical expert.

A machine learning model predicted a drug property.

The most influential molecular descriptors were:

- fr_Ndealkylation1: -0.371
- PEOE_VSA13: -0.185
- AvgIpc: -0.082


Explain in biomedical and chemical terms why these descriptors influence the prediction.
Avoid mentioning SHAP or machine learning terminology.
","A fascinating set of molecular descriptors! Let me break down their significance in biomedical and chemical terms.

1. **Fr_Ndealkylation1**: This descriptor is related to the ease with which a molecule's nitrogen-containing functional groups (e.g., amines, amides) can be dealkylated, meaning they can lose an alkyl group. A negative value (-0.371) indicates that this process is more likely to occur for these molecules. From a biomedical perspective, this descriptor might be influencing the prediction because dealkylation can affect the bioavailability and pharmacokinetics of a drug. For example, if a molecule's amine group is dealkylated, it may become more easily absorbed by the body, leading to altered pharmacological effects.
2. **PEOE_VSA13**: This descriptor is a variant of the PEOE (Personalized Protocol for Organic Enzyme Engineering) algorithm, which characterizes molecules based on their electrostatic and steric properties. PEOE_VSA13 is specifically related to the molecule's polar surface area (PSA). A negative value (-0.185) suggests that these molecules tend to have a smaller PSA. In biological systems, PSA is important for protein-ligand interactions and can influence the binding affinity and selectivity of a molecule. A lower PSA might indicate a reduced ability of these molecules to interact with proteins or enzymes, which could impact their pharmacological activity.
3. **AvgIpc**: This descriptor is related to the average ionic polarizability (Ipc) of a molecule. Ipc is a measure of a molecule's tendency to be polarized by an electric field. A negative value (-0.082) indicates that these molecules have a lower Ipc, meaning they are less susceptible to changes in electric field. In biological systems, Ipc can influence the interactions between molecules and ions. A lower Ipc might suggest that these molecules are less likely to participate in ionic interactions, such as those involving ion channels or transport proteins, which could impact their pharmacological activity.

In summary, these descriptors are influencing the prediction because they provide insights into the molecule's chemical properties and how they might interact with biological systems. The dealkylation descriptor hints at the molecule's bioavailability and pharmacokinetics, while the PEOE_VSA13 and AvgIpc descriptors suggest that these molecules may have altered interactions with proteins and ions, respectively, which could impact their pharmacological activity."
ADME_rPPB,13,llama3,biomedical,3,"['PEOE_VSA13', 'fr_urea', 'fr_Ndealkylation1']","[-0.16593420599294706, -0.10780990759482295, -0.10303798588256227]","
You are a biomedical expert.

A machine learning model predicted a drug property.

The most influential molecular descriptors were:

- PEOE_VSA13: -0.166
- fr_urea: -0.108
- fr_Ndealkylation1: -0.103


Explain in biomedical and chemical terms why these descriptors influence the prediction.
Avoid mentioning SHAP or machine learning terminology.
","What an interesting prediction!

Let's dive into the world of molecular descriptors and explore why these three might be influencing the prediction.

**PEOE_VSA13: -0.166**

PEOE stands for Predicted Energetic Orientation of Electron, which indicates the spatial distribution of electrons within a molecule. The VSA13 descriptor is a type of topological descriptor, which captures the molecular structure's three-dimensional shape.

In this case, a negative value for PEOE_VSA13 (-0.166) suggests that the molecule's electron distribution is slightly more polarized towards its periphery. This might indicate that the molecule has a more hydrophilic (water-loving) character, which could influence its behavior in biological systems.

**fr_urea: -0.108**

fr_urea is a fragment-based descriptor that captures the presence and frequency of urea moieties within a molecule. Urea is a functional group commonly found in biological molecules, such as proteins, nucleic acids, and small molecules like amino acids and sugars.

The negative value for fr_urea (-0.108) suggests that the molecule lacks a significant urea-based structure. This might imply that the molecule is not as biologically relevant or interacting with biomolecules in a significant way, which could affect its overall behavior.

**fr_Ndealkylation1: -0.103**

fr_Ndealkylation1 is another fragment-based descriptor that counts the number of nitrogen atoms in a molecule that are not part of an amide (a functional group like urea, but with a carbonyl group instead of a carbonyl-carbonyl bond).

The negative value for fr_Ndealkylation1 (-0.103) indicates that the molecule has relatively few nitrogen atoms that are not part of an amide. This might suggest that the molecule lacks a significant number of non-amide nitrogen-containing functional groups, which could impact its interactions with biomolecules.

In summary, these three molecular descriptors are influencing the prediction by providing information about the molecule's hydrophilicity (PEOE_VSA13), its lack of urea-based structures (fr_urea), and its limited presence of non-amide nitrogen-containing functional groups (fr_Ndealkylation1). These characteristics could affect the molecule's behavior in biological systems and its interactions with target molecules, ultimately influencing the predicted drug property."
ADME_rPPB,14,llama3,biomedical,3,"['fr_Ndealkylation1', 'BCUT2D_CHGLO', 'HeavyAtomMolWt']","[0.24549739568952528, 0.11744224173668026, 0.06015377442885355]","
You are a biomedical expert.

A machine learning model predicted a drug property.

The most influential molecular descriptors were:

- fr_Ndealkylation1: 0.245
- BCUT2D_CHGLO: 0.117
- HeavyAtomMolWt: 0.060


Explain in biomedical and chemical terms why these descriptors influence the prediction.
Avoid mentioning SHAP or machine learning terminology.
","A fascinating discovery! Let me break down the molecular descriptors that significantly influenced the prediction of the drug property.

**fr_Ndealkylation1: 0.245**
This descriptor is related to the ease with which a molecule can undergo dealkylation, a process where an alkyl group (a chain of carbon and hydrogen atoms) is removed from the molecule. The higher the value of this descriptor, the more likely the molecule is to undergo dealkylation. In the context of drug properties, this could be important because dealkylation can affect the stability and efficacy of a drug. For example, if a drug is susceptible to dealkylation, it may not remain effective for its intended duration. This descriptor is likely influencing the prediction because the model is considering the potential metabolic instability of the molecule, which could impact its pharmacological activity.

**BCUT2D_CHGLO: 0.117**
BCUT2D_CHGLO is a descriptor that describes the distribution of charge (electrostatic potential) across the molecule. The higher the value, the more positive or negative the charge distribution is. This descriptor is relevant because many drugs interact with biological targets through electrostatic interactions. The model may be considering the potential of the molecule to form electrostatic interactions with its target, which could impact its binding affinity or efficacy. This descriptor is likely influencing the prediction because the charge distribution of the molecule can affect its ability to interact with its target and modulate its biological activity.

**HeavyAtomMolWt: 0.060**
This descriptor is related to the molecular weight of the molecule, specifically the contribution of heavy atoms (atoms other than hydrogen and carbon) to the overall weight. The higher the value, the more heavy atoms are present in the molecule. Heavy atoms often have a significant impact on the physical and chemical properties of a molecule, such as its solubility, lipophilicity, and stability. The model may be considering the potential impact of heavy atoms on the molecule's pharmacokinetic and pharmacodynamic properties, such as its absorption, distribution, metabolism, and elimination (ADME) profile. This descriptor is likely influencing the prediction because the model is considering the potential effects of heavy atoms on the molecule's interactions with biological systems and its overall activity.

In summary, these descriptors are influencing the prediction because they describe molecular properties that are relevant to the stability, efficacy, and interactions of the molecule with biological systems. The model is likely considering the potential impact of these properties on the molecule's activity, efficacy, and overall pharmacological profile."
ADME_rPPB,15,llama3,biomedical,3,"['fr_unbrch_alkane', 'BalabanJ', 'PEOE_VSA13']","[-0.11013614611042159, -0.08693756631511954, -0.07966706865547768]","
You are a biomedical expert.

A machine learning model predicted a drug property.

The most influential molecular descriptors were:

- fr_unbrch_alkane: -0.110
- BalabanJ: -0.087
- PEOE_VSA13: -0.080


Explain in biomedical and chemical terms why these descriptors influence the prediction.
Avoid mentioning SHAP or machine learning terminology.
","A fascinating prediction!

As a biomedical expert, I can interpret the molecular descriptors that influenced the prediction in light of their chemical and biological significance.

The three descriptors that stood out are related to the molecular structure and properties of the drug. Let's break them down:

1. **Fr_unbrch_alkane**: This descriptor is related to the presence and length of unbranched alkane chains in the molecule. In the context of drug properties, this might be influencing the prediction because unbranched alkane chains can affect the molecule's lipophilicity (its ability to dissolve in fat or oil) and permeability across cell membranes. A negative value of -0.110 suggests that the model is associating shorter, less branched alkane chains with the predicted drug property.
2. **BalabanJ**: This descriptor is a topological index that measures the molecular complexity and branching patterns. In biological systems, molecular complexity can influence the molecule's ability to interact with specific targets, such as enzymes or receptors. A negative value of -0.087 implies that the model is linking more complex, branched molecular structures with the predicted drug property.
3. **PEOE_VSA13**: This descriptor is a variant of the PEOE (Partial Equalization of Orbital Energies) method, which measures the distribution of molecular orbitals. PEOE_VSA13 is a specific implementation that focuses on the 13th orbital, which is related to the molecule's electronic structure. In the context of drug properties, this might be influencing the prediction because the electronic structure of the molecule can affect its ability to interact with specific biological targets or to be recognized by the body's natural defense mechanisms. A negative value of -0.080 suggests that the model is associating molecules with a specific electronic structure with the predicted drug property.

In summary, these three molecular descriptors are influencing the prediction because they are related to the molecular structure, lipophilicity, complexity, and electronic properties of the drug. The negative values suggest that the model is associating specific molecular features with the predicted drug property, which can be useful for understanding the underlying biological mechanisms and developing new drug candidates."
ADME_rPPB,16,llama3,biomedical,3,"['fr_Ndealkylation1', 'FpDensityMorgan2', 'BalabanJ']","[-0.5089259619056233, -0.05708528439579876, -0.056087620922507096]","
You are a biomedical expert.

A machine learning model predicted a drug property.

The most influential molecular descriptors were:

- fr_Ndealkylation1: -0.509
- FpDensityMorgan2: -0.057
- BalabanJ: -0.056


Explain in biomedical and chemical terms why these descriptors influence the prediction.
Avoid mentioning SHAP or machine learning terminology.
","What an intriguing finding! As a biomedical expert, I'd be happy to break down the significance of these molecular descriptors in the context of drug properties.

Let's start with the first descriptor, fr_Ndealkylation1. This descriptor is related to the presence and position of alkyl chains (a type of functional group) in the molecule. A negative value for this descriptor (-0.509) suggests that the model is predicting that the presence of alkyl chains is detrimental to the desired drug property. In biological systems, alkyl chains can influence the solubility, stability, and bioavailability of a molecule. For example, a molecule with a high degree of alkyl substitution might be more lipophilic (fat-loving) and less soluble in water, which could impact its ability to target specific biological processes or be effectively taken up by cells. The model's prediction is likely reflecting the importance of balancing hydrophobic and hydrophilic properties in a molecule to achieve optimal drug-like characteristics.

Moving on to FpDensityMorgan2, this descriptor is related to the molecular shape and topology. The negative value (-0.057) suggests that the model is predicting that a more compact or rigid molecular structure is beneficial for the desired drug property. This is not surprising, as many biological processes rely on specific molecular interactions, such as protein-ligand binding, which are often dependent on the three-dimensional arrangement of atoms in a molecule. A more compact structure might facilitate these interactions, leading to improved biological activity or reduced off-target effects.

Finally, we have BalabanJ, which is a descriptor related to the molecular branching and connectivity. A negative value (-0.056) implies that the model is predicting that a more linear or less branched molecular structure is advantageous for the desired drug property. This might be related to the idea that a simpler molecular structure is less likely to exhibit off-target effects or interfere with non-specific biological processes. In addition, a more linear structure might allow for more efficient cellular uptake or target binding, leading to improved biological activity.

In summary, these molecular descriptors are influencing the prediction of the drug property by reflecting the importance of balancing hydrophobic and hydrophilic properties, molecular shape and topology, and molecular branching and connectivity. These findings can inform the design of new molecules with improved drug-like characteristics and increased potential for biological activity."
ADME_rPPB,17,llama3,biomedical,3,"['fr_Ndealkylation1', 'PEOE_VSA10', 'VSA_EState3']","[0.3104151993079931, 0.08078089376398445, 0.05276864457318661]","
You are a biomedical expert.

A machine learning model predicted a drug property.

The most influential molecular descriptors were:

- fr_Ndealkylation1: 0.310
- PEOE_VSA10: 0.081
- VSA_EState3: 0.053


Explain in biomedical and chemical terms why these descriptors influence the prediction.
Avoid mentioning SHAP or machine learning terminology.
",ERROR
ADME_rPPB,18,llama3,biomedical,3,"['fr_Ndealkylation1', 'EState_VSA10', 'FpDensityMorgan2']","[-0.2464224464188181, -0.08735669077209407, -0.07285791602148874]","
You are a biomedical expert.

A machine learning model predicted a drug property.

The most influential molecular descriptors were:

- fr_Ndealkylation1: -0.246
- EState_VSA10: -0.087
- FpDensityMorgan2: -0.073


Explain in biomedical and chemical terms why these descriptors influence the prediction.
Avoid mentioning SHAP or machine learning terminology.
","As a biomedical expert, I'd be happy to explain the significance of these molecular descriptors in the context of drug properties.

The first descriptor, fr_Ndealkylation1, suggests that the model is considering the molecule's ability to withstand or resist alkylation, a chemical modification where an alkyl group is added to the molecule. A negative value indicates that the model is predicting that molecules with higher fr_Ndealkylation1 values are less susceptible to alkylation. This is important in the context of drug properties because alkylation can affect a molecule's ability to interact with biological targets, such as enzymes or receptors. Molecules that are resistant to alkylation may be more likely to maintain their biological activity or have improved pharmacokinetic properties.

The second descriptor, EState_VSA10, is related to the molecule's electronic properties. The negative value suggests that the model is predicting that molecules with higher EState_VSA10 values have a more negative or electron-rich environment. This is relevant in the context of drug properties because electronic properties can influence a molecule's ability to interact with biological targets. Molecules with a more negative or electron-rich environment may be more likely to form favorable interactions with targets, leading to improved biological activity.

The third descriptor, FpDensityMorgan2, is related to the molecule's shape and topology. The negative value suggests that the model is predicting that molecules with higher FpDensityMorgan2 values have a more compact or dense molecular shape. This is important in the context of drug properties because molecular shape can influence a molecule's ability to interact with biological targets. Molecules with a more compact or dense shape may be more likely to fit into the binding site of a target, leading to improved biological activity.

In summary, these molecular descriptors are influencing the prediction of drug properties by considering the molecule's resistance to alkylation, electronic properties, and molecular shape. These properties can affect a molecule's ability to interact with biological targets, leading to improved or decreased biological activity."
ADME_rPPB,19,llama3,biomedical,3,"['BCUT2D_CHGLO', 'EState_VSA1', 'MolMR']","[-0.11771922248438703, -0.10148838705345235, -0.08757745866455766]","
You are a biomedical expert.

A machine learning model predicted a drug property.

The most influential molecular descriptors were:

- BCUT2D_CHGLO: -0.118
- EState_VSA1: -0.101
- MolMR: -0.088


Explain in biomedical and chemical terms why these descriptors influence the prediction.
Avoid mentioning SHAP or machine learning terminology.
","A fascinating prediction!

The three influential molecular descriptors can be interpreted as follows:

1. **BCUT2D_CHGLO**: This descriptor is related to the electronic structure of the molecule. The negative value of -0.118 suggests that the model is associating the predicted property with a more electronegative (i.e., more oxygen-like) molecular environment. In other words, the model is indicating that molecules with a higher charge density, particularly at the oxygen atoms, are more likely to exhibit the predicted property. This makes sense, as many biological processes involve the interactions between electronegative atoms, such as oxygen, and charged molecules.

2. **EState_VSA1**: This descriptor is connected to the molecular shape and electrostatic potential. The negative value of -0.101 implies that the model is linking the predicted property to a more negative electrostatic potential at the molecule's surface. This could be due to the presence of polar or charged functional groups, which create regions of higher electrostatic potential. The model might be suggesting that molecules with more negative electrostatic potential are more likely to exhibit the predicted property. This is consistent with the idea that electrostatic interactions play a significant role in many biological processes.

3. **MolMR**: This descriptor is related to the molecular volume and shape. The negative value of -0.088 suggests that the model is associating the predicted property with a more compact or smaller molecular size. This could be due to the presence of smaller, more rigid molecules that are more likely to interact with biological targets in a specific manner. The model might be indicating that smaller molecules are more likely to exhibit the predicted property. This is consistent with the idea that smaller molecules are often more easily absorbed or targeted by biological systems.

In summary, the influential descriptors are pointing to the importance of electronic structure, electrostatic potential, and molecular size in predicting the drug property. These factors are likely to be relevant to the biological activity of the molecules, and the model is using this information to make predictions about the property of interest."
ADME_rPPB,20,llama3,biomedical,3,"['BCUT2D_LOGPLOW', 'HeavyAtomMolWt', 'BalabanJ']","[-0.08336314474442819, -0.07471344411983996, -0.07386439887456381]","
You are a biomedical expert.

A machine learning model predicted a drug property.

The most influential molecular descriptors were:

- BCUT2D_LOGPLOW: -0.083
- HeavyAtomMolWt: -0.075
- BalabanJ: -0.074


Explain in biomedical and chemical terms why these descriptors influence the prediction.
Avoid mentioning SHAP or machine learning terminology.
","What an interesting prediction!

Let's dive into the world of molecular properties and unravel the significance of these influential descriptors.

**BCUT2D_LOGPLOW: -0.083**

BCUT2D_LOGPLOW is a measure of the lipophilicity (fat-solubility) of a molecule. A negative value indicates that the molecule is more hydrophilic (water-soluble) than hydrophobic (fat-soluble). In this context, the low value (-0.083) suggests that the predicted drug property is influenced by the molecule's ability to interact with water. This might be related to the molecule's ability to cross biological membranes, which is crucial for drug efficacy. A hydrophilic molecule may be more likely to diffuse across cell membranes and reach its target site, whereas a hydrophobic molecule might struggle to penetrate the membrane.

**HeavyAtomMolWt: -0.075**

HeavyAtomMolWt represents the molecular weight of a molecule, focusing on the atoms heavier than hydrogen (like carbon, nitrogen, oxygen, etc.). A negative correlation with the predicted drug property suggests that smaller, lighter molecules might be more effective. This could be related to the molecule's ability to interact with specific enzymes or receptors, where smaller molecules may have a higher affinity for binding sites.

**BalabanJ: -0.074**

BalabanJ is a topological descriptor that measures the ""branching"" or ""linear"" nature of a molecule. A negative value indicates that the molecule has a more linear or less branched structure. This might be related to the molecule's ability to interact with specific enzymes or receptors, where a linear structure can facilitate binding or inhibition. Additionally, a linear structure may be more easily metabolized or eliminated from the body, which could influence the drug's efficacy and toxicity.

In summary, these molecular descriptors influence the prediction of the drug property by highlighting the importance of molecular interactions with water, the ability to penetrate biological membranes, and the molecule's structure and size. These factors may impact the drug's efficacy, toxicity, and pharmacokinetic properties."
ADME_rPPB,21,llama3,biomedical,3,"['NumValenceElectrons', 'fr_Ndealkylation1', 'fr_urea']","[0.11606693427042579, -0.07807512894263799, 0.058718245683005287]","
You are a biomedical expert.

A machine learning model predicted a drug property.

The most influential molecular descriptors were:

- NumValenceElectrons: 0.116
- fr_Ndealkylation1: -0.078
- fr_urea: 0.059


Explain in biomedical and chemical terms why these descriptors influence the prediction.
Avoid mentioning SHAP or machine learning terminology.
","What an interesting set of descriptors! As a biomedical expert, I'd be delighted to break down the chemical and biological significance of these molecular features.

1. **NumValenceElectrons: 0.116**

The number of valence electrons in a molecule plays a crucial role in determining its reactivity and potential interactions with other molecules. In this case, the positive value of 0.116 indicates that the molecules with more valence electrons are associated with the predicted drug property. This makes sense, as molecules with more valence electrons are more likely to form bonds or participate in redox reactions, which can influence their pharmacological activity.

In biological systems, the number of valence electrons can impact the molecule's ability to interact with proteins, DNA, or other biomolecules. For instance, a molecule with a high number of valence electrons might be more prone to forming hydrogen bonds with proteins, which could affect protein function or regulation.

2. **fr_Ndealkylation1: -0.078**

N-dealkylation is a common metabolic pathway that involves the removal of an alkyl group from a molecule. The presence of this feature suggests that the model is looking at the molecule's potential to be metabolized or cleared from the body. The negative value of -0.078 indicates that molecules with this feature are less likely to be associated with the predicted drug property.

In biomedical terms, this feature might be related to the molecule's ability to evade or stimulate the activity of enzymes involved in metabolism, such as cytochrome P450 enzymes. Molecules that are resistant to N-dealkylation might be more likely to accumulate in tissues or have a longer half-life, which could impact their efficacy or toxicity.

3. **fr_urea: 0.059**

Urea is a common functional group found in many biologically active molecules. The presence of this feature suggests that the model is looking at the molecule's potential to form hydrogen bonds or participate in protein-ligand interactions. The positive value of 0.059 indicates that molecules with this feature are more likely to be associated with the predicted drug property.

In biological terms, the urea group might be involved in the molecule's ability to interact with proteins or other biomolecules, such as enzymes, receptors, or DNA. This could impact the molecule's ability to modulate biological pathways or elicit a response from the immune system.

In summary, these molecular descriptors provide valuable insights into the chemical and biological properties of the molecules that are associated with the predicted drug property. The NumValenceElectrons feature suggests an influence on reactivity and interactions, while the fr_Ndealkylation1 feature hints at metabolic clearance. The fr_urea feature highlights the importance of hydrogen bonding and protein-ligand interactions."
ADME_rPPB,22,llama3,biomedical,3,"['NumValenceElectrons', 'FpDensityMorgan2', 'HeavyAtomMolWt']","[0.13613034828027157, 0.05717305449362193, 0.054030029942355264]","
You are a biomedical expert.

A machine learning model predicted a drug property.

The most influential molecular descriptors were:

- NumValenceElectrons: 0.136
- FpDensityMorgan2: 0.057
- HeavyAtomMolWt: 0.054


Explain in biomedical and chemical terms why these descriptors influence the prediction.
Avoid mentioning SHAP or machine learning terminology.
","A fascinating prediction! Let me break down the molecular descriptors that influenced the drug property prediction.

**1. NumValenceElectrons: 0.136**

The number of valence electrons (0.136) is a crucial descriptor that highlights the importance of an atom's ability to form bonds with other atoms. In biochemistry, the number of valence electrons determines an atom's reactivity and tendency to participate in chemical reactions. In the context of drug properties, this descriptor may be influencing the prediction because the number of valence electrons can affect an atom's ability to form hydrogen bonds, π-π stacking interactions, or other non-covalent interactions that are crucial for protein-ligand binding or enzyme substrate interactions. This is particularly relevant for drugs that target proteins or enzymes, where the number of valence electrons can impact the strength and specificity of binding.

**2. FpDensityMorgan2: 0.057**

FpDensityMorgan2 is a topological descriptor that measures the density of atoms in a molecule, specifically the distribution of atoms in a molecule's 3D structure. This descriptor is influenced by the molecular shape and size, which are critical factors in determining the molecule's interactions with proteins or other biological molecules. In the context of drug properties, this descriptor may be influencing the prediction because it can impact the molecule's ability to penetrate biological membranes, interact with specific receptors, or modulate protein function. The Morgan2 algorithm, which calculates this descriptor, is particularly effective at capturing the molecular shape and size, which can be crucial for understanding drug properties like bioavailability or pharmacokinetics.

**3. HeavyAtomMolWt: 0.054**

The molecular weight of heavy atoms (0.054) is another important descriptor that reflects the presence and distribution of heavier atoms, such as sulfur, chlorine, or bromine, in a molecule. In biochemistry, heavy atoms can play a crucial role in modulating protein function, influencing enzyme activity, or affecting the stability of biological complexes. In the context of drug properties, this descriptor may be influencing the prediction because the presence of heavy atoms can impact the molecule's pharmacokinetic profile, such as its absorption, distribution, metabolism, and excretion (ADME) properties. For example, the presence of sulfur-containing groups can influence the molecule's metabolism and excretion, while the presence of halogen atoms can impact the molecule's absorption and distribution.

In summary, these three descriptors are influencing the prediction because they reflect the molecular properties that are critical for understanding drug properties like bioavailability, pharmacokinetics, and protein-ligand binding. The number of valence electrons, molecular shape and size, and the presence and distribution of heavy atoms all contribute to the prediction by highlighting the importance of these molecular properties in determining the drug's biological activity."
ADME_rPPB,23,llama3,biomedical,3,"['BCUT2D_LOGPLOW', 'BCUT2D_CHGLO', 'Phi']","[-0.08531672146456586, 0.07217923281362179, 0.06005771041027986]","
You are a biomedical expert.

A machine learning model predicted a drug property.

The most influential molecular descriptors were:

- BCUT2D_LOGPLOW: -0.085
- BCUT2D_CHGLO: 0.072
- Phi: 0.060


Explain in biomedical and chemical terms why these descriptors influence the prediction.
Avoid mentioning SHAP or machine learning terminology.
","As a biomedical expert, I'd be happy to break down the significance of these molecular descriptors in the context of drug properties.

**BCUT2D_LOGPLOW: -0.085**

LogP (logarithmic partition coefficient) is a measure of a molecule's solubility and lipophilicity. A negative value like -0.085 indicates that the molecule is relatively hydrophilic, meaning it is more soluble in water. This descriptor is influencing the prediction because hydrophilic molecules tend to have better bioavailability, which is the ability of a drug to reach its target site in the body. In other words, the more water-soluble a molecule is, the easier it is for the body to absorb and utilize it. This is particularly important for orally administered drugs, as it can affect their efficacy and toxicity.

**BCUT2D_CHGLO: 0.072**

Charge density (CHGLO) measures the overall electrostatic potential of a molecule. A positive value like 0.072 indicates that the molecule has a slightly positive charge, which is often associated with basic or cationic properties. This descriptor is influencing the prediction because charge can impact a molecule's ability to interact with biological targets, such as enzymes or receptors. In this case, the slightly positive charge may enhance the molecule's ability to bind to specific targets or modulate ion channels, which is crucial for its therapeutic effects.

**Phi: 0.060**

Phi (hydrogen bonding acceptor count) measures the number of hydrogen bond acceptors (HBAs) in a molecule. HBAs are functional groups that can form hydrogen bonds with other molecules, which is important for protein-ligand interactions. A higher Phi value like 0.060 indicates that the molecule has a moderate number of HBAs, which can influence its binding affinity to biological targets. This descriptor is influencing the prediction because hydrogen bonding is a crucial interaction mechanism in many biological processes, including protein-ligand binding and cellular signaling.

In summary, these molecular descriptors are influencing the prediction because they capture important chemical and physical properties that affect a molecule's interactions with biological targets and its overall pharmacological profile."
ADME_rPPB,24,llama3,biomedical,3,"['fr_urea', 'fr_Ndealkylation1', 'BCUT2D_CHGLO']","[-0.2335963768050373, -0.1849554509148609, -0.07381320607458548]","
You are a biomedical expert.

A machine learning model predicted a drug property.

The most influential molecular descriptors were:

- fr_urea: -0.234
- fr_Ndealkylation1: -0.185
- BCUT2D_CHGLO: -0.074


Explain in biomedical and chemical terms why these descriptors influence the prediction.
Avoid mentioning SHAP or machine learning terminology.
","As a biomedical expert, I'd be happy to break down the significance of these molecular descriptors in the context of drug properties.

The three descriptors that emerged as the most influential in predicting the drug property are:

1. **Fr_urea**: This descriptor is related to the presence of urea functional groups in the molecule. Urea is a common component of many drug molecules, and its presence can influence the way the drug interacts with biological targets. In this case, a negative value of -0.234 for fr_urea suggests that the presence of urea functional groups is associated with a decrease in the predicted drug property. This could be due to urea's ability to form hydrogen bonds with proteins, which can affect the drug's binding affinity or potency.
2. **Fr_Ndealkylation1**: This descriptor is linked to the extent of dealkylation (removal of alkyl groups) at nitrogen atoms in the molecule. Dealkylation can significantly impact a molecule's physicochemical properties, such as lipophilicity and reactivity. A negative value of -0.185 for fr_Ndealkylation1 implies that the extent of dealkylation at nitrogen atoms is correlated with a decrease in the predicted drug property. This might be due to the loss of lipophilic groups, which can reduce the drug's ability to penetrate cellular membranes or interact with target proteins.
3. **BCUT2D_CHGLO**: This descriptor is related to the charge density and local reactivity of the molecule's two-dimensional structure. The negative value of -0.074 suggests that an increased charge density or local reactivity is associated with a decrease in the predicted drug property. This could be due to the molecule's ability to form electrostatic interactions with proteins or other biomolecules, which can affect its binding affinity or potency.

In summary, these three molecular descriptors are influencing the prediction of the drug property by reflecting the presence and properties of functional groups, such as urea, dealkylation at nitrogen atoms, and charge density. These features can impact the drug's interactions with biological targets, its physicochemical properties, and its overall potency or efficacy."
ADME_rPPB,25,llama3,biomedical,3,"['fr_Ndealkylation1', 'FpDensityMorgan2', 'MaxAbsEStateIndex']","[-0.32686059639113063, -0.06853365540441593, -0.06811945288653733]","
You are a biomedical expert.

A machine learning model predicted a drug property.

The most influential molecular descriptors were:

- fr_Ndealkylation1: -0.327
- FpDensityMorgan2: -0.069
- MaxAbsEStateIndex: -0.068


Explain in biomedical and chemical terms why these descriptors influence the prediction.
Avoid mentioning SHAP or machine learning terminology.
","The molecular descriptors that are driving the prediction of this drug property are quite interesting. Let me break them down for you in biomedical and chemical terms.

First, we have fr_Ndealkylation1, which is a measure of the molecule's ability to undergo a type of chemical reaction called dealkylation. In essence, this descriptor is assessing the molecule's tendency to remove a functional group, such as a methyl or ethyl chain, from its structure. In the context of drug properties, this is important because dealkylation can impact a molecule's ability to interact with target proteins or enzymes. A negative value for this descriptor (-0.327) suggests that the model is penalizing molecules that are more likely to undergo dealkylation, which may indicate that these molecules are less likely to exhibit the desired drug property.

Next, we have FpDensityMorgan2, which is a measure of the molecule's three-dimensional structure. In particular, this descriptor is calculating the density of atoms at different distances from the molecule's center of mass. In a sense, it's capturing the molecule's overall shape and spatial arrangement of atoms. A negative value for this descriptor (-0.069) implies that the model is favoring molecules with a more compact or globular shape, which may be beneficial for molecules that need to interact with specific biological targets or navigate complex cellular environments.

Finally, we have MaxAbsEStateIndex, which is a measure of the molecule's electronic state. In essence, this descriptor is assessing the molecule's tendency to exist in a specific electronic state, such as a charged or uncharged state. A negative value for this descriptor (-0.068) suggests that the model is penalizing molecules that are more likely to exist in an electronic state that is unfavorable for the desired drug property. For example, if the desired property is the ability to bind to a protein, a molecule that is highly charged may be less likely to bind effectively.

In summary, these three molecular descriptors are influencing the prediction of this drug property by evaluating the molecule's ability to undergo specific chemical reactions, its three-dimensional structure, and its electronic state. By considering these factors, the model is able to identify molecules that are more likely to exhibit the desired drug property."
ADME_rPPB,26,llama3,biomedical,3,"['EState_VSA1', 'MolMR', 'BCUT2D_CHGLO']","[-0.12503617261997174, -0.06739869749420901, -0.06644806110012491]","
You are a biomedical expert.

A machine learning model predicted a drug property.

The most influential molecular descriptors were:

- EState_VSA1: -0.125
- MolMR: -0.067
- BCUT2D_CHGLO: -0.066


Explain in biomedical and chemical terms why these descriptors influence the prediction.
Avoid mentioning SHAP or machine learning terminology.
",ERROR
ADME_rPPB,27,llama3,biomedical,3,"['fr_Ndealkylation1', 'fr_urea', 'BCUT2D_MWHI']","[-0.3189472568517104, -0.23813885316108913, -0.05412554601539775]","
You are a biomedical expert.

A machine learning model predicted a drug property.

The most influential molecular descriptors were:

- fr_Ndealkylation1: -0.319
- fr_urea: -0.238
- BCUT2D_MWHI: -0.054


Explain in biomedical and chemical terms why these descriptors influence the prediction.
Avoid mentioning SHAP or machine learning terminology.
","As a biomedical expert, I'd be delighted to decipher the molecular descriptors that influenced the prediction. Here's my interpretation:

1. **Fr_Ndealkylation1: -0.319**: This descriptor is related to the ease of dealkylation, a chemical reaction where an alkyl group (a chain of carbon atoms) is removed from a molecule. A negative value indicates that the model is predicting that a drug with a lower tendency to undergo dealkylation will exhibit the desired property. In biomedical terms, this might imply that the drug's efficacy or stability is dependent on the stability of the alkyl group. For example, if the alkyl group is critical for the drug's binding to its target protein, then a lower tendency to undergo dealkylation might be beneficial.
2. **Fr_urea: -0.238**: This descriptor is connected to the presence and type of urea groups (NH2-CO-NH2) in the molecule. Urea is a functional group commonly found in many biomolecules, including peptides and proteins. A negative value suggests that the model is predicting that a drug with a lower frequency or altered urea group chemistry will exhibit the desired property. In biomedical terms, this might indicate that the drug's activity is influenced by its ability to interact with or modulate urea-dependent pathways or proteins.
3. **BCUT2D_MWHI: -0.054**: This descriptor is related to the molecular shape and size, specifically the molecular weight (MW) and hydrophobicity (HI) of the molecule. Hydrophobicity refers to the molecule's affinity for non-polar solvents, such as oils. A negative value indicates that the model is predicting that a drug with a lower molecular weight and hydrophobicity will exhibit the desired property. In biomedical terms, this might imply that the drug's efficacy is dependent on its ability to interact with specific biological membranes or to be cleared efficiently by the body.

In summary, these molecular descriptors are influencing the prediction by suggesting that the drug's efficacy or stability is dependent on its alkyl group stability, urea group chemistry, and molecular shape and size. These factors might be critical for the drug's binding, metabolism, or clearance, ultimately impacting its biological activity."
ADME_rPPB,28,llama3,biomedical,3,"['SlogP_VSA5', 'NumValenceElectrons', 'fr_urea']","[0.14803379060082975, 0.07308857122459037, 0.057712915193190086]","
You are a biomedical expert.

A machine learning model predicted a drug property.

The most influential molecular descriptors were:

- SlogP_VSA5: 0.148
- NumValenceElectrons: 0.073
- fr_urea: 0.058


Explain in biomedical and chemical terms why these descriptors influence the prediction.
Avoid mentioning SHAP or machine learning terminology.
","A fascinating prediction! Let me break down the influential molecular descriptors for you.

**SlogP_VSA5: 0.148**
The SlogP_VSA5 descriptor is related to a molecule's lipophilicity, which is its ability to interact with lipids (fats) and be transported across biological membranes. In this context, a higher SlogP_VSA5 value indicates that the molecule is more hydrophobic (water-repelling) and therefore more likely to accumulate in fatty tissues or be transported across membranes. This property is crucial for predicting drug behavior, as it affects the molecule's ability to target specific cells or tissues. In this case, the positive influence of SlogP_VSA5 on the prediction suggests that the molecule's lipophilicity is important for its biological activity.

**NumValenceElectrons: 0.073**
The number of valence electrons is a fundamental property of a molecule's electronic structure. In this context, the positive influence of NumValenceElectrons on the prediction suggests that the molecule's electronic properties, such as its ability to form hydrogen bonds or participate in redox reactions, are important for its biological activity. This descriptor is related to the molecule's ability to interact with biological molecules, such as proteins or DNA, which is critical for its target specificity and efficacy.

**fr_urea: 0.058**
The fr_urea descriptor is a measure of the presence and abundance of urea functional groups (NH2) in the molecule. Urea groups are common in biomolecules and can participate in important biological interactions, such as hydrogen bonding or enzyme inhibition. In this case, the positive influence of fr_urea on the prediction suggests that the presence of urea groups in the molecule is important for its biological activity. This could be due to the urea groups' ability to interact with specific biological targets or to modulate the molecule's pharmacokinetic and pharmacodynamic properties.

In summary, these three molecular descriptors are influential because they reflect the molecule's lipophilicity, electronic properties, and functional group composition. These properties are all important for a molecule's ability to interact with biological systems and exert its desired biological effects."
ADME_rPPB,29,llama3,biomedical,3,"['fr_Ndealkylation1', 'SlogP_VSA5', 'PEOE_VSA10']","[0.6594096009312509, 0.13199598385416556, 0.11993092755592995]","
You are a biomedical expert.

A machine learning model predicted a drug property.

The most influential molecular descriptors were:

- fr_Ndealkylation1: 0.659
- SlogP_VSA5: 0.132
- PEOE_VSA10: 0.120


Explain in biomedical and chemical terms why these descriptors influence the prediction.
Avoid mentioning SHAP or machine learning terminology.
","As a biomedical expert, I'd be happy to break down the molecular descriptors that influenced the prediction of the drug property.

* **fr_Ndealkylation1**: This descriptor is related to the chemical stability of the molecule. The ""fr"" prefix suggests that it's a fragment-based descriptor, which means it's measuring the reactivity of a specific part of the molecule. ""Ndealkylation"" refers to the removal of an alkyl group (a chain of carbon and hydrogen atoms) from a nitrogen atom. A high value (0.659) for this descriptor indicates that the molecule is more likely to undergo this type of reaction, which can affect its overall stability and pharmacological properties.

In biomedical terms, this descriptor is relevant because it can impact the molecule's ability to interact with biological targets, such as enzymes or receptors. If the molecule is unstable or prone to unwanted reactions, it may not be suitable for use as a drug.

* **SlogP_VSA5**: This descriptor is a variant of the well-established LogP (octanol-water partition coefficient) descriptor, which measures a molecule's hydrophobicity (ability to dissolve in non-polar solvents). The ""SlogP"" prefix suggests that it's a corrected version of the original LogP descriptor, taking into account the molecule's molecular weight and other properties. The ""_VSA5"" suffix indicates that it's a 5-node connectivity-based atom-pair descriptor, which means it's measuring the chemical environment around specific atoms in the molecule.

In chemical terms, SlogP_VSA5 is related to the molecule's ability to cross biological membranes, such as the blood-brain barrier. A high value (0.132) for this descriptor suggests that the molecule is more lipophilic (fat-soluble) and may be able to penetrate biological membranes more easily, which is important for drug delivery and efficacy.

* **PEOE_VSA10**: This descriptor is another connectivity-based atom-pair descriptor, similar to SlogP_VSA5. The ""PEOE"" prefix stands for ""Polarizability/ Electronegativity/Opposite/Electronegativity"", which suggests that it's measuring the molecule's overall polarity and electronegativity. The ""_VSA10"" suffix indicates that it's a 10-node descriptor, which means it's considering a larger chemical environment around the atoms in the molecule.

In biomedical terms, PEOE_VSA10 is related to the molecule's ability to interact with biological targets, such as enzymes or receptors, which often have specific polarity and electronegativity requirements. A high value (0.120) for this descriptor suggests that the molecule has a suitable polarity and electronegativity profile, making it more likely to interact with its intended biological target.

Overall, these descriptors are influencing the prediction of the drug property by providing information about the molecule's chemical stability, hydrophobicity, and polarity, which are all important factors in determining its pharmacological properties and potential therapeutic efficacy."
ADME_rPPB,30,llama3,biomedical,3,"['fr_Ndealkylation1', 'MolMR', 'fr_urea']","[-0.13810470975824304, -0.09776976215909014, 0.08438885958317624]","
You are a biomedical expert.

A machine learning model predicted a drug property.

The most influential molecular descriptors were:

- fr_Ndealkylation1: -0.138
- MolMR: -0.098
- fr_urea: 0.084


Explain in biomedical and chemical terms why these descriptors influence the prediction.
Avoid mentioning SHAP or machine learning terminology.
","Let's dive into the world of biomedical and chemical insights!

The three molecular descriptors that significantly influenced the prediction of the drug property are:

1. **Fr_Ndealkylation1**: This descriptor measures the likelihood of a molecule undergoing N-dealkylation, a chemical reaction that involves the removal of an alkyl group (a group of atoms consisting of carbon and hydrogen) from a nitrogen-containing moiety. A negative value of -0.138 suggests that the molecule is less likely to undergo N-dealkylation, which is a desirable property for a drug. This could imply that the molecule is less prone to metabolic degradation, which is important for maintaining its efficacy and reducing the risk of adverse effects.
2. **MolMR**: This descriptor calculates the molecular refractivity, which is related to the molecule's ability to interact with light. A negative value of -0.098 implies that the molecule has a lower refractive index. This could indicate that the molecule is less likely to exhibit phototoxicity, which is a concern for drugs that may be administered orally or topically. Additionally, a lower refractive index might suggest that the molecule is less likely to cause eye irritation or other photogenic effects.
3. **Fr_urea**: This descriptor measures the presence and strength of urea moieties (a functional group containing a carbonyl and a amino group) in the molecule. A positive value of 0.084 suggests that the molecule contains urea functional groups, which are often associated with biological activity. Urea moieties can participate in hydrogen bonding, which is critical for protein-ligand interactions and can influence the molecule's binding affinity to specific targets.

In summary, these descriptors are influencing the prediction of the drug property because they capture aspects of the molecule's chemical structure that are relevant to its biological activity. The combination of these descriptors suggests that the molecule is likely to be stable, non-phototoxic, and possibly interact with biological targets through urea-mediated hydrogen bonding. These properties are important considerations for the development of safe and effective drugs."
ADME_rPPB,31,llama3,biomedical,3,"['fr_Ndealkylation1', 'PEOE_VSA13', 'MaxAbsPartialCharge']","[0.2123674828860358, 0.13437036585737996, -0.09222716752351853]","
You are a biomedical expert.

A machine learning model predicted a drug property.

The most influential molecular descriptors were:

- fr_Ndealkylation1: 0.212
- PEOE_VSA13: 0.134
- MaxAbsPartialCharge: -0.092


Explain in biomedical and chemical terms why these descriptors influence the prediction.
Avoid mentioning SHAP or machine learning terminology.
","The molecular descriptors that emerged as most influential in predicting the drug property are fascinating! Let's dive into the biomedical and chemical significance of these descriptors.

**fr_Ndealkylation1: 0.212**

This descriptor is related to the molecule's ability to undergo nitrogen-containing group (e.g., amino or amido) dealkylation reactions. In biological systems, dealkylation reactions are crucial for the metabolism of certain compounds, such as amino acids and amines. The coefficient of 0.212 indicates that molecules with a higher propensity for dealkylation reactions are more likely to exhibit the predicted drug property.

From a chemical perspective, dealkylation reactions involve the removal of an alkyl group from a nitrogen-containing functional group. This process is often mediated by enzymes, such as cytochrome P450s, which are responsible for the metabolism of xenobiotics in the body. The presence of dealkylation-reactive nitrogen-containing groups may influence the molecule's ability to interact with enzymes involved in drug metabolism, which in turn affects the predicted drug property.

**PEOE_VSA13: 0.134**

PEOE (Property Estimation by Ordered Euclidean Distance) is a descriptor that characterizes the spatial arrangement of atoms in a molecule. VSA13 (Vectorial Statistical Approach) is a specific implementation of PEOE that captures the molecule's overall shape and topological features. The coefficient of 0.134 suggests that molecules with a particular spatial arrangement or shape are more likely to exhibit the predicted drug property.

From a biomedical perspective, the shape and topology of a molecule can influence its ability to interact with biological targets, such as proteins or receptors. The PEOE_VSA13 descriptor may be capturing the molecule's ability to adopt a specific conformation that enhances its binding affinity or activity. This could be particularly important for molecules that interact with complex biological systems, where the spatial arrangement of atoms can significantly impact their efficacy.

**MaxAbsPartialCharge: -0.092**

This descriptor represents the maximum absolute partial charge on a molecule. Partial charges are a measure of the molecule's electrostatic potential, reflecting the distribution of electronic charge within the molecule. The coefficient of -0.092 indicates that molecules with a higher degree of partial negative charge are more likely to exhibit the predicted drug property.

From a chemical perspective, partial charges play a crucial role in molecular interactions, such as hydrogen bonding, π-π stacking, and electrostatic interactions. The presence of a strong partial negative charge may influence the molecule's ability to form favorable interactions with biological targets, such as proteins or DNA. This could be particularly important for molecules that interact with biological systems, where electrostatic interactions can significantly impact their activity.

In summary, these influential molecular descriptors are related to the molecule's ability to undergo dealkylation reactions, its spatial arrangement and shape, and its electrostatic potential. These chemical and physical properties may influence the molecule's ability to interact with biological systems, ultimately affecting the predicted drug property."
ADME_rPPB,32,llama3,biomedical,3,"['BalabanJ', 'fr_Ndealkylation1', 'fr_urea']","[0.10040369826639901, 0.07175387868437098, 0.07153917796337718]","
You are a biomedical expert.

A machine learning model predicted a drug property.

The most influential molecular descriptors were:

- BalabanJ: 0.100
- fr_Ndealkylation1: 0.072
- fr_urea: 0.072


Explain in biomedical and chemical terms why these descriptors influence the prediction.
Avoid mentioning SHAP or machine learning terminology.
","A fascinating prediction! Let me break down the molecular descriptors that contributed the most to the prediction.

**BalabanJ**: This descriptor is a measure of molecular shape, specifically the topological polarizability of the molecule. In biomedical terms, it's a reflection of the molecule's ability to interact with its environment and other molecules through subtle changes in its shape. Think of it like a molecular ""fingerprint"" that influences how the drug interacts with its target, such as a protein or receptor. A higher BalabanJ value suggests the molecule is more flexible and can adapt to its surroundings, which may enhance its therapeutic potential.

**fr_Ndealkylation1**: This descriptor is related to the molecule's ability to undergo a specific type of chemical reaction, called dealkylation. In chemical terms, it's a measure of the molecule's susceptibility to losing an alkyl group, typically a methyl (-CH3) or ethyl (-C2H5) group. This process can occur through enzymatic or non-enzymatic mechanisms. From a biomedical perspective, fr_Ndealkylation1 may indicate the molecule's potential to be metabolized or transformed by enzymes in the body, which can impact its pharmacokinetic and pharmacodynamic properties.

**fr_urea**: This descriptor is a measure of the molecule's ability to undergo a chemical reaction called urea formation. In chemical terms, it's a reflection of the molecule's propensity to react with ammonia (NH3) to form a urea compound. From a biomedical perspective, fr_urea may be relevant to the molecule's potential to interact with urea cycle enzymes or be cleared by the liver through urea formation. A higher fr_urea value could indicate the molecule's potential to be metabolized or eliminated through the urea cycle.

In summary, these descriptors are influencing the prediction because they reflect the molecule's shape, chemical reactivity, and potential interactions with enzymes and biological pathways. These properties can impact the drug's pharmacokinetics, pharmacodynamics, and overall therapeutic efficacy."
ADME_rPPB,33,llama3,biomedical,3,"['BalabanJ', 'BCUT2D_MWHI', 'AvgIpc']","[0.10112289049774305, 0.06332712590536282, 0.04635085747510127]","
You are a biomedical expert.

A machine learning model predicted a drug property.

The most influential molecular descriptors were:

- BalabanJ: 0.101
- BCUT2D_MWHI: 0.063
- AvgIpc: 0.046


Explain in biomedical and chemical terms why these descriptors influence the prediction.
Avoid mentioning SHAP or machine learning terminology.
","The BalabanJ, BCUT2D_MWHI, and AvgIpc molecular descriptors. These are all topological indices that describe various aspects of a molecule's structure. Let's break them down:

1. **BalabanJ**: This descriptor is related to a molecule's ""branching"" or ""tree-like"" structure. It's a measure of the number of branching paths within a molecule. In the context of drug properties, a higher BalabanJ value might indicate a molecule with a more complex, tree-like structure, which could influence the drug's ability to interact with biological targets or cross membranes. For example, a molecule with a high BalabanJ might be more likely to accumulate in certain tissues or exhibit stronger bioavailability.
2. **BCUT2D_MWHI**: This descriptor is a combination of two-dimensional (2D) molecular shape features. The ""MWHI"" part likely stands for ""Maximum Whispering Hydrophobic Interaction,"" which is a measure of the molecule's shape and its interaction with water. A higher BCUT2D_MWHI value might indicate a molecule with a more compact, globular shape that interacts strongly with water molecules. This could impact the drug's solubility, stability, or ability to penetrate biological membranes.
3. **AvgIpc**: This descriptor is an average of ""Ipc"" values, which are related to the molecule's ""information content"" or ""complexity."" In essence, AvgIpc measures the number of unique chemical environments or ""pockets"" within a molecule. A higher AvgIpc value might indicate a molecule with a more diverse set of functional groups or chemical environments, which could influence its ability to bind to specific biological targets or modulate cellular processes.

In the context of drug properties, these descriptors might be influencing the prediction by capturing aspects of a molecule's structure that affect its bioavailability, stability, or interactions with biological targets. For example:

* The BalabanJ and AvgIpc descriptors might be related to the molecule's ability to cross biological membranes or interact with specific receptors.
* The BCUT2D_MWHI descriptor might be influencing the prediction by capturing the molecule's solubility or stability in biological fluids.
* The combination of these descriptors could be providing a nuanced understanding of the molecule's interactions with biological systems, which is critical for predicting its drug-like properties."
ADME_rPPB,34,llama3,biomedical,3,"['BalabanJ', 'fr_urea', 'EState_VSA10']","[0.0864728300565777, 0.07250339998697858, -0.05258381350881136]","
You are a biomedical expert.

A machine learning model predicted a drug property.

The most influential molecular descriptors were:

- BalabanJ: 0.086
- fr_urea: 0.073
- EState_VSA10: -0.053


Explain in biomedical and chemical terms why these descriptors influence the prediction.
Avoid mentioning SHAP or machine learning terminology.
","The fascinating world of molecular descriptors!

Let's dive into the biomedical and chemical significance of these influential descriptors:

1. **BalabanJ**: This descriptor is related to the molecular branching and complexity. The Balaban-J index measures the degree of branching in a molecule, with higher values indicating more complex molecular structures. In the context of drug properties, this descriptor might be influencing the prediction because molecules with more complex branching patterns may have a higher likelihood of interacting with specific protein targets or exhibiting desired pharmacological effects. This is because complex molecular structures can provide a larger surface area for interactions or allow for more favorable binding conformations.
2. **fr_urea**: This descriptor is a measure of the presence and extent of urea functional groups in the molecule. Urea is a common functional group in many drugs, as it can participate in hydrogen bonding, which is crucial for protein-ligand interactions. The presence of urea groups can influence the prediction of drug properties by indicating the potential for molecules to interact with specific protein targets or exhibit desired pharmacological effects. This is because urea groups can serve as hydrogen bond donors or acceptors, allowing molecules to form crucial interactions with proteins.
3. **EState_VSA10**: This descriptor is a measure of the molecule's electronic state, specifically the energy state of the molecule. VSA (Volatility-Solubility-Adsorption) descriptors are based on the idea that the electronic state of a molecule can influence its physical and chemical properties. In this case, the negative value of EState_VSA10 might indicate that molecules with this descriptor tend to have a more stable electronic state, which could influence their ability to interact with specific protein targets or exhibit desired pharmacological effects. This is because stable electronic states can provide a more favorable environment for protein-ligand interactions or influence the molecule's ability to cross biological membranes.

In summary, these influential molecular descriptors are likely influencing the prediction of drug properties by providing information about the molecular structure's complexity, functional group composition, and electronic state. These properties can, in turn, influence a molecule's ability to interact with specific protein targets, exhibit desired pharmacological effects, or influence its physical and chemical properties."
ADME_rPPB,35,llama3,biomedical,3,"['fr_Ndealkylation1', 'PEOE_VSA13', 'BCUT2D_CHGLO']","[0.4037716048634525, 0.14490731543135907, 0.05698045834551152]","
You are a biomedical expert.

A machine learning model predicted a drug property.

The most influential molecular descriptors were:

- fr_Ndealkylation1: 0.404
- PEOE_VSA13: 0.145
- BCUT2D_CHGLO: 0.057


Explain in biomedical and chemical terms why these descriptors influence the prediction.
Avoid mentioning SHAP or machine learning terminology.
","As a biomedical expert, I can help break down the significance of these molecular descriptors in the context of drug properties.

1. **Fr_Ndealkylation1**: This descriptor is related to the molecule's propensity to undergo dealkylation, a chemical reaction that involves the loss of an alkyl group. In the context of drug properties, this descriptor might be influencing the prediction because the ability of a molecule to undergo dealkylation can impact its stability, metabolism, and ultimately, its efficacy. Dealkylation can be an important process in the body, as it can affect the bioavailability and half-life of a drug. A high value for this descriptor may indicate that the molecule is more susceptible to dealkylation, which could affect its overall performance as a drug.

2. **PEOE_VSA13**: This descriptor is likely related to the molecule's electronic properties, specifically the way it interacts with other molecules. The PEOE (Polarizability-based Electron-Optical) descriptor is a measure of the molecule's ability to polarize (orient) its electrons in response to an electric field. In this case, the VSA13 (Vectorial Spatial Automation) component might be capturing the molecule's ability to interact with other molecules in a specific way. This descriptor could be influencing the prediction because the electronic properties of a molecule can impact its binding affinity, solubility, and overall pharmacokinetic profile.

3. **BCUT2D_CHGLO**: This descriptor is related to the molecule's charge distribution and its electrostatic properties. The BCUT (Burden CTI) algorithm generates a set of descriptors that capture the molecule's charge distribution, including its ability to form hydrogen bonds and interact with other molecules. In this case, the 2D (two-dimensional) CHGLO (Charge-Like) component might be capturing the molecule's ability to form charge-charge interactions or hydrogen bonds. This descriptor could be influencing the prediction because the charge distribution of a molecule can impact its binding affinity, solubility, and overall pharmacokinetic profile.

In summary, these molecular descriptors are influencing the prediction by capturing various aspects of the molecule's chemical and physical properties. The Fr_Ndealkylation1 descriptor is related to the molecule's stability and metabolism, while the PEOE_VSA13 and BCUT2D_CHGLO descriptors are related to the molecule's electronic and electrostatic properties, which can impact its binding affinity, solubility, and overall pharmacokinetic profile."
ADME_rPPB,36,llama3,biomedical,3,"['NumValenceElectrons', 'Phi', 'fr_urea']","[0.09598607671919779, -0.07190973199776937, 0.06518472895986988]","
You are a biomedical expert.

A machine learning model predicted a drug property.

The most influential molecular descriptors were:

- NumValenceElectrons: 0.096
- Phi: -0.072
- fr_urea: 0.065


Explain in biomedical and chemical terms why these descriptors influence the prediction.
Avoid mentioning SHAP or machine learning terminology.
","The intriguing world of molecular descriptors!

Let's dive into the biomedical and chemical significance of these influential descriptors:

1. **NumValenceElectrons: 0.096**: This descriptor is related to the electronic properties of the molecule. The number of valence electrons (0.096) suggests that the molecule has a significant impact on the target property due to its ability to form bonds with other molecules. In biomedical terms, this could be related to the molecule's potential to interact with biomolecules, such as proteins or DNA, which is crucial for its therapeutic activity.
2. **Phi: -0.072**: Phi is a measure of the molecule's steric hindrance, which is the degree to which the molecule's shape and size affect its interactions with other molecules. A negative Phi value (-0.072) indicates that the molecule has a relatively open or accessible structure, allowing it to interact more easily with other molecules. Biomedically, this could translate to the molecule's ability to penetrate tissues or cells, which is essential for its delivery and efficacy.
3. **fr_urea: 0.065**: This descriptor is specifically related to the presence and proportion of urea functional groups (e.g., -NH2 or -CONH2) in the molecule. Urea is a common functional group found in many biomolecules, including proteins, DNA, and lipids. In biomedical terms, the presence of urea groups in the molecule might influence its ability to interact with biomolecules, such as enzymes or receptors, which is crucial for its therapeutic activity.

In summary, these molecular descriptors are influencing the prediction because they capture important chemical and biological properties of the molecule that are relevant to its therapeutic activity. The number of valence electrons suggests the molecule's ability to form bonds and interact with biomolecules, while the steric hindrance (Phi) indicates its ability to penetrate tissues or cells. The presence of urea functional groups (fr_urea) may influence the molecule's interactions with biomolecules, such as enzymes or receptors. These descriptors collectively provide valuable insights into the molecule's potential therapeutic properties."
ADME_rPPB,37,llama3,biomedical,3,"['PEOE_VSA13', 'BalabanJ', 'VSA_EState5']","[-0.16069325140266186, -0.12219444978169203, -0.07356596909399682]","
You are a biomedical expert.

A machine learning model predicted a drug property.

The most influential molecular descriptors were:

- PEOE_VSA13: -0.161
- BalabanJ: -0.122
- VSA_EState5: -0.074


Explain in biomedical and chemical terms why these descriptors influence the prediction.
Avoid mentioning SHAP or machine learning terminology.
","As a biomedical expert, I'd be delighted to break down the significance of these molecular descriptors in a biochemical context.

**PEOE_VSA13: -0.161**

PEOE_VSA13 is a descriptor that captures the electrostatic potential of the molecule. In simple terms, it's a measure of how the molecule's electric field interacts with its surroundings. A negative value like -0.161 indicates that the molecule has a net negative charge. This is important because many biological processes, such as protein-ligand interactions, rely on electrostatic forces. A negatively charged molecule may be more likely to bind to positively charged proteins or other molecules, influencing the drug's target specificity and potency.

**BalabanJ: -0.122**

BalabanJ is a topological descriptor that assesses the molecule's branching and connectivity. In this case, the negative value suggests that the molecule has a relatively simple, non-branching structure. This might be important because some biological targets have specific geometries that require a drug molecule to have a certain level of symmetry or flexibility to bind effectively. A molecule with a simple structure like this might be more likely to bind to its target through a specific conformation, enhancing its biological activity.

**VSA_EState5: -0.074**

VSA_EState5 is a descriptor that measures the molecule's electronic state, specifically its ability to participate in electron transfer reactions. The negative value indicates that the molecule has a relatively low tendency to participate in electron transfer reactions. This could be important because some biological processes, such as redox reactions, rely on the ability of molecules to transfer electrons. A molecule with low electronic state might be less likely to interfere with these processes, reducing the risk of off-target effects and improving the drug's selectivity.

In summary, these descriptors influence the prediction by highlighting the molecule's electrostatic properties, structural simplicity, and electronic state. These characteristics can impact the molecule's interactions with biological targets, its target specificity, and its overall biological activity."
ADME_rPPB,38,llama3,biomedical,3,"['MolMR', 'fr_urea', 'BCUT2D_MWHI']","[-0.10548492621577754, 0.07088083915097615, -0.0659912428964377]","
You are a biomedical expert.

A machine learning model predicted a drug property.

The most influential molecular descriptors were:

- MolMR: -0.105
- fr_urea: 0.071
- BCUT2D_MWHI: -0.066


Explain in biomedical and chemical terms why these descriptors influence the prediction.
Avoid mentioning SHAP or machine learning terminology.
","What a fascinating set of molecular descriptors! As a biomedical expert, I'd be delighted to decipher their significance.

Let's start with MolMR, which stands for Molecular Multiprobe. This descriptor is related to the molecule's overall shape and topology. A negative value for MolMR (-0.105) suggests that the molecule has a more compact, rigid structure, which might influence the drug's behavior. In biomedical terms, this could imply that the molecule is more likely to interact with specific targets, such as enzymes or receptors, due to its stable conformation.

The next descriptor, fr_urea (0.071), is a functional group-based feature. Urea is a common functional group found in many biologically active molecules. A positive value for fr_urea indicates that the molecule has a significant amount of urea functional groups. In chemical terms, this means that the molecule is more likely to have polar, hydrogen-bonding capabilities, which can facilitate interactions with biological molecules.

The final descriptor, BCUT2D_MWHI (-0.066), is a topological descriptor that describes the molecule's spatial arrangement. The BCUT2D acronym stands for ""Burden's Connectivity Table"" in two dimensions. The MWHI part refers to the ""maximum weighted hitting index,"" which measures the molecule's complexity. A negative value for BCUT2D_MWHI suggests that the molecule has a relatively simple, planar structure. This simplicity might facilitate the molecule's ability to interact with biological targets, such as DNA or proteins, by allowing for more efficient binding or recognition.

In biomedical terms, the combination of these descriptors could imply that the predicted drug property is influenced by the molecule's ability to interact with specific biological targets, such as enzymes, receptors, or DNA, through a combination of shape complementarity, polar interactions, and simplicity. This could lead to a deeper understanding of the molecule's potential therapeutic mechanisms and applications."
ADME_rPPB,39,llama3,biomedical,3,"['fr_Ndealkylation1', 'BCUT2D_LOGPLOW', 'BCUT2D_MWHI']","[0.29160076645269967, -0.08378486706982693, -0.07344947632973313]","
You are a biomedical expert.

A machine learning model predicted a drug property.

The most influential molecular descriptors were:

- fr_Ndealkylation1: 0.292
- BCUT2D_LOGPLOW: -0.084
- BCUT2D_MWHI: -0.073


Explain in biomedical and chemical terms why these descriptors influence the prediction.
Avoid mentioning SHAP or machine learning terminology.
","As a biomedical expert, I can help interpret the molecular descriptors that are influencing the prediction of the drug property.

The first descriptor, fr_Ndealkylation1, is related to the ease with which a molecule can undergo a type of chemical reaction called N-dealkylation. This reaction involves the removal of an alkyl group (a group of atoms that contains only carbon and hydrogen) from a molecule. The higher the value of fr_Ndealkylation1, the more easily the molecule can undergo this reaction. In the context of drug development, this descriptor may be influencing the prediction because some drugs work by being broken down or modified by enzymes in the body, and the ease of this process can affect the drug's efficacy or toxicity.

The second descriptor, BCUT2D_LOGPLOW, is related to the logarithmic partition coefficient (LogP) of the molecule. LogP is a measure of how hydrophobic (water-repelling) a molecule is. Molecules with high LogP values tend to be more hydrophobic and are less soluble in water, while molecules with low LogP values are more hydrophilic (water-loving) and are more soluble in water. The negative value of BCUT2D_LOGPLOW suggests that the model is predicting that the molecule is hydrophilic, which may influence the prediction because some drugs are designed to be more soluble in water to facilitate their absorption and distribution in the body.

The third descriptor, BCUT2D_MWHI, is related to the molecular weight and hydrophobicity of the molecule. The negative value of BCUT2D_MWHI suggests that the model is predicting that the molecule is small and hydrophilic, which may influence the prediction because small molecules are often more easily absorbed and distributed in the body, and hydrophilic molecules may be more easily excreted by the kidneys.

Overall, these molecular descriptors are influencing the prediction of the drug property by providing information about the molecule's chemical properties and how they may affect its behavior and interactions with the body."
ADME_rPPB,40,llama3,biomedical,3,"['fr_urea', 'fr_Ndealkylation1', 'PEOE_VSA13']","[-0.22932298279361923, -0.21354198018575404, -0.15298096264620914]","
You are a biomedical expert.

A machine learning model predicted a drug property.

The most influential molecular descriptors were:

- fr_urea: -0.229
- fr_Ndealkylation1: -0.214
- PEOE_VSA13: -0.153


Explain in biomedical and chemical terms why these descriptors influence the prediction.
Avoid mentioning SHAP or machine learning terminology.
","The intriguing molecular descriptors that influence the prediction of the drug property!

Let's dive into the chemical and biomedical significance of each descriptor:

1. **fr_urea**: This descriptor likely corresponds to the presence and distribution of urea functional groups in the molecules. Urea is a key component of many biomolecules, including peptides and proteins. The negative value of -0.229 suggests that the presence of urea moieties in the molecules is associated with the predicted drug property. In biomedical terms, this could imply that molecules with urea groups are more likely to interact with protein targets or modulate enzymatic activity, which is relevant to the predicted drug property.

2. **fr_Ndealkylation1**: This descriptor might be related to the presence of aliphatic nitrogen-containing groups, such as amines or amides, in the molecules. The negative value of -0.214 suggests that the presence of these groups is also associated with the predicted drug property. In biomedical terms, this could imply that molecules with aliphatic nitrogen-containing groups are more likely to interact with specific biomolecules or modulate signaling pathways relevant to the predicted drug property.

3. **PEOE_VSA13**: This descriptor is likely related to the presence of polar, non-electrostatic, and apolar (POEA) molecular features. VSA13 is a specific type of feature that captures the molecular shape and topology. The negative value of -0.153 suggests that molecules with these features are associated with the predicted drug property. In biomedical terms, this could imply that the molecules with these features are more likely to interact with specific biological targets or exhibit desired pharmacological properties.

In summary, these descriptors are influenced by the presence of functional groups, such as urea and aliphatic nitrogen-containing groups, which are important for biomolecular interactions. Additionally, the PEOE_VSA13 descriptor is likely capturing molecular shape and topology features that are relevant to the predicted drug property."
ADME_rPPB,41,llama3,biomedical,3,"['fr_Ndealkylation1', 'PEOE_VSA7', 'MolMR']","[-0.07994665933229762, -0.0782102789938515, -0.07583017237424582]","
You are a biomedical expert.

A machine learning model predicted a drug property.

The most influential molecular descriptors were:

- fr_Ndealkylation1: -0.080
- PEOE_VSA7: -0.078
- MolMR: -0.076


Explain in biomedical and chemical terms why these descriptors influence the prediction.
Avoid mentioning SHAP or machine learning terminology.
","The fascinating world of molecular descriptors! As a biomedical expert, I'd be delighted to break down the significance of these descriptors in the context of drug properties.

**fr_Ndealkylation1**: This descriptor is related to the ease of alkyl group removal from a molecule. In the context of drug properties, it's likely reflecting the molecule's ability to undergo metabolism, specifically the process of N-dealkylation. This is a crucial step in xenobiotic metabolism, where the body eliminates foreign compounds, including drugs. A negative value for this descriptor (-0.080) suggests that the molecule is less likely to undergo N-dealkylation, which may impact its pharmacokinetic profile (e.g., bioavailability, half-life). This could influence the drug's efficacy, as the body may not be able to efficiently clear the compound from the circulation.

**PEOE_VSA7**: This descriptor is a variant of the Physicochemical-Electronic-Energetic-Structural-Aware (PEOE) framework, which characterizes molecules based on their chemical and physical properties. PEOE_VSA7 is specifically related to the molecule's overall polarity and ability to interact with water. A negative value for this descriptor (-0.078) suggests that the molecule is less polar, which may impact its ability to interact with biological targets, such as proteins or receptors. This could influence the drug's efficacy, as reduced polarity may affect its ability to bind to the target or interact with other biomolecules.

**MolMR**: This descriptor is related to the molecule's molecular refractivity, which is a measure of the molecule's polarizability and ability to interact with light. A negative value for this descriptor (-0.076) suggests that the molecule has a relatively low molecular refractivity. This could be related to the molecule's shape and size, as well as its electronic properties. In the context of drug properties, this may impact the molecule's ability to interact with biological targets or undergo interactions with other molecules, such as enzymes or transport proteins.

In summary, these three descriptors are influencing the prediction of a drug property by reflecting the molecule's ability to undergo metabolism, interact with water, and interact with biological targets. These properties are crucial for a drug's efficacy, pharmacokinetic profile, and potential side effects. As a biomedical expert, understanding the significance of these descriptors can help in the design and optimization of new drug molecules."
ADME_rPPB,42,llama3,biomedical,3,"['fr_urea', 'NumValenceElectrons', 'HeavyAtomMolWt']","[0.09923343911028058, 0.09398937493980908, 0.0600780742623629]","
You are a biomedical expert.

A machine learning model predicted a drug property.

The most influential molecular descriptors were:

- fr_urea: 0.099
- NumValenceElectrons: 0.094
- HeavyAtomMolWt: 0.060


Explain in biomedical and chemical terms why these descriptors influence the prediction.
Avoid mentioning SHAP or machine learning terminology.
","What a fascinating prediction! Let's dive into the world of biomolecules and explore the significance of these influential descriptors.

**fr_urea: 0.099**

The presence of urea functionality in a molecule is a strong predictor of the desired drug property. Urea is a fundamental functional group in biochemistry, often found in peptides, proteins, and small molecules. In the context of drug development, urea-containing molecules are of great interest because they can modulate protein function, particularly enzymes and receptors. The urea group's ability to form hydrogen bonds and participate in π-π interactions makes it an attractive feature for designing molecules with specific biological activities.

**NumValenceElectrons: 0.094**

This descriptor is related to the number of valence electrons in a molecule. In biomedical terms, this is crucial because it reflects the molecule's ability to participate in chemical reactions, including those that occur at the molecular surface. Molecules with a larger number of valence electrons are more likely to form hydrogen bonds, ionic interactions, or pi-pi stacking with biological molecules, which can influence their biological activity. In this context, the prediction suggests that molecules with a higher number of valence electrons are more likely to exhibit the desired drug property.

**HeavyAtomMolWt: 0.060**

The molecular weight of a molecule, particularly the contribution from heavy atoms (e.g., sulfur, chlorine, bromine), is an important factor in this prediction. Heavy atoms can significantly influence the molecule's pharmacokinetic and pharmacodynamic properties. For example, the presence of heavy atoms can enhance the molecule's solubility, stability, and bioavailability, which are essential considerations in drug development. The prediction suggests that molecules with a higher molecular weight, particularly those containing heavy atoms, are more likely to exhibit the desired drug property.

In summary, these influential descriptors reflect the importance of molecular properties that influence a molecule's ability to interact with biological targets, modulate protein function, and exhibit desirable pharmacokinetic and pharmacodynamic properties."
ADME_rPPB,43,llama3,biomedical,3,"['fr_urea', 'LabuteASA', 'MinAbsPartialCharge']","[-0.12140050333769542, -0.07046838034964475, -0.05535125713305527]","
You are a biomedical expert.

A machine learning model predicted a drug property.

The most influential molecular descriptors were:

- fr_urea: -0.121
- LabuteASA: -0.070
- MinAbsPartialCharge: -0.055


Explain in biomedical and chemical terms why these descriptors influence the prediction.
Avoid mentioning SHAP or machine learning terminology.
","As a biomedical expert, I'd be happy to help you understand the significance of these molecular descriptors in the context of a drug property prediction.

**fr_urea: -0.121**

The presence of urea-like features in a molecule (fr_urea) likely impacts the prediction by influencing the drug's ability to interact with biological targets. Urea is a common motif in many bioactive molecules, including those that bind to enzymes, receptors, or other proteins. In this context, a negative value for fr_urea (-0.121) suggests that molecules with urea-like features may be less likely to exhibit the predicted drug property. This could be due to the urea group interfering with the molecule's ability to bind or interact with its target, ultimately reducing its effectiveness.

**LabuteASA: -0.070**

The LabuteASA descriptor represents a measure of the molecule's hydrophobicity and shape. In this case, a negative value for LabuteASA (-0.070) indicates that molecules with a more hydrophobic and compact shape may be less likely to exhibit the predicted drug property. This could be because the molecule's shape and hydrophobicity influence its ability to cross biological membranes or interact with specific biological targets, thereby affecting its overall efficacy.

**MinAbsPartialCharge: -0.055**

The MinAbsPartialCharge descriptor is related to the molecule's electrostatic properties. A negative value for this descriptor (-0.055) suggests that molecules with a more negative partial charge may be less likely to exhibit the predicted drug property. This could be due to the molecule's electrostatic properties influencing its ability to interact with biological targets or membranes, which in turn affects its overall efficacy.

In summary, these molecular descriptors likely influence the prediction by reflecting the molecule's ability to interact with biological targets, cross biological membranes, and possess specific electrostatic properties. Molecules with urea-like features, hydrophobic and compact shapes, and negative partial charges may be less likely to exhibit the predicted drug property due to their altered interactions with biological targets and membranes."
ADME_rPPB,44,llama3,biomedical,3,"['fr_Ndealkylation1', 'SlogP_VSA5', 'BalabanJ']","[0.33435609180737186, 0.13657336812437085, -0.11074041908110871]","
You are a biomedical expert.

A machine learning model predicted a drug property.

The most influential molecular descriptors were:

- fr_Ndealkylation1: 0.334
- SlogP_VSA5: 0.137
- BalabanJ: -0.111


Explain in biomedical and chemical terms why these descriptors influence the prediction.
Avoid mentioning SHAP or machine learning terminology.
","The intriguing results of our molecular modeling endeavors!

Let's dive into the biomedical and chemical significance of these influential descriptors:

1. **Fr_Ndealkylation1**: This descriptor is related to the molecule's ability to undergo N-dealkylation, a process where an alkyl group (a chain of carbon and hydrogen atoms) is removed from a nitrogen-containing functional group. In the context of drug properties, this descriptor might be important because N-dealkylation is a common metabolic pathway for many drugs. The model is suggesting that molecules with higher values of Fr_Ndealkylation1 are more likely to be substrates for this metabolic pathway, which could influence their pharmacokinetic and pharmacodynamic properties.

In biomedical terms, this means that the model is considering the potential for a molecule to be metabolized by enzymes that remove alkyl groups from nitrogen-containing functional groups, which could impact the molecule's absorption, distribution, metabolism, and excretion (ADME) properties.

2. **SlogP_VSA5**: This descriptor is a variant of the widely used logP (octanol-water partition coefficient) descriptor, which measures a molecule's ability to dissolve in oil (octanol) versus water. SlogP_VSA5 is a more advanced, 3D-based descriptor that takes into account the molecular shape and electrostatic properties in addition to the traditional logP value.

In chemical terms, SlogP_VSA5 is likely influencing the prediction by capturing the molecule's overall hydrophobicity (ability to dissolve in non-polar solvents like oil) and its interaction with biological membranes. The model is suggesting that molecules with higher values of SlogP_VSA5 are more likely to be lipophilic (oil-loving) and able to interact with membranes, which could impact their absorption, distribution, and pharmacodynamic properties.

3. **BalabanJ**: This descriptor is a type of topological index, which is a mathematical characterization of a molecule's molecular framework. The BalabanJ index is specifically designed to capture the molecule's branching and ring structures.

In biomedical terms, the BalabanJ descriptor is likely influencing the prediction by capturing the molecule's overall molecular architecture and its potential to interact with biological systems. The model is suggesting that molecules with lower values of BalabanJ (more linear and less branched structures) are less likely to interact with biological targets or undergo specific biochemical reactions, which could impact their pharmacodynamic and pharmacokinetic properties.

In summary, these influential descriptors are likely capturing important chemical and biological properties that influence the prediction of the drug's properties. Fr_Ndealkylation1 is related to metabolic pathways, SlogP_VSA5 is related to hydrophobicity and membrane interactions, and BalabanJ is related to molecular architecture and biological interactions."
ADME_rPPB,45,llama3,biomedical,3,"['fr_Ndealkylation1', 'PEOE_VSA13', 'fr_urea']","[-0.31203849783478427, -0.18759164376834997, -0.187532842275956]","
You are a biomedical expert.

A machine learning model predicted a drug property.

The most influential molecular descriptors were:

- fr_Ndealkylation1: -0.312
- PEOE_VSA13: -0.188
- fr_urea: -0.188


Explain in biomedical and chemical terms why these descriptors influence the prediction.
Avoid mentioning SHAP or machine learning terminology.
",ERROR
ADME_rPPB,46,llama3,biomedical,3,"['fr_Ndealkylation1', 'EState_VSA5', 'fr_urea']","[0.24699726121233093, 0.07700601185538901, 0.065970924273354]","
You are a biomedical expert.

A machine learning model predicted a drug property.

The most influential molecular descriptors were:

- fr_Ndealkylation1: 0.247
- EState_VSA5: 0.077
- fr_urea: 0.066


Explain in biomedical and chemical terms why these descriptors influence the prediction.
Avoid mentioning SHAP or machine learning terminology.
","As a biomedical expert, I'd be delighted to break down the significance of these molecular descriptors in the context of the predicted drug property.

1. **fr_Ndealkylation1**: This descriptor is related to the presence and distribution of aliphatic nitrogens in the molecule. In a drug development context, the presence and reactivity of aliphatic nitrogens can significantly influence the drug's pharmacokinetic and pharmacodynamic properties. For instance, aliphatic nitrogens can be involved in metabolic reactions, such as dealkylation, which can affect the drug's half-life, clearance, and efficacy. The high influence of this descriptor suggests that the predicted drug property is sensitive to the presence and location of these nitrogens, which may impact the drug's absorption, distribution, metabolism, and excretion (ADME) characteristics.

2. **EState_VSA5**: This descriptor is related to the electrostatic properties of the molecule. In particular, it represents the molecule's overall polarity and charge distribution. The high influence of this descriptor indicates that the predicted drug property is sensitive to the molecule's electrostatic properties, which can affect its interactions with biological molecules, such as proteins, receptors, and DNA. Electrostatic properties can influence the drug's binding affinity, selectivity, and efficacy, making this descriptor a crucial factor in the prediction.

3. **fr_urea**: This descriptor is related to the presence and distribution of urea functional groups in the molecule. Urea moieties are common in many biomolecules, including peptides and proteins. In the context of drug development, urea groups can influence the drug's metabolic stability, solubility, and membrane permeability. The moderate influence of this descriptor suggests that the predicted drug property is sensitive to the presence and location of urea groups, which may impact the drug's ADME characteristics and interactions with biological molecules.

In summary, these molecular descriptors influence the prediction of the drug property by capturing important chemical and biological properties that can impact the drug's behavior and interactions in the body. The presence and distribution of aliphatic nitrogens, electrostatic properties, and urea functional groups are all crucial factors that can affect the drug's pharmacokinetics, pharmacodynamics, and overall efficacy."
ADME_rPPB,47,llama3,biomedical,3,"['fr_Ndealkylation1', 'SlogP_VSA5', 'NumValenceElectrons']","[0.49111782281861743, 0.1199466453730778, 0.08420556731205552]","
You are a biomedical expert.

A machine learning model predicted a drug property.

The most influential molecular descriptors were:

- fr_Ndealkylation1: 0.491
- SlogP_VSA5: 0.120
- NumValenceElectrons: 0.084


Explain in biomedical and chemical terms why these descriptors influence the prediction.
Avoid mentioning SHAP or machine learning terminology.
","What an exciting prediction!

Let's dive into the biomedical and chemical significance of these influential molecular descriptors.

**fr_Ndealkylation1: 0.491**

The fr_Ndealkylation1 descriptor is related to the ease with which a molecule's alkyl groups (long-chain carbon-based structures) can be dealkylated, or removed. In biomedical terms, this descriptor may be relevant to the drug's ability to interact with enzymes or other proteins that rely on alkyl group modifications for their function.

For example, some enzymes require the addition or removal of alkyl groups to modulate their activity. If a drug molecule can easily dealkylate a target enzyme, it may inhibit its activity or alter its substrate specificity. This descriptor's high influence on the prediction suggests that the model has identified the potential for the drug to modulate enzyme activity, which could impact its therapeutic effects.

**SlogP_VSA5: 0.120**

SlogP_VSA5 is a measure of the molecule's ability to partition between a hydrophilic (water-loving) and hydrophobic (water-fearing) environment. In biomedical terms, this descriptor is related to the drug's ability to cross biological membranes, such as those surrounding cells, tissues, or organs.

The higher the SlogP_VSA5 value, the more lipophilic (fat-loving) the molecule is. This is important, as many biological processes rely on the movement of molecules across membranes. A drug with high lipophilicity may be more effective at targeting cells or tissues that are difficult to access, but it may also increase the risk of off-target effects or toxicity.

**NumValenceElectrons: 0.084**

The NumValenceElectrons descriptor counts the number of electrons in a molecule that are involved in forming chemical bonds. In biomedical terms, this descriptor is related to the molecule's ability to interact with other molecules, including proteins, through electrostatic or covalent forces.

For example, a molecule with a high number of valence electrons may be more likely to form hydrogen bonds or π-π stacking interactions with proteins, which can influence their activity or binding affinity. This descriptor's influence on the prediction suggests that the model has identified the potential for the drug to interact with specific proteins or biological pathways.

In summary, these influential molecular descriptors suggest that the predicted drug property is related to its ability to interact with enzymes, cross biological membranes, and bind to specific proteins or biological pathways."
ADME_rPPB,48,llama3,biomedical,3,"['fr_Ndealkylation1', 'PEOE_VSA13', 'PEOE_VSA10']","[0.24331878726480408, 0.15401223549713028, 0.08195901876385353]","
You are a biomedical expert.

A machine learning model predicted a drug property.

The most influential molecular descriptors were:

- fr_Ndealkylation1: 0.243
- PEOE_VSA13: 0.154
- PEOE_VSA10: 0.082


Explain in biomedical and chemical terms why these descriptors influence the prediction.
Avoid mentioning SHAP or machine learning terminology.
","What an exciting prediction! As a biomedical expert, I'd be delighted to break down the significance of these molecular descriptors in the context of drug properties.

Let's start with `fr_Ndealkylation1`. This descriptor is related to the presence and extent of N-dealkylation, a type of metabolic reaction. In other words, it measures the ease with which a molecule's nitrogen-containing functional groups (e.g., amines) can be removed by enzymes. This property is crucial in understanding a drug's pharmacokinetics, particularly its metabolism and elimination.

In the context of drug properties, a high value for `fr_Ndealkylation1` might indicate that the molecule is more susceptible to metabolism, potentially leading to a shorter half-life or increased clearance. This could impact the duration of therapeutic effects or the frequency of dosing. Conversely, a low value might suggest that the molecule is more resistant to metabolism, potentially resulting in longer-lasting effects or a higher risk of accumulation.

Next, we have `PEOE_VSA13` and `PEOE_VSA10`, which are both variants of the PEOE (Physiochemical Property Effects on Enzymes) descriptor. PEOE represents the ability of a molecule to interact with enzymes, which are essential for various biological processes, including metabolism, signaling, and regulation.

These two descriptors specifically capture the molecular features that influence the binding of a molecule to enzymes. In essence, they quantify the ""stickiness"" of a molecule to enzymes, which is critical for understanding its biological activity, such as receptor binding, substrate recognition, or inhibition.

A high value for `PEOE_VSA13` or `PEOE_VSA10` might indicate that the molecule has a stronger affinity for enzymes, potentially leading to enhanced biological activity or altered metabolism. Conversely, a low value could suggest that the molecule has a reduced ability to interact with enzymes, potentially resulting in decreased biological activity or impaired metabolism.

In summary, these molecular descriptors provide valuable insights into a molecule's properties that influence its biological activity, metabolism, and pharmacokinetics. By understanding the relationships between these descriptors and the predicted drug property, we can gain a deeper appreciation for the complex interplay between molecular structure and biological function."
ADME_rPPB,49,llama3,biomedical,3,"['fr_Ndealkylation1', 'MaxAbsPartialCharge', 'fr_urea']","[-0.39580506504304436, -0.1254978300131244, -0.1118800779282492]","
You are a biomedical expert.

A machine learning model predicted a drug property.

The most influential molecular descriptors were:

- fr_Ndealkylation1: -0.396
- MaxAbsPartialCharge: -0.125
- fr_urea: -0.112


Explain in biomedical and chemical terms why these descriptors influence the prediction.
Avoid mentioning SHAP or machine learning terminology.
","A fascinating prediction!

Let's dive into the world of molecules and explore the significance of these influential descriptors.

1. **fr_Ndealkylation1: -0.396**

The ""fr_Ndealkylation"" descriptor is related to the ease of alkylation, a chemical reaction where a molecule is modified by adding an alkyl group (e.g., a methyl or ethyl group). A negative value of -0.396 suggests that the molecule is less likely to undergo alkylation. This might indicate that the molecule has a higher degree of steric hindrance, meaning that the alkyl group can't easily approach the molecule's functional groups. This could be due to the presence of bulky substituents or a rigid molecular framework. In a biomedical context, this descriptor might influence the prediction by suggesting that the molecule is less likely to interact with enzymes involved in alkylation reactions, which could affect its overall bioavailability and pharmacokinetics.

2. **MaxAbsPartialCharge: -0.125**

The ""MaxAbsPartialCharge"" descriptor measures the maximum absolute value of the partial charge of an atom in the molecule. A negative value of -0.125 indicates that the molecule has a region with a relatively high degree of electronegativity. This might be due to the presence of electronegative atoms like oxygen, nitrogen, or fluorine, which can attract electrons and create a partial positive charge on adjacent atoms. In a biomedical context, this descriptor could influence the prediction by suggesting that the molecule is more likely to interact with proteins or other biomolecules through electrostatic interactions, such as hydrogen bonding or ionic interactions.

3. **fr_urea: -0.112**

The ""fr_urea"" descriptor is related to the presence and arrangement of urea functional groups in the molecule. A negative value of -0.112 suggests that the molecule has a reduced ability to form urea-like structures, which are important for protein-ligand interactions. This could be due to the presence of substituents that hinder the formation of these structures or alter the molecule's conformation. In a biomedical context, this descriptor might influence the prediction by suggesting that the molecule is less likely to interact with urea-based enzymes or proteins, which could affect its bioavailability and pharmacological activity.

In summary, these descriptors are influencing the prediction by providing insight into the molecule's chemical properties, such as its ability to undergo alkylation reactions, its electrostatic properties, and its ability to form urea-like structures. These properties can affect the molecule's interactions with biological systems, ultimately influencing its bioavailability, pharmacokinetics, and pharmacological activity."
