endpoint,sample_id,model,strategy,top_k,features,shap_values,prompt,explanation
ADME_HLM,0,mistral,biomedical,3,"['SMR_VSA2', 'EState_VSA8', 'BCUT2D_MRHI']","[-0.3305095847683578, -0.06716348986214322, -0.04866273261420479]","
You are a biomedical expert.

A machine learning model predicted a drug property.

The most influential molecular descriptors were:

- SMR_VSA2: -0.331
- EState_VSA8: -0.067
- BCUT2D_MRHI: -0.049


Explain in biomedical and chemical terms why these descriptors influence the prediction.
Avoid mentioning SHAP or machine learning terminology.
"," In the context of predicting drug properties, molecular descriptors serve as numerical representations that quantify various chemical and structural features of a compound. These descriptors help us understand the behavior, interactions, and potential effects of a drug within the biological system.

1. SMR_VSA2: This descriptor refers to the second vertical symmetry axis momentum of the substance. In simpler terms, it describes the symmetry and distribution of the compound's mass along the vertical axis. The negative value indicates a certain asymmetry or imbalance, which could impact the drug's interaction with biomolecules, such as proteins and DNA, and consequently, its pharmacological activity.

2. EState_VSA8: This descriptor pertains to the eight highest occupied molecular orbital (HOMO) energies. Electron distribution in molecular orbitals plays a crucial role in determining the chemical reactivity, electrophilicity, and lipophilicity of a drug. A negative value suggests that the compound's highest occupied orbitals are less energetic, possibly implying a more polar, hydrophilic, or electron-donating molecule. This, in turn, may influence the drug's absorption, distribution, metabolism, excretion, and toxicity (ADMET) properties.

3. BCUT2D_MRHI: This descriptor represents the second 2D moment of the molecular charge distribution (polarizability). The polarizability is the substance's ability to change its shape in an electric field, which is essential for drug-receptor interactions. A negative value implies reduced polarizability, which may indicate a less flexible or rigid molecule that interacts differently with biological targets compared to more polarizable drugs. This could ultimately affect the drug's efficacy and selectivity.

In summary, the influence of these molecular descriptors on the predicted drug property can be attributed to their roles in shaping the drug's structure, charge distribution, and reactivity, which in turn determine its interactions with biological systems and pharmacological behavior."
ADME_HLM,1,mistral,biomedical,3,"['fr_nitrile', 'fr_piperdine', 'fr_phos_ester']","[-0.07777022553003281, 0.07466310395542747, -0.06439389128023316]","
You are a biomedical expert.

A machine learning model predicted a drug property.

The most influential molecular descriptors were:

- fr_nitrile: -0.078
- fr_piperdine: 0.075
- fr_phos_ester: -0.064


Explain in biomedical and chemical terms why these descriptors influence the prediction.
Avoid mentioning SHAP or machine learning terminology.
"," In the context of predicting drug properties, molecular descriptors like fr_nitrile, fr_piperdine, and fr_phos_ester play crucial roles as they represent specific functional groups within the drug molecule.

1. fr_nitrile (-0.078): This descriptor signifies the presence of a nitrile (-CN) group in the drug molecule. Nitrile groups are electron-withdrawing, meaning they take electrons away from the molecule. This property can significantly influence the drug's behavior, including its reactivity, lipophilicity (fat solubility), and bioavailability. For instance, the presence of a nitrile group might affect how the drug interacts with biological targets or how it is absorbed, distributed, metabolized, and excreted within the body.

2. fr_piperdine (0.075): This descriptor indicates the presence of a piperidine ring in the drug molecule. Piperidine is a six-membered nitrogen-containing heterocycle. The nitrogen atom in the piperidine ring can act as a basic site, which might influence the drug's pKa (acid dissociation constant) and, consequently, its ionization state and distribution within the body. Additionally, the piperidine ring can affect the drug's pharmacophore (the structural feature responsible for binding to a biological target), thus impacting its affinity and activity.

3. fr_phos_ester (-0.064): This descriptor signifies the presence of a phosphoester group (-O-P-O-) in the drug molecule. Phosphoesters are esters of phosphoric acid and are essential in many biological systems, acting as signaling molecules, energy carriers, and components of DNA and RNA. In the context of drug properties, the phosphoester group can influence the drug's hydrophilicity (water solubility), metabolism, and interactions with enzymes and other biological targets. For example, phosphoesters are often targets for hydrolysis by enzymes such as phosphatases, which can impact the drug's stability and elimination from the body.

In summary, these molecular descriptors influence the prediction of drug properties by representing functional groups that contribute to the drug's physicochemical characteristics, reactivity, and biological behavior. The presence of these groups can affect the drug's absorption, distribution, metabolism, and excretion, as well as its interactions with biological targets, thereby impacting its overall pharmacological effects and potential therapeutic value."
ADME_HLM,2,mistral,biomedical,3,"['SMR_VSA2', 'PEOE_VSA7', 'NumHDonors']","[-0.35750903429513703, -0.025890755320730593, -0.02343787589916693]","
You are a biomedical expert.

A machine learning model predicted a drug property.

The most influential molecular descriptors were:

- SMR_VSA2: -0.358
- PEOE_VSA7: -0.026
- NumHDonors: -0.023


Explain in biomedical and chemical terms why these descriptors influence the prediction.
Avoid mentioning SHAP or machine learning terminology.
"," In the context of drug properties prediction, these molecular descriptors play significant roles due to their intrinsic relationship with a drug's chemical structure, pharmacokinetics, and pharmacodynamics.

1. SMR_VSA2: This molecular descriptor is related to the electrotopological state (ETS) index, a measure of the electron density distribution in a molecule. The negative value indicates that the drug molecule may have a higher electron density at the specified atom (or region) compared to other similar atoms in the same molecular environment. This enhanced electron density could potentially influence the drug's reactivity, absorption, distribution, metabolism, and excretion (ADME) properties, as well as its binding affinity with biological targets.

2. PEOE_VSA7: PEOE (Polarization E Electrotopological state) index provides information about the polarization effect on a specific atom in a molecule. A negative value for PEOE_VSA7 suggests that the atom under consideration is subject to a greater degree of polarization than its neighboring atoms. This polarization can impact the drug's hydrogen bonding capacity, solubility, and electrostatic interactions with biological targets, all of which are crucial factors in determining a drug's efficacy and safety.

3. NumHDonors: This descriptor refers to the number of hydrogen bond donor atoms in the drug molecule. A negative value implies that the drug molecule has a smaller number of hydrogen bond donor atoms compared to other molecules in the dataset. Reduced hydrogen bond donor capacity might affect the drug's ability to form stable interactions with various biomolecules such as proteins, DNA, or RNA, impacting its pharmacodynamics and pharmacokinetics.

In summary, these molecular descriptors influence the predicted drug property by providing insights into the drug's electronic structure, polarization, and hydrogen bond donor capacity, all of which are critical factors affecting the drug's behavior within the biological system."
ADME_HLM,3,mistral,biomedical,3,"['SMR_VSA2', 'SMR_VSA9', 'PEOE_VSA11']","[0.21859820346437753, -0.121118633449488, -0.0794540605848882]","
You are a biomedical expert.

A machine learning model predicted a drug property.

The most influential molecular descriptors were:

- SMR_VSA2: 0.219
- SMR_VSA9: -0.121
- PEOE_VSA11: -0.079


Explain in biomedical and chemical terms why these descriptors influence the prediction.
Avoid mentioning SHAP or machine learning terminology.
"," In the context of predicting drug properties, molecular descriptors are numerical values that describe the structure and properties of a molecule. They can include various physicochemical, geometrical, topological, or electronic properties of the molecule.

1. SMR_VSA2 (Surface-Modified Radial Distribution Function, van der Waals component, atom pair 2): This descriptor reflects the van der Waals interaction energy between pairs of atoms in the molecule. Van der Waals forces are weak attractive forces that occur between molecules due to temporary dipoles. The strength of these forces can influence a drug's affinity for its target, absorption, distribution, metabolism, excretion, and toxicity (ADMET). A higher value (0.219 in this case) indicates stronger van der Waals interactions, which may contribute to the predicted drug property.

2. SMR_VSA9 (Surface-Modified Radial Distribution Function, van der Waals component, atom pair 9): This descriptor represents the van der Waals interaction energy between atoms that are farther apart in the molecule. While these interactions are typically weaker than those represented by SMR_VSA2, they can still play a role in a drug's overall behavior. A negative value (-0.121) suggests that these interactions are slightly weaker than average, which may impact the drug's overall property prediction.

3. PEOE_VSA11 (Polar Electrostatic Energy, van der Waals component, atom pair 11): This descriptor quantifies the polar electrostatic energy between atom pairs in the molecule. Polar electrostatic energy is the energy associated with the movement of electrons (charged particles) around a molecule. This energy can influence a drug's solubility, ionization, and hydrogen bonding, all of which are important factors in drug behavior. A negative value (-0.079) suggests that the polar electrostatic interactions between these specific atom pairs are weaker than average, which may contribute to the predicted drug property.

In summary, these molecular descriptors influence the predicted drug property by reflecting various interatomic interactions (van der Waals and polar electrostatic) within the molecule, which can affect the drug's behavior in biological systems."
ADME_HLM,4,mistral,biomedical,3,"['SMR_VSA2', 'PEOE_VSA11', 'fr_bicyclic']","[-0.34608530270126203, 0.052767727864801724, 0.04244887181535514]","
You are a biomedical expert.

A machine learning model predicted a drug property.

The most influential molecular descriptors were:

- SMR_VSA2: -0.346
- PEOE_VSA11: 0.053
- fr_bicyclic: 0.042


Explain in biomedical and chemical terms why these descriptors influence the prediction.
Avoid mentioning SHAP or machine learning terminology.
"," In the context of predicting a drug property, these molecular descriptors play crucial roles due to their impact on the chemical structure and physicochemical properties of the drug molecule.

1. SMR_VSA2 (-0.346): SMR (Simplified Molecular Recapitulation) descriptors are a set of physicochemical properties calculated from molecular structure. SMR_VSA2 might be related to the hydrophobic-hydrophilic balance of the compound. A lower value may suggest a more hydrophilic molecule, which could influence the drug's solubility, distribution, and pharmacokinetics. A hydrophilic drug may have better aqueous solubility, allowing it to easily dissolve in body fluids, while a hydrophobic drug may be less soluble and may have poorer absorption and distribution properties.

2. PEOE_VSA11 (0.053): PEOE (Polar Surface Area Excess) is a measure of the polar surface area of a molecule, representing the sum of the polar atomic surface areas. PEOE_VSA11 might be related to the overall polar character of the drug molecule. A higher PEOE value indicates a more polar molecule, which could influence the drug's ionization state, interaction with biomolecules, and membrane permeability. Polar drugs are often more soluble in water and may have better ionization properties, but they may have reduced membrane permeability due to their higher polarity.

3. fr_bicyclic (0.042): fr_bicyclic is a molecular fragment indicator for the presence of a bicyclic ring system in the drug molecule. The bicyclic structure introduces complexity and rigidity to the molecule, which could influence the drug's conformational flexibility, binding affinity, and pharmacodynamics. A bicyclic structure may provide additional hydrophobic interactions, which can improve the drug's lipophilicity and membrane permeability. However, it may also make the molecule less polar and potentially reduce its aqueous solubility.

In summary, these molecular descriptors influence the prediction of the drug property due to their impact on the drug's physicochemical properties, including hydrophobicity, polar character, and molecular structure complexity. These properties, in turn, affect the drug's solubility, membrane permeability, ionization, and interaction with biological targets."
ADME_HLM,5,mistral,biomedical,3,"['SMR_VSA2', 'EState_VSA6', 'NumAliphaticCarbocycles']","[-0.2831888060928299, 0.04738709811921638, 0.037293654677865926]","
You are a biomedical expert.

A machine learning model predicted a drug property.

The most influential molecular descriptors were:

- SMR_VSA2: -0.283
- EState_VSA6: 0.047
- NumAliphaticCarbocycles: 0.037


Explain in biomedical and chemical terms why these descriptors influence the prediction.
Avoid mentioning SHAP or machine learning terminology.
"," In the context of predicting drug properties, molecular descriptors serve as quantitative attributes that help characterize the structure and properties of a molecule. These descriptors can significantly influence the predicted drug property due to their impact on the molecule's chemical behavior.

1. SMR_VSA2 (Spectral Moment Ratio - Vertical Second Axis): This descriptor quantifies the electronic distribution and polarity of a molecule, as it reflects the second moment of the dipole moment distribution. A more negative value for SMR_VSA2 suggests a higher electron density on one side of the molecule and a correspondingly lower electron density on the other side, which can impact the drug's interaction with biological targets and its overall pharmacological behavior.

2. EState_VSA6 (Evolutionary State Descriptor - Vertical 6th Principal Component): This descriptor represents a measure of the chemical evolutionary age or complexity of a molecule, based on its similarity to known compounds in a training dataset. A higher value for EState_VSA6 indicates a more complex or evolved molecule, which may have different physicochemical properties and interactions with biological targets compared to simpler molecules.

3. NumAliphaticCarbocycles: This descriptor simply counts the number of aliphatic carbocyclic rings in a molecule. The presence of aliphatic carbocyclic rings can affect a drug's lipophilicity, flexibility, and overall shape, which can impact its ability to cross biological membranes, interact with drug targets, and ultimately its pharmacological activity. A higher value for NumAliphaticCarbocycles suggests a more complex, lipophilic molecule with different properties compared to molecules with fewer or no aliphatic carbocyclic rings.

In summary, these molecular descriptors can influence the predicted drug property due to their roles in determining the drug's electronic distribution, chemical complexity, and structural features, which can impact its overall behavior and interactions with biological targets."
ADME_HLM,6,mistral,biomedical,3,"['SMR_VSA2', 'NumHDonors', 'MaxAbsPartialCharge']","[0.30347752757758567, 0.07394494577863545, -0.0694323785646911]","
You are a biomedical expert.

A machine learning model predicted a drug property.

The most influential molecular descriptors were:

- SMR_VSA2: 0.303
- NumHDonors: 0.074
- MaxAbsPartialCharge: -0.069


Explain in biomedical and chemical terms why these descriptors influence the prediction.
Avoid mentioning SHAP or machine learning terminology.
"," In the prediction of drug properties, molecular descriptors play a crucial role as they provide quantitative measures that characterize the chemical structure of a drug molecule. Here, we will discuss the impact of the mentioned molecular descriptors on the predicted drug property:

1. SMR_VSA2 (Spectral Moment Ratio-Vertical Second Axis): This descriptor reflects the electron distribution within a molecule. Specifically, SMR_VSA2 quantifies the difference between the first and second vertical moments of a molecule's vibrational spectrum. In terms of drug properties, a higher value of SMR_VSA2 may indicate a greater electron-withdrawing effect, leading to an increased likelihood of hydrogen bonding interactions with biological targets or stronger electrostatic interactions with other molecules. This can affect the drug's absorption, distribution, metabolism, excretion, and toxicity (ADMET) properties and overall efficacy.

2. NumHDonors: This descriptor represents the number of hydrogen donor atoms in a molecule. Hydrogen donor atoms, such as nitrogen (N) and oxygen (O) atoms with lone pairs, can form hydrogen bonds with other molecules, including biomolecules like proteins and nucleic acids. The formation of hydrogen bonds plays a significant role in drug-target interactions, as it can influence the stability, selectivity, and affinity of the drug-target complex. A higher number of hydrogen donor atoms may lead to a stronger interaction with biological targets, potentially improving the drug's efficacy.

3. MaxAbsPartialCharge: This descriptor provides the highest absolute value of partial charges among all atoms in a molecule. Partial charges are calculated based on the distribution of electrons within a molecule and reflect the local electrostatic potential at each atom. A more positive or negative partial charge on a drug molecule's atom can influence its electrostatic interactions with other molecules, such as biomembranes, proteins, or other drugs. A higher absolute value of MaxAbsPartialCharge may signify a stronger electrostatic interaction with biological targets, which can affect drug solubility, permeability, and overall efficacy. For example, a drug molecule with a positively charged atom may interact with negatively charged biomembranes, leading to reduced drug absorption or increased drug elimination. Conversely, a negatively charged drug molecule may interact with positively charged biomolecules, promoting drug-target interactions and potential therapeutic effects."
ADME_HLM,7,mistral,biomedical,3,"['SMR_VSA2', 'EState_VSA9', 'Chi3n']","[0.16499179157940097, 0.06542103859221815, 0.05806790959376459]","
You are a biomedical expert.

A machine learning model predicted a drug property.

The most influential molecular descriptors were:

- SMR_VSA2: 0.165
- EState_VSA9: 0.065
- Chi3n: 0.058


Explain in biomedical and chemical terms why these descriptors influence the prediction.
Avoid mentioning SHAP or machine learning terminology.
"," In the context of predicting a drug property, molecular descriptors are numerical properties calculated from the structure of a molecule that can help to describe and understand its behavior.

1. SMR_VSA2 (Solvent-Accessible Molecular Rigidity - Van der Waals Surface Area 2): This descriptor represents the rigidity or flexibility of the molecule, which can significantly influence its interaction with biological targets. For instance, a more rigid molecule may bind more tightly to a protein, resulting in a stronger binding affinity. This can be crucial for a drug to effectively inhibit its target.

2. EState_VSA9 (Electronic State - Van der Waals Surface Area 9): This descriptor refers to the electronic properties of the molecule, specifically focusing on a subset of its surface area. Electronic properties play a vital role in drug-target interactions as they determine the molecule's reactivity, lipophilicity, and ability to form hydrogen bonds. These factors can greatly impact the drug's pharmacokinetics and pharmacodynamics.

3. Chi3n (Chemistry Development Kit - Constant 3, normalized): This descriptor quantifies the shape complexity of a molecule. It is a measure of the number of rings and the number of branches in a molecule. The 3D structure of a drug molecule is critical for its ability to bind to the target, as well as for its absorption, distribution, metabolism, and excretion (ADME) properties. A more complex shape can lead to better binding affinity and improved drug potency.

In summary, these molecular descriptors play essential roles in determining the behavior of a drug molecule by influencing its rigidity, electronic properties, and 3D shape, all of which are crucial factors for drug-target interactions and drug properties."
ADME_HLM,8,mistral,biomedical,3,"['SMR_VSA2', 'PEOE_VSA11', 'VSA_EState1']","[0.16551674276100026, 0.09139062714562067, 0.08240750050518228]","
You are a biomedical expert.

A machine learning model predicted a drug property.

The most influential molecular descriptors were:

- SMR_VSA2: 0.166
- PEOE_VSA11: 0.091
- VSA_EState1: 0.082


Explain in biomedical and chemical terms why these descriptors influence the prediction.
Avoid mentioning SHAP or machine learning terminology.
"," In the context of predicting drug properties, molecular descriptors play a crucial role as they quantitatively represent the structural and physicochemical features of a drug molecule. The descriptors you've mentioned are from different categories and contribute to the prediction of drug properties based on their specific characteristics.

1. SMR_VSA2 (Spectral Moment Ratio Variance Scaled 2): This descriptor quantifies the distribution of the electron density within a molecule. It can provide information about the electronic properties of a drug molecule, which is essential for understanding its reactivity, binding affinity, and overall pharmacological behavior. For instance, drugs with certain electronic distributions may be more likely to interact with specific proteins or receptors in the body, thus influencing their biological activity.

2. PEOE_VSA11 (Polar Onion Layer Equation - Van der Waals Surface Area): This descriptor calculates the polar surface area (PSA) of a molecule, which is an estimate of the hydrophilic/polar surface of the drug. PSA is important for predicting drug solubility, permeability, and potential drug-drug interactions. A higher PSA value indicates a more polar molecule, which may lead to improved solubility in aqueous environments, enhanced permeability through biological membranes, and potentially increased drug-drug interactions due to the higher likelihood of hydrogen bonding.

3. VSA_EState1: This descriptor likely refers to the electronic state of a molecule's van der Waals surface. Electronic state can impact a drug's properties such as its reactivity, electron density distribution, and overall interaction with biological targets. For instance, a drug with a higher electronegative character (negative electronic state) may be more likely to donate electrons and form hydrogen bonds, while a drug with a higher electropositive character (positive electronic state) may be more likely to accept electrons and form ionic bonds. This can affect the drug's binding affinity, pharmacokinetics, and pharmacodynamics.

In summary, these molecular descriptors are influencing the predicted drug property by providing information about the drug's electronic distribution, hydrophilic/polar surface area, and electronic state, which are all crucial factors in determining the drug's behavior and potential interactions within the body."
ADME_HLM,9,mistral,biomedical,3,"['SMR_VSA2', 'Chi0v', 'BCUT2D_LOGPLOW']","[-0.2378833387450576, 0.03480136466038019, -0.03232541796481143]","
You are a biomedical expert.

A machine learning model predicted a drug property.

The most influential molecular descriptors were:

- SMR_VSA2: -0.238
- Chi0v: 0.035
- BCUT2D_LOGPLOW: -0.032


Explain in biomedical and chemical terms why these descriptors influence the prediction.
Avoid mentioning SHAP or machine learning terminology.
"," In biomedical and chemical terms, these molecular descriptors influence the prediction of drug properties by providing quantitative measures of various structural and physicochemical features of the drug molecules.

1. SMR_VSA2 (-0.238): This descriptor is likely related to the Volume Surface Area (VSA) of the molecule. The VSA describes the three-dimensional shape and size of the molecule, which can significantly affect its interactions with biological targets, including enzymes, receptors, and cell membranes. A lower value for SMR_VSA2 might suggest a smaller or flatter molecule, which could impact its ability to fit into specific binding sites and therefore its biological activity.

2. Chi0v (0.035): The Chi (Chemistry dot com) descriptors are topological indices that quantify the molecular shape and branching. Chi0v, in particular, is a variant that considers the number of rotatable bonds, which are chemical bonds that can rotate freely, allowing a molecule to adopt various conformations. A higher value for Chi0v suggests a more flexible molecule, which could potentially allow for a greater number of conformations to bind to a target, thus influencing the drug's activity and pharmacokinetics.

3. BCUT2D_LOGPLOW (-0.032): This descriptor is based on the Balanced COntour moment Tensors (BCUT) method, which calculates molecular properties from the distribution of electron density. BCUT2D_LOGPLOW is a logarithm of the PLOW value, which is a measure of the hydrophobic-lipophilic balance (HLB) of the molecule. A lower value for BCUT2D_LOGPLOW indicates a more hydrophilic (water-loving) molecule, meaning it may prefer to dissolve in water rather than in lipids (fats). This property can influence the drug's absorption, distribution, metabolism, and excretion (ADME) properties, as well as its ability to cross cell membranes and interact with hydrophobic biological targets.

In summary, the influences of these molecular descriptors on drug property predictions stem from their roles in characterizing the molecular shape, flexibility, hydrophobicity, and size, which are essential factors in determining a drug's pharmacological behavior and overall effectiveness."
ADME_HLM,10,mistral,biomedical,3,"['PEOE_VSA7', 'MinAbsPartialCharge', 'SMR_VSA9']","[-0.06697703518258478, -0.06302141541365287, -0.06177683128875947]","
You are a biomedical expert.

A machine learning model predicted a drug property.

The most influential molecular descriptors were:

- PEOE_VSA7: -0.067
- MinAbsPartialCharge: -0.063
- SMR_VSA9: -0.062


Explain in biomedical and chemical terms why these descriptors influence the prediction.
Avoid mentioning SHAP or machine learning terminology.
"," In the context of predicting drug properties, these molecular descriptors play crucial roles due to their influence on a compound's structure, behavior, and interaction with biological targets.

1. PEOE_VSA7 (Polar surface area calculated using the VSA7 method) is a measure of the total surface area of polar atoms in a molecule. This descriptor is important because it reflects the compound's hydrophilicity, or its affinity for water. Drugs with high PEOE values are often more soluble in water, which can impact their absorption, distribution, metabolism, and excretion (ADME) properties. A lower PEOE value, as observed in your prediction (-0.067), may suggest a compound with reduced water solubility, which could potentially affect its bioavailability and pharmacokinetics.

2. MinAbsPartialCharge (Minimum absolute partial charge) indicates the smallest positive or negative charge present in a molecule. Charge distribution in a molecule can significantly influence its electrostatic interactions with biological targets, such as proteins and other molecules in the body. A lower MinAbsPartialCharge value (-0.063) could suggest a molecule with less ionization, which might impact its ability to form stable bonds with negatively charged biological entities, potentially affecting its drug-target interaction and overall pharmacological activity.

3. SMR_VSA9 (Surface-area-based molecular-property descriptors, calculated using the VSA9 method) is a descriptor that considers the total surface area of a molecule and its distribution of polar and hydrophobic atoms. This descriptor is essential because it provides insight into the compound's hydrophobic-hydrophilic balance, or its lipophilicity-hydrophilicity ratio. A lower SMR_VSA9 value (-0.062) may suggest a compound with a higher hydrophilicity, which can impact its ability to cross biological membranes, such as cell membranes and the blood-brain barrier. This, in turn, can affect the compound's pharmacodynamics, distribution, and bioavailability.

In summary, the three molecular descriptors you mentioned influence the prediction of drug properties because they provide insights into a compound's structure, charge distribution, hydrophilicity, lipophilicity, and overall behavior within biological systems. These factors are crucial for understanding a drug's ADME properties, drug-target interaction, pharmacodynamics, and pharmacokinetics, which are all essential for drug development and optimization."
ADME_HLM,11,mistral,biomedical,3,"['SMR_VSA2', 'MaxAbsPartialCharge', 'VSA_EState1']","[0.1500495855953215, -0.10376371085207359, -0.059885981549886884]","
You are a biomedical expert.

A machine learning model predicted a drug property.

The most influential molecular descriptors were:

- SMR_VSA2: 0.150
- MaxAbsPartialCharge: -0.104
- VSA_EState1: -0.060


Explain in biomedical and chemical terms why these descriptors influence the prediction.
Avoid mentioning SHAP or machine learning terminology.
"," In the context of predicting drug properties, these molecular descriptors play crucial roles due to their influence on the structural and electronic properties of the drug molecules.

1. SMR_VSA2 (Spectro-Molecular Refractivity Volume Surface Area): This descriptor reflects the size and shape of the molecule, as well as its polarizability, which can significantly affect the drug's interaction with biological targets. The higher the SMR_VSA2 value, the larger and more polarizable the molecule, which might lead to stronger interactions with proteins or other biomolecules.

2. MaxAbsPartialCharge: This descriptor represents the highest absolute value of partial charges on the molecule's atoms. The distribution of partial charges affects the electrostatic potential around the drug molecule, which is essential for drug-receptor interactions. A more negative MaxAbsPartialCharge indicates a more electron-rich molecule, which could potentially form hydrogen bonds or ionic interactions with ionizable groups on the target protein, thereby influencing the drug's affinity and binding properties.

3. VSA_EState1: This descriptor refers to the first electronic state of the molecule, which is associated with its electron density distribution. The distribution of electron density can affect the molecule's reactivity, dipole moments, and interactions with other molecules, including biological targets. A more negative VSA_EState1 value indicates a higher electron density on the molecule, which could potentially increase the drug's reactivity or its ability to form polar interactions with the target.

In summary, these molecular descriptors are essential because they provide information about the size, shape, polarizability, charge distribution, and electron density of the drug molecule, which collectively determine its behavior in biological systems and its ability to interact with drug targets."
ADME_HLM,12,mistral,biomedical,3,"['SMR_VSA2', 'EState_VSA8', 'BCUT2D_MWLOW']","[-0.14892360336444838, -0.05426104532206681, -0.04060712021031802]","
You are a biomedical expert.

A machine learning model predicted a drug property.

The most influential molecular descriptors were:

- SMR_VSA2: -0.149
- EState_VSA8: -0.054
- BCUT2D_MWLOW: -0.041


Explain in biomedical and chemical terms why these descriptors influence the prediction.
Avoid mentioning SHAP or machine learning terminology.
"," In the context of predicting drug properties, these molecular descriptors play crucial roles in determining the pharmacological behavior of a compound. Let me explain each of them in biomedical and chemical terms:

1. SMR_VSA2: This descriptor refers to the second vertical software reactivity index (VSA2) of a molecule, calculated using the Software Reactivity Algorithm (SRA). The VSA measures the electron-donating or electron-withdrawing capacity of a molecule, which is crucial for understanding the molecule's reactivity, hydrogen bonding ability, and its potential to form complexes with other substances, including biological targets such as enzymes or receptors. A negative value for SMR_VSA2 suggests the molecule has electron-withdrawing properties, which may influence its affinity for certain biological targets or its potential to undergo specific chemical reactions.

2. EState_VSA8: This descriptor stands for the eighth electronic state (EState) index of a molecule, also derived from the Software Reactivity Algorithm (SRA). The EState index characterizes the molecule's electron-donating or electron-accepting tendencies in various molecular orbitals. A negative value for EState_VSA8 suggests that the molecule has a preference for accepting electrons, which can influence its ability to form hydrogen bonds, participate in redox reactions, and its overall polarity. This property can significantly impact the drug's absorption, distribution, metabolism, excretion, and toxicity (ADMET) profile.

3. BCUT2D_MWLOW: This descriptor represents the second 2D Basic Constraint Minimization (BCUT2D) molecular descriptor with the lowest molecular weight (MWLOW). The BCUT2D descriptors are a subset of quantum-chemical descriptors that provide information about the global shape and electronic structure of a molecule. A negative value for BCUT2D_MWLOW could suggest that the molecule has a certain structural feature or electronic distribution that is favorable for a specific drug property being predicted, particularly if the molecule with the lowest molecular weight has this feature. However, the interpretation can vary depending on the specific drug property being predicted and the exact definition of the BCUT2D descriptors used in the model."
ADME_HLM,13,mistral,biomedical,3,"['SMR_VSA2', 'SMR_VSA8', 'VSA_EState1']","[0.2179971163369891, -0.06411442315556908, -0.05814349819973267]","
You are a biomedical expert.

A machine learning model predicted a drug property.

The most influential molecular descriptors were:

- SMR_VSA2: 0.218
- SMR_VSA8: -0.064
- VSA_EState1: -0.058


Explain in biomedical and chemical terms why these descriptors influence the prediction.
Avoid mentioning SHAP or machine learning terminology.
"," In the context of predicting a drug property, molecular descriptors serve as numerical values that characterize specific chemical and structural features of a drug molecule. These descriptors help to quantify the physical and chemical properties of a compound, which can significantly impact its biological behavior.

1. SMR_VSA2: This molecular descriptor likely refers to a volume surface area (VSA) descriptor based on the second order (2nd) moments of the molecular surface area (MSA). The higher the value of this descriptor, the larger the molecular surface area, which may imply a larger molecule with increased lipophilicity or hydrophobicity. These characteristics can influence the drug's absorption, distribution, metabolism, and excretion (ADME) properties, ultimately impacting its efficacy and potential toxicity.

2. SMR_VSA8: This descriptor may be related to the eighth order moments of the molecular surface area, representing higher-order shape features or variations in the molecular surface. A negative value for this descriptor suggests a relatively flatter or more planar molecule. The impact of this property on drug behavior can be diverse, as it may influence the drug's ability to interact with target sites, penetrate cell membranes, or bind to transport proteins, ultimately affecting the drug's pharmacokinetics and pharmacodynamics.

3. VSA_EState1: This descriptor might refer to a voltage surface area (VSA) descriptor associated with the first electronic state of the molecule. A lower value for this descriptor suggests a more stable electronic state, which may imply a lower reactivity or electrophilicity of the drug molecule. This reduced reactivity could affect the drug's potential to form covalent bonds with biological macromolecules, such as enzymes or DNA, which might be beneficial in minimizing off-target interactions and toxicity. However, lower reactivity could also mean a reduced ability to bind effectively to the intended target, potentially impacting the drug's efficacy.

In summary, these molecular descriptors play essential roles in characterizing the structural and electronic properties of a drug molecule, which can significantly impact its pharmacological behavior and ultimately predict its properties in a biological system. By understanding the influence of these descriptors, we can design more effective and safer drug candidates."
ADME_HLM,14,mistral,biomedical,3,"['SMR_VSA2', 'PEOE_VSA11', 'MinEStateIndex']","[-0.3703124793866585, -0.04085525458495918, 0.04030821216996489]","
You are a biomedical expert.

A machine learning model predicted a drug property.

The most influential molecular descriptors were:

- SMR_VSA2: -0.370
- PEOE_VSA11: -0.041
- MinEStateIndex: 0.040


Explain in biomedical and chemical terms why these descriptors influence the prediction.
Avoid mentioning SHAP or machine learning terminology.
"," In the context of predicting drug properties, molecular descriptors are quantitative attributes calculated to represent the structure and properties of a compound. Here's a brief explanation of how the three descriptors you mentioned could influence the prediction:

1. SMR_VSA2 (-0.370): SMR (Spectral Molecular Replacement) descriptors are derived from the Fourier transform of a molecular structure's electron density. VSA (Vibrational Second Derivative Analysis) descriptors are a subset of SMR descriptors that are based on the second derivative of the molecular vibrational density of states (VDOS). The negative value of SMR_VSA2 suggests that this particular descriptor is contributing negatively to the predicted drug property, indicating a possible structural feature or electronic distribution that negatively impacts the property.

2. PEOE_VSA11 (-0.041): PEOE (Polar EOE, Electrotopological State Vector) descriptors are derived from the topological analysis of molecular electron density. VSA descriptors, as mentioned earlier, are based on the second derivative of the molecular vibrational density of states. The negative value of PEOE_VSA11 suggests that this descriptor, which likely captures some aspect of the compound's polarity or electron distribution, is contributing negatively to the predicted drug property, indicating a possible structural feature or electronic distribution that negatively impacts the property.

3. MinEStateIndex (0.040): This descriptor is related to the electronic distribution of a molecule and specifically focuses on the number of electrons in the lowest unoccupied molecular orbital (LUMO). A positive value of MinEStateIndex suggests that the molecule has more electrons in the LUMO, which could potentially impact the drug property by influencing the molecule's reactivity, electron transfer, or binding affinity. The positive value indicates that this descriptor is contributing positively to the predicted drug property, suggesting a structure that positively impacts the property."
ADME_HLM,15,mistral,biomedical,3,"['SMR_VSA2', 'NumHDonors', 'NumHAcceptors']","[0.30812817605430065, -0.05481160870561824, -0.05454763053038437]","
You are a biomedical expert.

A machine learning model predicted a drug property.

The most influential molecular descriptors were:

- SMR_VSA2: 0.308
- NumHDonors: -0.055
- NumHAcceptors: -0.055


Explain in biomedical and chemical terms why these descriptors influence the prediction.
Avoid mentioning SHAP or machine learning terminology.
"," In the context of predicting drug properties, these molecular descriptors play crucial roles due to their impact on the drug's chemical and biological behavior.

1. SMR_VSA2 (Spectral Molecular Replacement - Volume Solvent Accessible Area 2): This descriptor reflects the size and shape of the drug molecule. Larger or more complex molecules may have altered absorption, distribution, metabolism, and excretion (ADME) properties, which can influence the drug's effectiveness and potential toxicity. A high SMR_VSA2 value suggests a more accessible drug molecule that may be more prone to interactions with biological targets or other molecules in the body.

2. NumHDonors (Number of Hydrogen Donors): These are atom sites on the drug molecule that can potentially donate a hydrogen atom, often forming hydrogen bonds. Hydrogen bonding is an essential non-covalent interaction in biology, contributing to the drug's affinity for its target, stability, and solubility. A lower number of hydrogen donors may result in weaker interactions with biological targets, leading to a less potent drug.

3. NumHAcceptors (Number of Hydrogen Acceptors): These are atom sites on the drug molecule that can potentially accept a hydrogen atom, often forming hydrogen bonds as well. Similar to hydrogen donors, hydrogen acceptors play a significant role in drug-target interactions. A lower number of hydrogen acceptors may also result in weaker interactions with biological targets, potentially leading to a less effective drug.

In summary, the predicted drug property is likely influenced by the drug's size and shape, as well as its ability to form hydrogen bonds through hydrogen donors and acceptors. These factors collectively impact the drug's ADME properties, potency, and interaction with biological targets."
ADME_HLM,16,mistral,biomedical,3,"['BCUT2D_LOGPLOW', 'fr_pyridine', 'SMR_VSA2']","[0.09248474806044574, 0.0877058089637504, -0.07404505184544748]","
You are a biomedical expert.

A machine learning model predicted a drug property.

The most influential molecular descriptors were:

- BCUT2D_LOGPLOW: 0.092
- fr_pyridine: 0.088
- SMR_VSA2: -0.074


Explain in biomedical and chemical terms why these descriptors influence the prediction.
Avoid mentioning SHAP or machine learning terminology.
"," In the context of drug property prediction, these molecular descriptors play crucial roles in determining the pharmacological behavior of a compound.

1. BCUT2D_LOGPLOW (Octanol-water partition coefficient, logP) is a measure of a compound's lipophilicity, which refers to its tendency to dissolve in lipids or oils compared to water. This property is significant in drug design as it helps predict a compound's ability to penetrate biological membranes, a critical factor for drug absorption, distribution, and metabolism. A higher logP value indicates a more lipophilic compound, suggesting better membrane permeability. However, excessively high logP values can lead to poor water solubility, which may hamper drug bioavailability.

2. fr_pyridine (Pyridine-like) is a descriptor that indicates the presence of a pyridine moiety in the compound structure. Pyridine is a basic heterocyclic aromatic organic compound, which, when incorporated into a drug molecule, can contribute to its basicity, hydrogen bond donor capacity, and potential to interact with biomolecules, such as enzymes or DNA. This interaction is crucial for the drug's pharmacodynamic and pharmacokinetic behavior.

3. SMR_VSA2 (Second Moment of the Renyi-2 Energy) is a descriptor related to the compound's electrostatic properties. This property provides information about the compound's electron density distribution, which can affect its reactivity, solubility, and ability to interact with other molecules, including drug targets. A more negative value suggests a higher electron density, which may make the compound more polar or acidic. This could influence the compound's behavior in various biological environments and its interaction with other molecules, such as proteins or nucleic acids.

In summary, these molecular descriptors help predict the drug property by providing information about the compound's lipophilicity, structure, and electrostatic properties, which are critical factors in determining a drug's pharmacological behavior."
ADME_HLM,17,mistral,biomedical,3,"['SMR_VSA2', 'PEOE_VSA13', 'PEOE_VSA14']","[0.31526420977850755, 0.08408805450106194, 0.07406310419420263]","
You are a biomedical expert.

A machine learning model predicted a drug property.

The most influential molecular descriptors were:

- SMR_VSA2: 0.315
- PEOE_VSA13: 0.084
- PEOE_VSA14: 0.074


Explain in biomedical and chemical terms why these descriptors influence the prediction.
Avoid mentioning SHAP or machine learning terminology.
"," In the context of drug property prediction, molecular descriptors are numerical values that represent specific chemical properties of a compound. They help in understanding the structural and electronic characteristics of a drug molecule, which can significantly impact its biological behavior.

1. SMR_VSA2 (Spectral Moment Ratio, Vertical Second Axis): This descriptor quantifies the distribution of electron density in a molecule, focusing on the second vertical axis. A higher value (0.315 in this case) might suggest a more polar molecule, meaning it has a greater affinity for polar solvents and may interact more effectively with polar proteins or other biomolecules.

2. PEOE_VSA13 (Polar Electronic Orientation, Vertical Axis, Term 13): This descriptor reflects the orientation of the molecular dipole moment, which is a measure of the separation of positive and negative charges within the molecule. A higher value (0.084) might indicate a molecule with a more pronounced dipole moment, making it more likely to interact with charged or polar regions of biological targets, thereby influencing its biological activity.

3. PEOE_VSA14 (Polar Electronic Orientation, Vertical Axis, Term 14): Similar to PEOE_VSA13, this descriptor also measures the orientation of the molecular dipole moment. However, it may provide additional information about the orientation of the molecular dipole with respect to the principal axis of the molecule. A higher value (0.074) might suggest that the molecule has a specific orientation that could be important for its interaction with biological targets, thereby affecting its drug property.

In summary, these molecular descriptors influence the predicted drug property by reflecting various aspects of the molecular structure, such as polarity, dipole moment orientation, and molecular geometry, which collectively contribute to the molecule's ability to interact with its biological target and exhibit the desired drug activity."
ADME_HLM,18,mistral,biomedical,3,"['SlogP_VSA3', 'HallKierAlpha', 'NumHeteroatoms']","[0.059788512591336614, 0.05661450259904877, 0.03922364650186998]","
You are a biomedical expert.

A machine learning model predicted a drug property.

The most influential molecular descriptors were:

- SlogP_VSA3: 0.060
- HallKierAlpha: 0.057
- NumHeteroatoms: 0.039


Explain in biomedical and chemical terms why these descriptors influence the prediction.
Avoid mentioning SHAP or machine learning terminology.
"," In the context of predicting drug properties, molecular descriptors are numerical values assigned to a molecule that can be used to describe its structural and physicochemical properties. These descriptors help to understand the behavior of a molecule within a biological system, such as absorption, distribution, metabolism, excretion, and toxicity (ADMET). Let's examine the three most influential molecular descriptors mentioned:

1. SlogP_VSA3 (Octanol-Water Partition Coefficient): This descriptor quantifies the hydrophobicity or lipophilicity of a molecule, which is a crucial factor in drug absorption, distribution, and metabolism. Lipophilic molecules tend to distribute more in lipids (such as cell membranes) rather than water, which can affect their solubility, permeability, and bioavailability. A higher SlogP value indicates a more lipophilic molecule. In this case, a SlogP_VSA3 value of 0.060 suggests that the predicted drug has moderate lipophilicity, which may influence its absorption and distribution properties.

2. HallKierAlpha: Also known as the constitutional polarity index, HallKierAlpha is a measure of a molecule's polarity. Polarity is a critical factor in drug solubility, which affects a drug's bioavailability and ability to dissolve in biological fluids. Polar molecules have a higher affinity for water, whereas nonpolar molecules prefer lipids. A higher HallKierAlpha value indicates a more polar molecule. In this case, a HallKierAlpha value of 0.057 suggests that the predicted drug has moderate polarity, which may influence its solubility and bioavailability.

3. NumHeteroatoms: This descriptor represents the number of atoms in a molecule that are not carbon or hydrogen atoms (i.e., heteroatoms such as nitrogen, oxygen, sulfur, etc.). Heteroatoms can significantly impact drug properties, including reactivity, metabolism, and interaction with biological targets. For example, oxygen and nitrogen atoms can form hydrogen bonds with biomolecules, which may enhance drug-target interactions and improve drug efficacy. In contrast, sulfur atoms may increase drug toxicity or reactivity. In this case, a NumHeteroatoms value of 0.039 suggests that the predicted drug contains a few heteroatoms, which may influence its reactivity, metabolism, and drug-target interactions."
ADME_HLM,19,mistral,biomedical,3,"['SMR_VSA2', 'fr_nitrile', 'NumRotatableBonds']","[0.0874261420494265, -0.0524136881192749, -0.05133541667679416]","
You are a biomedical expert.

A machine learning model predicted a drug property.

The most influential molecular descriptors were:

- SMR_VSA2: 0.087
- fr_nitrile: -0.052
- NumRotatableBonds: -0.051


Explain in biomedical and chemical terms why these descriptors influence the prediction.
Avoid mentioning SHAP or machine learning terminology.
"," In biomedical and chemical terms, these molecular descriptors are indicators that provide insights into the structural and physicochemical properties of the drug molecules, which can impact their pharmacological behavior and drug-like properties.

1. SMR_VSA2 (Synthetic Activity Vector 2): This descriptor represents a vector of calculated properties based on the molecular structure, which can include electrostatic, hydrophobic, and steric properties. A higher value (0.087 in this case) might suggest a more hydrophobic (lipophilic) molecule, which could influence the drug's ability to permeate cell membranes, thereby affecting its absorption, distribution, and possibly its efficacy.

2. fr_nitrile (fraction of nitrile groups): Nitrile groups (-CN) are electron-withdrawing functional groups that can impact the molecule's polar character, hydrogen bonding capacity, and reactivity. A lower value (-0.052) might indicate a lower number of nitrile groups, which could lead to a less polar molecule, potentially altering its solubility, metabolism, and drug-protein interactions.

3. NumRotatableBonds: This descriptor represents the number of bonds that can rotate freely around their axis, which can influence a molecule's flexibility and conformational changes. A lower value (-0.051) might indicate a less flexible molecule, which could impact its ability to bind to specific targets, interact with biological systems, and exhibit desirable pharmacological activities."
ADME_HLM,20,mistral,biomedical,3,"['SMR_VSA2', 'PEOE_VSA7', 'VSA_EState1']","[-0.3213124989038914, -0.04048259275260229, -0.03583626573685337]","
You are a biomedical expert.

A machine learning model predicted a drug property.

The most influential molecular descriptors were:

- SMR_VSA2: -0.321
- PEOE_VSA7: -0.040
- VSA_EState1: -0.036


Explain in biomedical and chemical terms why these descriptors influence the prediction.
Avoid mentioning SHAP or machine learning terminology.
"," In biomedical and chemical terms, these molecular descriptors are quantitative properties that help characterize the structure and behavior of a drug molecule.

1. SMR_VSA2 (-0.321) refers to the Volume Surface Area (VSA) descriptor calculated from a Volume Surface Area Scale (SMR). This descriptor provides information about the three-dimensional size and shape of the drug molecule, which can influence its interaction with biological targets and the overall pharmacokinetic properties such as absorption, distribution, metabolism, and excretion. A negative value suggests that a larger volume or a more complex shape may be associated with the predicted drug property.

2. PEOE_VSA7 (-0.040) stands for the PolyElectrolyte (PEOE) descriptor on the 7th scale of the Volume Surface Area Scale (VSA7). This descriptor quantifies the charge distribution and polarity of the drug molecule, which are crucial factors in determining its interactions with charged biological targets like proteins, enzymes, and ion channels. A negative value indicates a more polar or charged drug molecule, which may contribute to the predicted drug property.

3. VSA_EState1 (-0.036) is a descriptor related to the Electronic State (EState) scale of the Volume Surface Area Scale (VSA1). This descriptor provides information about the electronic properties of the drug molecule, such as electron density, which play a significant role in determining chemical reactivity, binding affinity, and overall pharmacological activity. A negative value suggests that the drug molecule may have a higher electron density or a more electronegative character, which could impact the predicted drug property.

In summary, the predicted drug property is influenced by the molecular descriptors because they provide insights into the size, shape, charge distribution, polarity, and electronic properties of the drug molecule, all of which can affect its interaction with biological systems and its overall pharmacological behavior."
ADME_HLM,21,mistral,biomedical,3,"['SMR_VSA2', 'PEOE_VSA11', 'EState_VSA7']","[0.2564494439133886, 0.05907199567403336, -0.048335164909287166]","
You are a biomedical expert.

A machine learning model predicted a drug property.

The most influential molecular descriptors were:

- SMR_VSA2: 0.256
- PEOE_VSA11: 0.059
- EState_VSA7: -0.048


Explain in biomedical and chemical terms why these descriptors influence the prediction.
Avoid mentioning SHAP or machine learning terminology.
"," In the context of predicting drug properties, molecular descriptors are numerical values that help characterize a compound's structure and properties. They can significantly influence the prediction as they provide insights into the chemical and physical properties of the drug molecule, which in turn affect its biological behavior.

1. SMR_VSA2 (Spectral Moment Ratio, second vertical symmetry axis): This descriptor indicates the symmetry of the electron density distribution in the molecule. For a drug to interact effectively with its target, it needs to have the appropriate shape and electron distribution to form stable complexes. A higher value of SMR_VSA2 suggests a more symmetrical molecule, which may be beneficial for drugs that require specific geometric fits with their target sites, such as enzyme active sites.

2. PEOE_VSA11 (Polar Electron Density-Weighted Surface Area, 11th Vertical Moment): This descriptor provides information about the polar surface area (PSA) of the molecule, which represents the total surface area of the polar atoms (e.g., oxygen, nitrogen, and heteroatoms) in the molecule. A high PEOE_VSA11 value implies a larger polar surface area, indicating that the molecule has more polar functional groups that can interact with water or other polar molecules, as well as with charged or polar regions on biological targets. This interaction can influence a drug's solubility, permeability, and pharmacokinetic properties, which are essential for the drug's efficacy and safety.

3. EState_VSA7 (Electronic State, 7th Vertical Moment): This descriptor quantifies the distribution of electrons in the molecule along its vertical symmetry axis. A lower value of EState_VSA7 suggests that the electrons are more concentrated towards the periphery of the molecule, indicating that the molecule may have electron-rich regions that can participate in hydrogen bonding, electrostatic interactions, or other charge-transfer interactions. These interactions play a crucial role in determining the drug's affinity for its target, as well as its pharmacodynamic properties.

In summary, the influence of these molecular descriptors on the prediction of drug properties stems from their role in characterizing the shape, electron distribution, and polar surface area of the drug molecule. These properties are essential for understanding the drug's behavior within the biological environment and for predicting its overall efficacy and safety."
ADME_HLM,22,mistral,biomedical,3,"['SMR_VSA2', 'BCUT2D_MRLOW', 'HeavyAtomCount']","[-0.15397965220698093, 0.11287868924119274, -0.09660831006593053]","
You are a biomedical expert.

A machine learning model predicted a drug property.

The most influential molecular descriptors were:

- SMR_VSA2: -0.154
- BCUT2D_MRLOW: 0.113
- HeavyAtomCount: -0.097


Explain in biomedical and chemical terms why these descriptors influence the prediction.
Avoid mentioning SHAP or machine learning terminology.
"," In the context of predicting drug properties, these molecular descriptors play crucial roles due to their influence on various aspects of a drug's chemical structure, pharmacokinetics, and pharmacodynamics.

1. SMR_VSA2 (-0.154): This descriptor refers to the Surface-Molecular-Raidius (SMR) in the Vertical-Stacked-Atom (VSA) model at the second atomic layer. The lower value (-0.154) implies a smaller surface molecular radius at this level, indicating a more compact molecular shape. A compact structure may impact drug properties such as solubility, permeability, and binding affinity with the target, ultimately influencing the drug's efficacy and potential side effects.

2. BCUT2D_MRLOW (0.113): BCUT stands for Balaban's Connectivity Univalent Scales. The descriptor BCUT2D_MRLOW represents the second-order Balaban's Connectivity Univalent Scalar with a lower molecular weight limit. A higher value (0.113) suggests a more complex molecular structure, with a higher degree of branching and heteroatoms (such as nitrogen, oxygen, or sulfur). This complexity can affect drug properties like lipophilicity, hydrogen bond donation/acceptance, and metabolic stability.

3. HeavyAtomCount (-0.097): This descriptor simply counts the number of heavy atoms (atoms other than hydrogen) in a molecule. A lower value (-0.097) indicates fewer heavy atoms in the drug molecule. The count of heavy atoms can influence various drug properties, such as the overall size and shape of the molecule, its polarization, and its susceptibility to metabolic reactions. For example, a lower heavy atom count may lead to a smaller and less polar molecule, which could improve drug absorption and distribution in the body but potentially reduce the drug's potency.

In summary, the influential molecular descriptors mentioned here (SMR_VSA2, BCUT2D_MRLOW, and HeavyAtomCount) help predict drug properties by reflecting aspects of a drug's chemical structure, such as its size, shape, complexity, and polarity, all of which can impact drug behavior and efficacy within the body."
ADME_HLM,23,mistral,biomedical,3,"['BCUT2D_MWHI', 'fr_nitrile', 'VSA_EState1']","[-0.09817505558196137, -0.07112385854891666, -0.055556395542283914]","
You are a biomedical expert.

A machine learning model predicted a drug property.

The most influential molecular descriptors were:

- BCUT2D_MWHI: -0.098
- fr_nitrile: -0.071
- VSA_EState1: -0.056


Explain in biomedical and chemical terms why these descriptors influence the prediction.
Avoid mentioning SHAP or machine learning terminology.
"," In the context of predicting drug properties, these molecular descriptors play crucial roles due to their direct impact on the chemical and biological behavior of the drug molecules.

1. BCUT2D_MWHI (Molecular Weight and Polarizability 2D Balanced Complete Ugol't-Condon Theoretical Index): This descriptor indicates the size and polarizability of the drug molecule. The negative value suggests that larger, more polarizable molecules are predicted to exhibit the property in question. Larger molecules can interact with more sites in a biological system, increasing the potential for drug-target interactions. Polarizable molecules can also form dipoles, which can influence their solubility, distribution, and interactions with biological macromolecules.

2. fr_nitrile (-N=C- group): The presence of this functional group (nitrile) in a drug molecule often imparts hydrophobic and electron-withdrawing properties. Negative values suggest that the model predicts the presence of this group and its contribution to the drug property. Nitrile groups can interact with biological systems through hydrophobic interactions, van der Waals forces, and hydrogen bonding with other functional groups. They can also alter the electronic distribution and reactivity of the drug molecule, which can influence its pharmacological properties.

3. VSA_EState1 (Vertical Electronic Energy State 1): This descriptor relates to the electron distribution and energy levels of the drug molecule. The negative value suggests that the molecule has a lower energy in its first excited state compared to the ground state, which can influence its reactivity and interactions with biological systems. Lower energy excited states can make the drug molecule more reactive, potentially leading to stronger drug-target interactions. Additionally, changes in electron distribution can affect the ability of the drug molecule to form hydrogen bonds, ionic interactions, and other non-covalent interactions with biomolecules.

In summary, these molecular descriptors influence the predicted drug property due to their effects on size, polarity, electronic distribution, reactivity, and functional group contributions, all of which play significant roles in drug-target interactions and pharmacological behavior."
ADME_HLM,24,mistral,biomedical,3,"['SMR_VSA2', 'PEOE_VSA13', 'EState_VSA8']","[-0.34438428313607944, -0.04960078373076185, -0.04343578304191213]","
You are a biomedical expert.

A machine learning model predicted a drug property.

The most influential molecular descriptors were:

- SMR_VSA2: -0.344
- PEOE_VSA13: -0.050
- EState_VSA8: -0.043


Explain in biomedical and chemical terms why these descriptors influence the prediction.
Avoid mentioning SHAP or machine learning terminology.
"," In the context of predicting drug properties, molecular descriptors play a crucial role as they quantify various chemical and structural features of a compound. Let's examine the influence of the mentioned molecular descriptors for the predicted drug property:

1. SMR_VSA2 (Surface-Modified Radius of Gyration, VSA2): This descriptor quantifies the three-dimensional size and shape of the molecule, particularly focusing on the distribution of the mass around the center of gravity. A more negative value suggests a larger and more irregular shape, which could potentially influence drug properties like solubility, permeability, and pharmacokinetics.

2. PEOE_VSA13 (Polar/Equatorial Orientation, VSA13): This descriptor measures the distribution of polar and apolar groups within a molecule's plane (equatorial orientation) and perpendicular to it (polar orientation). A negative value indicates an increased number of polar groups oriented toward the equator (plane of the molecule), which could contribute to the compound's hydrophilicity and potentially affect drug-protein interactions, absorption, and distribution.

3. EState_VSA8 (Electronic State, VSA8): This descriptor quantifies the electron-donating or electron-withdrawing properties of the molecule. A negative value implies an electron-withdrawing effect, which can alter the molecule's basicity, acidity, and reactivity. This, in turn, could influence drug properties such as affinity for certain protein targets, drug-drug interactions, and metabolism.

In summary, the molecular descriptors SMR_VSA2, PEOE_VSA13, and EState_VSA8 influence the predicted drug property by quantifying the compound's size, shape, polarity, electron-donating or withdrawing properties, and distribution of polar and apolar groups. These factors can significantly affect various drug properties, such as solubility, permeability, pharmacokinetics, drug-protein interactions, and metabolism."
ADME_HLM,25,mistral,biomedical,3,"['SMR_VSA2', 'SMR_VSA7', 'SlogP_VSA10']","[-0.19552062803794001, 0.056869035830328325, -0.04526652675147337]","
You are a biomedical expert.

A machine learning model predicted a drug property.

The most influential molecular descriptors were:

- SMR_VSA2: -0.196
- SMR_VSA7: 0.057
- SlogP_VSA10: -0.045


Explain in biomedical and chemical terms why these descriptors influence the prediction.
Avoid mentioning SHAP or machine learning terminology.
"," In the context of predicting drug properties, molecular descriptors play a crucial role as they quantify various physicochemical and structural features of a drug molecule. These descriptors help to understand the behavior of a drug within a biological system.

1. SMR_VSA2: This descriptor is likely related to the polar surface area (PSA) of the molecule. PSA is a measure of the total surface area of polar groups in a molecule, including hydroxyl (OH), amide (NHCO), and carboxyl (COOH) groups. A negative value suggests a smaller polar surface area, which may indicate a more lipophilic or hydrophobic molecule, making it less soluble in water and more likely to permeate cell membranes. However, a smaller polar surface area might also reduce the drug's ability to interact with polar biomolecules, such as proteins or polar solvents in the body, which could affect its pharmacokinetics and pharmacodynamics.

2. SMR_VSA7: This descriptor might be associated with the rotatable bond count of the molecule. Rotatable bonds are chemical bonds that allow a molecule to rotate freely, enabling it to adapt to different conformations. A higher rotatable bond count indicates greater molecular flexibility, which can potentially increase the number of possible interactions with biological targets and improve a drug's binding affinity. A positive value suggests a higher rotatable bond count, indicating greater flexibility in the molecule.

3. SlogP_VSA10: This descriptor is probably linked to the octanol-water partition coefficient (LogP) of the molecule. LogP represents the ratio of the concentration of a compound in octanol (a hydrophobic solvent) to its concentration in water (a hydrophilic solvent) at equilibrium. A negative value suggests a lower LogP, indicating a more hydrophilic molecule that is more soluble in water and less likely to permeate cell membranes. A lower LogP may also result in faster drug elimination from the body due to increased water solubility and metabolism, which could affect the drug's efficacy and duration of action.

In summary, the three molecular descriptors influence the prediction of a drug property by providing insights into the drug's physicochemical characteristics, such as its polar surface area, rotatable bond count, and hydrophobicity. These features can impact various drug properties, including solubility, permeability, binding affinity, and elimination rate, which are crucial for understanding a drug's behavior within a biological system and predicting its overall effectiveness."
ADME_HLM,26,mistral,biomedical,3,"['NumHAcceptors', 'NumHDonors', 'SMR_VSA2']","[-0.18842098721245998, -0.10689495075015211, 0.09607374650783339]","
You are a biomedical expert.

A machine learning model predicted a drug property.

The most influential molecular descriptors were:

- NumHAcceptors: -0.188
- NumHDonors: -0.107
- SMR_VSA2: 0.096


Explain in biomedical and chemical terms why these descriptors influence the prediction.
Avoid mentioning SHAP or machine learning terminology.
"," In the context of predicting drug properties, molecular descriptors play a crucial role as they represent numerical attributes of a compound's structure. These descriptors can significantly influence the predicted drug properties, as they provide information about the compound's chemical nature, size, shape, and electronic properties.

1. NumHAcceptors (Number of Hydrogen Acceptors): These are atoms that can form bonds with a hydrogen atom, typically electronegative atoms such as oxygen, nitrogen, and sulfur in a molecule. A higher number of hydrogen acceptors in a drug molecule suggests more potential hydrogen bonding capacity. This can impact the drug's solubility, bioavailability, and interaction with biological targets. For example, a higher number of hydrogen acceptors may enhance the drug's affinity for proteins, thus increasing its pharmacological activity.

2. NumHDonors (Number of Hydrogen Donors): These are atoms that can donate a hydrogen atom, typically basic atoms like nitrogen or heterocyclic rings in a molecule. A higher number of hydrogen donors indicates a basic character of the drug, which can affect its ionization state, solubility, and interactions with other molecules, such as drug-drug interactions or interactions with biological targets. A basic drug may be more prone to ionization in the acidic environment of the stomach, which can impact its absorption and bioavailability.

3. SMR_VSA2 (Substructure Molecular Risk 2 - Volatility and Surface Area): This descriptor is related to a compound's volatility and surface area, which are crucial properties affecting a drug's physical and chemical behavior. Volatility refers to a substance's tendency to evaporate at room temperature, while surface area refers to the exposed surface of a substance that can interact with its environment. A higher SMR_VSA2 value may suggest a more volatile and surface-active compound, which can influence its absorption, distribution, metabolism, excretion, and toxicity (ADMET) properties. For example, a more volatile drug may have increased vaporization loss, leading to lower bioavailability and reduced efficacy. Conversely, a higher surface area may enhance the drug's interaction with biological membranes, potentially improving its absorption and pharmacological activity."
ADME_HLM,27,mistral,biomedical,3,"['SMR_VSA2', 'fr_piperdine', 'fr_phos_acid']","[-0.32342987798514233, 0.043364896034460636, -0.037399155764194]","
You are a biomedical expert.

A machine learning model predicted a drug property.

The most influential molecular descriptors were:

- SMR_VSA2: -0.323
- fr_piperdine: 0.043
- fr_phos_acid: -0.037


Explain in biomedical and chemical terms why these descriptors influence the prediction.
Avoid mentioning SHAP or machine learning terminology.
"," In the context of predicting a drug property, these molecular descriptors play crucial roles due to their implications in a compound's structure and chemical behavior.

1. SMR_VSA2 (-0.323): This descriptor likely refers to the Volume Surface Area (VSA) property of a molecule. VSA is a measure of the three-dimensional shape and size of a molecule, which can significantly influence its interactions with biological targets, such as proteins or enzymes. A negative value for SMR_VSA2 suggests that the molecule has a smaller volume surface area, which may impact its ability to bind effectively with certain targets, hence influencing the predicted drug property.

2. fr_piperdine (0.043): fr_piperdine is a fragment count, indicating the presence of the piperidine ring structure in the molecule. Piperidine is a common heterocyclic organic compound with nitrogen, and it is frequently found in various pharmaceutical compounds due to its versatility in binding to different types of targets. The presence of piperidine can enhance hydrophobic interactions, which may affect the compound's solubility, permeability, and overall bioavailability, potentially impacting the predicted drug property.

3. fr_phos_acid (-0.037): This descriptor refers to the presence of a phosphoric acid (phosphate group) fragment in the molecule. Phosphate groups are vital in many biological processes due to their ability to form ionic bonds and complexes with other molecules. The presence of a phosphate group in a drug molecule can influence its ionization state, charge distribution, and overall reactivity, which can affect its interaction with biological targets and thus the predicted drug property.

In summary, the molecular descriptors influence the prediction by providing information about a compound's size, structure, and reactivity, which collectively impact its behavior and interaction with biological targets, ultimately shaping its potential drug property."
ADME_HLM,28,mistral,biomedical,3,"['SMR_VSA2', 'SlogP_VSA4', 'BCUT2D_CHGLO']","[-0.29958430749749043, 0.10127244423971969, -0.0710325210300128]","
You are a biomedical expert.

A machine learning model predicted a drug property.

The most influential molecular descriptors were:

- SMR_VSA2: -0.300
- SlogP_VSA4: 0.101
- BCUT2D_CHGLO: -0.071


Explain in biomedical and chemical terms why these descriptors influence the prediction.
Avoid mentioning SHAP or machine learning terminology.
"," In the context of predicting drug properties, molecular descriptors are numerical attributes that help characterize the structure of a molecule. These descriptors provide insights into a molecule's physical and chemical properties, which can influence its behavior within biological systems.

1. SMR_VSA2: This descriptor likely refers to the Surface-Mounted Receptor-VSA2 (Virtual Screening Approach). A lower value (-0.300) may suggest that the molecule has a less favorable interaction with the receptor, thereby reducing its potential effectiveness as a drug. A lower affinity for the target receptor can decrease the drug's ability to bind and exert its desired biological effect.

2. SlogP_VSA4: SlogP is a logarithmic octanol-water partition coefficient, which quantifies the distribution of a molecule between octanol (a hydrophobic solvent) and water (a hydrophilic solvent). A higher value (0.101) for SlogP_VSA4 implies that the molecule is more lipophilic (fat-soluble), which can be beneficial for drug absorption and membrane permeability. However, high lipophilicity can also increase the risk of drug-drug interactions and potential toxicity.

3. BCUT2D_CHGLO: This descriptor likely pertains to the Two-Dimensional Birch Molecular Connectivity Index, which focuses on the connectivity of a molecule. A lower value (-0.071) for BCUT2D_CHGLO could indicate a less complex molecule, possibly with fewer functional groups. A less complex molecule might be easier for the body to metabolize and eliminate, but it may also have a shorter half-life and require more frequent dosing."
ADME_HLM,29,mistral,biomedical,3,"['SMR_VSA2', 'SlogP_VSA10', 'VSA_EState5']","[-0.14970147554200725, -0.05207882745645061, -0.04506493506977094]","
You are a biomedical expert.

A machine learning model predicted a drug property.

The most influential molecular descriptors were:

- SMR_VSA2: -0.150
- SlogP_VSA10: -0.052
- VSA_EState5: -0.045


Explain in biomedical and chemical terms why these descriptors influence the prediction.
Avoid mentioning SHAP or machine learning terminology.
"," In the context of predicting drug properties, molecular descriptors play a crucial role as they provide quantitative measurements of a molecule's structural features. Here's a simplified explanation of how the mentioned descriptors could influence the predicted drug property:

1. SMR_VSA2 (-0.150): This descriptor likely measures the volume or size of the molecule. Larger molecules may interact differently with biological targets, potentially altering the predicted drug property. For instance, if the property being predicted is a drug's ability to cross biological membranes, a larger molecule might be less likely to pass through, leading to a lower predicted value.

2. SlogP_VSA10 (-0.052): SlogP is a logarithmic octanol-water partition coefficient, which quantifies a molecule's hydrophobicity or lipophilicity. A more hydrophobic molecule is likely to dissolve better in non-polar solvents and may be more easily absorbed by lipid membranes. If the predicted property is related to absorption, distribution, or metabolism of the drug, the SlogP value could significantly influence the prediction.

3. VSA_EState5 (-0.045): This descriptor probably measures the electrical state of the molecule, which can be influenced by factors such as the presence of charged groups or dipoles. A molecule's electrical state can impact its interaction with other molecules, including biological targets. For example, if the predicted property is a drug's ability to ionize in the body, the VSA_EState5 value could have a substantial impact on the prediction.

In summary, the molecular descriptors SMR_VSA2, SlogP_VSA10, and VSA_EState5 influence the prediction of a drug property because they provide information about the size, hydrophobicity/lipophilicity, and electrical state of the molecule, which are all important factors in determining how a drug interacts with biological systems."
ADME_HLM,30,mistral,biomedical,3,"['SMR_VSA2', 'NumHDonors', 'VSA_EState1']","[0.11171427331590744, -0.0994089519502257, -0.06684585169022061]","
You are a biomedical expert.

A machine learning model predicted a drug property.

The most influential molecular descriptors were:

- SMR_VSA2: 0.112
- NumHDonors: -0.099
- VSA_EState1: -0.067


Explain in biomedical and chemical terms why these descriptors influence the prediction.
Avoid mentioning SHAP or machine learning terminology.
"," In the context of predicting a drug property, the molecular descriptors you've mentioned play crucial roles due to their relationship with a compound's structure, properties, and behavior. Here's an explanation for each:

1. SMR_VSA2: The SMR (Spectral Moment Ratio) is a mathematical function used to quantify molecular properties based on the absorption spectrum of a compound. SMR_VSA2 specifically refers to the second vertical oscillator strength of the compound. This descriptor could influence the drug property prediction because it provides information about the compound's electronic distribution and its ability to donate or accept electrons, which is essential for drug-target interactions and pharmacological activities.

2. NumHDonors: This descriptor represents the number of hydrogen bond donors within the molecule. Hydrogen bond donors usually contain a basic functional group like -OH, -NH, or -NH2. These groups can donate a hydrogen bond to an acceptor, such as -N=, -O-, or -C=O. The number of hydrogen bond donors can affect a drug's affinity for its target, stability, and overall activity. A higher number of hydrogen bond donors might lead to stronger interactions with the target, while a lower number could result in weaker interactions or different types of interactions.

3. VSA_EState1: VSA (Vector Similarity Analysis) is a technique used to measure the similarity between two molecules based on their electronic distribution. VSA_EState1 likely refers to the first electronic state of the compound, which provides information about the energy levels of the electrons in the molecule. This descriptor could influence the drug property prediction since the electronic distribution and energy levels of a molecule are crucial for determining its reactivity, stability, and ability to form bonds, all of which are important factors in drug-target interactions and pharmacological activities.

In summary, the molecular descriptors you've mentioned influence the prediction of a drug property due to their relationships with the compound's electronic distribution, ability to donate or accept electrons, and the presence of hydrogen bond donors, all of which are essential for understanding drug-target interactions and pharmacological activities."
ADME_HLM,31,mistral,biomedical,3,"['SMR_VSA2', 'BCUT2D_MRHI', 'MinEStateIndex']","[-0.24187933772112624, -0.04474086402635319, 0.041451996241591266]","
You are a biomedical expert.

A machine learning model predicted a drug property.

The most influential molecular descriptors were:

- SMR_VSA2: -0.242
- BCUT2D_MRHI: -0.045
- MinEStateIndex: 0.041


Explain in biomedical and chemical terms why these descriptors influence the prediction.
Avoid mentioning SHAP or machine learning terminology.
"," In the context of predicting drug properties, these molecular descriptors play crucial roles due to their specific characteristics that influence the behavior of the drug molecules.

1. SMR_VSA2 (-0.242): This descriptor likely refers to a volume surface area (VSA) property derived from the Simplified Molecular Recognition (SMR) method. The SMR_VSA2 value indicates the second order term of the molecular volume and surface area, suggesting the spatial distribution of atoms in the molecule. This can impact the drug's ability to interact with biological targets, as the shape, size, and surface properties of the drug molecule are essential for binding affinity and selectivity.

2. BCUT2D_MRHI (-0.045): BCUT (Balaban Connectivity Index) is a type of molecular descriptor based on graph theory, which considers the connectivity of atoms within a molecule. The BCUT2D_MRHI descriptor may represent the mean of the second order Balaban connectivity indices calculated over a 2D graph representation of the molecule. This descriptor can provide insights into the electronic properties of the molecule, such as its polarizability, which can affect the drug's interaction with the lipid bilayer of cell membranes or its solubility in various solvents.

3. MinEStateIndex (0.041): This descriptor probably refers to the minimum energy state index of the molecule. The MinEStateIndex indicates the minimum energy conformation of the molecule, which is the most stable and most likely to occur in practice. This descriptor is essential because it influences the overall stability and reactivity of the drug molecule, as well as its ability to interact with biological targets. A lower MinEStateIndex suggests a more flexible and adaptable molecule, which may be beneficial for binding to diverse targets or adopting multiple conformations within a binding site.

In summary, these molecular descriptors help predict drug properties by providing insights into the shape, size, electronic properties, and stability of the drug molecule. Each descriptor contributes unique information that collectively helps to understand the drug's behavior and potential efficacy."
ADME_HLM,32,mistral,biomedical,3,"['SMR_VSA2', 'BCUT2D_CHGHI', 'Chi3n']","[0.36534909332973564, 0.10241959150649547, 0.08598515064796483]","
You are a biomedical expert.

A machine learning model predicted a drug property.

The most influential molecular descriptors were:

- SMR_VSA2: 0.365
- BCUT2D_CHGHI: 0.102
- Chi3n: 0.086


Explain in biomedical and chemical terms why these descriptors influence the prediction.
Avoid mentioning SHAP or machine learning terminology.
"," In the context of drug discovery and property prediction, these molecular descriptors play significant roles in determining the drug's characteristics based on its chemical structure. Let's discuss each of the mentioned descriptors:

1. SMR_VSA2 (Spectral Moment Ratio - Vertical Second Axis): This descriptor quantifies the electron density distribution within the molecule. It can influence the prediction of drug properties because different drug properties are associated with specific electron density distributions. For instance, SMR_VSA2 could impact drug solubility, ionization, and reactivity since these properties rely on the distribution of electrons within a molecule.

2. BCUT2D_CHGHI (Burgess Chemical Uniformity Theory - 2D Chi-Highest Occupied Molecular Orbital - HOMO): BCUT2D_CHGHI represents the degree of delocalization of electrons in a molecule, specifically in the highest occupied molecular orbital (HOMO). This descriptor can influence the prediction of drug properties by affecting the drug's reactivity, charge distribution, and electronic behavior. A higher value indicates more delocalized electrons, which may lead to stronger interactions with biological targets.

3. Chi3n (Chemical Index of Hydrogen-Bond Acceptor Strength): Chi3n quantifies the hydrogen bond donor capacity of a molecule. This descriptor can influence drug predictions since hydrogen bonding plays a crucial role in drug-protein interactions, which is essential for the drug's biological activity. A higher value indicates a stronger hydrogen bond donor capacity, suggesting potential for better binding to biological targets.

In summary, these molecular descriptors influence drug property predictions based on their impact on the drug's electron density distribution, delocalization of electrons, and hydrogen bond donor capacity, all of which are critical factors for drug-protein interactions and drug properties such as solubility, reactivity, and biological activity."
ADME_HLM,33,mistral,biomedical,3,"['SMR_VSA2', 'PEOE_VSA7', 'EState_VSA7']","[0.22050422442322934, -0.04439463518382042, 0.043509975798482196]","
You are a biomedical expert.

A machine learning model predicted a drug property.

The most influential molecular descriptors were:

- SMR_VSA2: 0.221
- PEOE_VSA7: -0.044
- EState_VSA7: 0.044


Explain in biomedical and chemical terms why these descriptors influence the prediction.
Avoid mentioning SHAP or machine learning terminology.
"," In the context of drug property prediction, molecular descriptors serve as numerical features that help characterize the structure and properties of a molecule. These descriptors are crucial as they can influence various drug properties such as pharmacokinetics, pharmacodynamics, and drug-likeness.

1. SMR_VSA2: SMR (Structural Molecular Representations) is a descriptor that captures the molecular connectivity and the spatial arrangement of atoms. SMR_VSA2, specifically, is a VolSurf Atom Pair (VSA) descriptor, which focuses on pairs of atoms and their surrounding environment. The positive value suggests that this descriptor may be associated with increased hydrophobicity or steric bulk, as these factors can affect drug absorption, distribution, and metabolism.

2. PEOE_VSA7: PEOE (Polar surface area of an electron lone pair or hydrogen bond acceptor) is a descriptor that quantifies the polar and hydrophilic character of a molecule. PEOE_VSA7 represents the seventh order of this descriptor, indicating a more complex pattern involving multiple polar or hydrogen-bonding sites in the molecule. A negative value suggests that this descriptor may decrease the predicted drug property, potentially by reducing hydrogen bonding interactions or increasing the polar nature of the drug, which could affect its solubility, drug-target interactions, and pharmacokinetics.

3. EState_VSA7: EState (Electronic State) descriptors focus on electron density distribution and charge characteristics in a molecule. EState_VSA7, similarly to PEOE_VSA7, is a higher-order descriptor, suggesting a more complex pattern related to the electronic distribution in the molecule. A positive value may indicate an electron-rich or electron-donating region in the molecule, which can influence drug-receptor interactions, electrostatic interactions, and reactivity.

In summary, the influence of these molecular descriptors on the predicted drug property lies in their ability to capture the hydrophobic/hydrophilic character, molecular shape, and electronic distribution of the molecule, all of which can have significant impacts on various drug properties and biological behavior."
ADME_HLM,34,mistral,biomedical,3,"['SMR_VSA2', 'EState_VSA8', 'VSA_EState5']","[0.06918550206981368, -0.06015023980151555, -0.04922485160095978]","
You are a biomedical expert.

A machine learning model predicted a drug property.

The most influential molecular descriptors were:

- SMR_VSA2: 0.069
- EState_VSA8: -0.060
- VSA_EState5: -0.049


Explain in biomedical and chemical terms why these descriptors influence the prediction.
Avoid mentioning SHAP or machine learning terminology.
"," In the context of predicting drug properties, molecular descriptors serve as mathematical representations of a compound's structure, which can influence its biological behavior. These descriptors help elucidate the relationships between the molecular structure and its corresponding pharmacological or physicochemical properties.

1. SMR_VSA2: This descriptor likely refers to a surface-area-based molecular property (such as the molecular surface area) calculated using the Verloop-Volkmann-Stockmayer (VSA) method. A higher value for SMR_VSA2 suggests a larger molecular surface area, which can influence drug solubility, permeability, and pharmacokinetics, as a larger surface area may increase the compound's interaction with aqueous environments, membranes, or proteins.

2. EState_VSA8: This descriptor probably represents a hydrophobic/hydrophilic descriptor calculated using the VSA method, often based on the electronegativity of the compound's atoms. A negative value for EState_VSA8 indicates a more hydrophilic (water-loving) molecule, which can influence drug solubility and ionization behavior in aqueous solutions. Hydrophilic drugs tend to be polar and dissolve well in water, whereas hydrophobic drugs have limited solubility and are more lipophilic, favoring non-polar environments.

3. VSA_EState5: Similar to EState_VSA8, this descriptor probably represents a hydrophobic/hydrophilic descriptor but with a slightly different calculation method. A negative value for VSA_EState5 also suggests a more hydrophilic molecule. Hydrophilic and hydrophobic properties can influence drug distribution within the body, as hydrophilic drugs tend to be distributed in aqueous environments like blood, while hydrophobic drugs may be more likely to distribute within lipid-rich tissues like adipose tissue.

In summary, the influence of these molecular descriptors on the predicted drug property stems from their effects on drug solubility, permeability, ionization behavior, distribution, and overall pharmacokinetic and pharmacodynamic properties. By understanding these relationships, scientists and drug developers can design more effective and safer drugs."
ADME_HLM,35,mistral,biomedical,3,"['SMR_VSA2', 'PEOE_VSA7', 'BCUT2D_MRLOW']","[0.14567716929000932, 0.07151157084824118, 0.055704453496294055]","
You are a biomedical expert.

A machine learning model predicted a drug property.

The most influential molecular descriptors were:

- SMR_VSA2: 0.146
- PEOE_VSA7: 0.072
- BCUT2D_MRLOW: 0.056


Explain in biomedical and chemical terms why these descriptors influence the prediction.
Avoid mentioning SHAP or machine learning terminology.
"," In the context of predicting drug properties, these molecular descriptors play significant roles due to their influence on the chemical and physical properties of the drug molecules. Here's a brief explanation for each descriptor:

1. SMR_VSA2: This descriptor refers to the Second Moment of the Scattered Radii (VSA2) of the atoms in a molecule. The Second Moment is a measure of the distribution of the sizes (radii) of the atoms in the molecule. It can impact the predicted property because larger, more dispersed atoms can affect the drug's molecular size, shape, and overall volume, which can influence how the drug interacts with biological targets.

2. PEOE_VSA7: The Polar Electronic Effect (PEOE) descriptor, specifically VSA7, quantifies the electron-donating and electron-accepting capacity of the molecule. This capability is essential for drug-target interactions, as drugs often bind to biological targets through electrostatic interactions, hydrogen bonding, or dipole-dipole interactions. A higher value of PEOE_VSA7 indicates a more polar or ionizable molecule, which may be more likely to form stable bonds with charged biological targets.

3. BCUT2D_MRLOW: This descriptor is a 2D version of the Burger's Cauchy-Weighted Uniformity (BCUT) with Low Moment (MRLOW), which reflects the degree of uniformity in the electron distribution of the molecule. A more uniform electron distribution can lead to better molecular planarity and increased lipophilicity, which can impact drug absorption, distribution, metabolism, and excretion (ADME) properties. A higher value of BCUT2D_MRLOW may indicate a more planar and hydrophobic molecule, which could potentially affect its bioavailability and interaction with cell membranes."
ADME_HLM,36,mistral,biomedical,3,"['SMR_VSA2', 'PEOE_VSA11', 'SlogP_VSA2']","[0.39048983018573286, 0.08507183860038679, 0.07224715123464022]","
You are a biomedical expert.

A machine learning model predicted a drug property.

The most influential molecular descriptors were:

- SMR_VSA2: 0.390
- PEOE_VSA11: 0.085
- SlogP_VSA2: 0.072


Explain in biomedical and chemical terms why these descriptors influence the prediction.
Avoid mentioning SHAP or machine learning terminology.
"," In the context of drug property prediction, these molecular descriptors serve as quantitative measures that provide insight into the chemical structure and behavior of the drug molecule. Let's discuss each one:

1. SMR_VSA2 (Surface-area-related molarcular-property Volume Segmental Area 2): This descriptor quantifies the surface area of the molecule and is related to the solvent-accessible surface area (SASA). A larger value indicates a larger surface area that may interact more readily with the surrounding environment, such as water or biomolecules, which could affect the drug's solubility, bioavailability, and interaction with the target protein.

2. PEOE_VSA11 (Polar-Equatorial-Oriented-Electron molecular-property Volume Segmental Area 11): This descriptor represents the polar or hydrophilic regions of the molecule, which are the parts of the molecule that prefer water or hydrogen bonding interactions. A higher value suggests a more polar molecule, which may be more soluble in water and potentially interact better with polar biomolecules like proteins. This can influence the drug's absorption, distribution, metabolism, and excretion (ADME) properties, as well as its affinity for the target protein.

3. SlogP_VSA2 (Octanol-water partition coefficient Volume Segmental Area 2): This descriptor signifies the hydrophobic or lipophilic nature of the molecule, which refers to the molecule's tendency to interact with nonpolar environments. A higher value suggests a more lipophilic molecule, which may be more soluble in fats and oils, and could potentially improve the drug's absorption and permeability through cell membranes. However, excessive lipophilicity might also lead to problems such as poor water solubility, low bioavailability, and increased metabolism.

In summary, these molecular descriptors reflect the structural features of the drug molecule that influence its properties such as solubility, polarity, and lipophilicity, all of which are essential for understanding the drug's behavior, interaction with the body, and effectiveness as a therapeutic agent."
ADME_HLM,37,mistral,biomedical,3,"['SMR_VSA2', 'NumHeteroatoms', 'VSA_EState10']","[-0.2498861675894557, 0.06493031758390794, 0.055465684504272035]","
You are a biomedical expert.

A machine learning model predicted a drug property.

The most influential molecular descriptors were:

- SMR_VSA2: -0.250
- NumHeteroatoms: 0.065
- VSA_EState10: 0.055


Explain in biomedical and chemical terms why these descriptors influence the prediction.
Avoid mentioning SHAP or machine learning terminology.
"," In the context of predicting drug properties, molecular descriptors are numerical values that quantify various structural or physicochemical properties of a drug molecule. These descriptors can significantly influence the prediction of a drug's behavior, as they reflect essential aspects of the molecule's structure and chemistry. Here's an explanation for each of the mentioned descriptors:

1. SMR_VSA2 (-0.250): This descriptor is related to the VolSurf (Volume-based Surface Area) approach, which calculates molecular surface properties using a three-dimensional structure of the molecule. The SMR_VSA2 descriptor might represent a specific aspect of the hydrophobic/hydrophilic balance of the molecule, which can greatly affect a drug's solubility, permeability, and interaction with biological targets. A negative value for this descriptor suggests a more hydrophilic character, potentially influencing the predicted drug property.

2. NumHeteroatoms (0.065): This descriptor simply counts the number of atoms in the molecule that are not carbon or hydrogen. Heteroatoms, such as nitrogen, oxygen, sulfur, and others, can contribute significantly to a drug's properties due to their participation in various chemical interactions, including hydrogen bonding, ionic bonds, and polar interactions. A higher number of heteroatoms may suggest a more polar or ionizable molecule, potentially influencing the predicted drug property.

3. VSA_EState10 (0.055): This descriptor is also related to the VolSurf method and likely represents the electrostatic potential energy at a specific point (in this case, point 10) on the molecular surface. The electrostatic potential energy is a measure of the energy required to move an electron from the point of interest to infinity. In a drug molecule, the electrostatic potential energy can influence its interaction with biomolecules, such as proteins or DNA, by determining the attractive or repulsive forces between the drug and the biomolecule. A positive value for this descriptor suggests a local positive electrostatic potential, which may contribute to attractive interactions with negatively charged biomolecules, potentially influencing the predicted drug property."
ADME_HLM,38,mistral,biomedical,3,"['SMR_VSA2', 'fr_alkyl_halide', 'VSA_EState1']","[0.29442900723427123, 0.10219927237735917, 0.05291413338995061]","
You are a biomedical expert.

A machine learning model predicted a drug property.

The most influential molecular descriptors were:

- SMR_VSA2: 0.294
- fr_alkyl_halide: 0.102
- VSA_EState1: 0.053


Explain in biomedical and chemical terms why these descriptors influence the prediction.
Avoid mentioning SHAP or machine learning terminology.
"," In the context of predicting drug properties, these molecular descriptors play crucial roles due to their impact on the chemical and pharmacological behavior of the drug molecules.

1. SMR_VSA2 (SpectroMatic Reactivity Descriptors, Variability Secondary Amide): This descriptor quantifies the chemical reactivity of the secondary amide group, a common structural feature in many drugs. A higher value suggests a more reactive secondary amide group, which could influence drug metabolism, binding affinity to target proteins, and overall pharmacological activity.

2. fr_alkyl_halide (fraction of alkyl halide): Alkyl halides are organic compounds containing an alkyl group (a chain of carbon and hydrogen atoms) bonded to a halogen atom (such as chlorine or bromine). The presence of alkyl halides can affect the drug's lipophilicity (fat solubility), which is critical for drug absorption, distribution, and excretion. A higher fraction of alkyl halide might lead to increased lipophilicity and, consequently, altered drug behavior.

3. VSA_EState1 (Vertex Secondary Aromaticity State 1): This descriptor measures the degree of secondary aromaticity, a property that describes the delocalization of electrons around a particular atom, in this case, a vertex in the molecular structure. Aromaticity is important for drug stability and can impact the molecule's ability to interact with biological targets, thereby influencing drug activity. A higher value for VSA_EState1 indicates a greater degree of secondary aromaticity, which could lead to enhanced drug-target interactions and altered drug properties.

In summary, the predicted drug property is influenced by these molecular descriptors due to their roles in determining chemical reactivity, lipophilicity, and aromaticity, which collectively impact the pharmacological behavior of the drug molecules."
ADME_HLM,39,mistral,biomedical,3,"['SMR_VSA2', 'PEOE_VSA7', 'Phi']","[-0.18254880354479655, 0.047147328019428565, -0.042938483272164506]","
You are a biomedical expert.

A machine learning model predicted a drug property.

The most influential molecular descriptors were:

- SMR_VSA2: -0.183
- PEOE_VSA7: 0.047
- Phi: -0.043


Explain in biomedical and chemical terms why these descriptors influence the prediction.
Avoid mentioning SHAP or machine learning terminology.
"," In the context of predicting a drug property, molecular descriptors are numerical quantities calculated to represent properties of a molecule that are useful in drug design and pharmacology. Let's discuss the role of the mentioned descriptors:

1. SMR_VSA2 (Surface-area-related molecular descriptor, Variability Second Moment About the Second Axes): This descriptor quantifies the surface area of a molecule, with a negative value indicating a smaller surface area. Smaller surface areas may influence drug properties such as solubility, absorption, and permeability, as a smaller surface area can restrict interactions with other molecules, thus affecting the drug's behavior within the body.

2. PEOE_VSA7 (Polar Equilibrium Orientation, Variability Second Moment About the First Axes): This descriptor measures the degree of polar orientation in a molecule, with a positive value indicating a higher polar orientation. Polar orientation is crucial in determining a molecule's interactions with other polar molecules, such as water or biological membranes. A higher polar orientation may influence drug properties like solubility, distribution, and binding affinity to biological targets.

3. Phi (Polarizability): Phi is a measure of a molecule's ability to distort its electron cloud in response to an applied electric field. In other words, it represents the molecule's ease of polarization. This property can impact a drug's interaction with electrostatic fields within the body, such as those produced by charged biological molecules. A higher polarizability may lead to stronger interactions, potentially enhancing drug binding or affecting drug distribution throughout the body.

In summary, these molecular descriptors influence the prediction of a drug property by quantifying the surface area, polar orientation, and polarizability of the drug molecule. These properties can affect various aspects of drug behavior, including solubility, permeability, binding affinity, and distribution within the body."
ADME_HLM,40,mistral,biomedical,3,"['SMR_VSA2', 'NumHDonors', 'fr_piperdine']","[-0.24782217191036165, -0.08583837114477604, 0.0701387051511301]","
You are a biomedical expert.

A machine learning model predicted a drug property.

The most influential molecular descriptors were:

- SMR_VSA2: -0.248
- NumHDonors: -0.086
- fr_piperdine: 0.070


Explain in biomedical and chemical terms why these descriptors influence the prediction.
Avoid mentioning SHAP or machine learning terminology.
"," In the context of predicting drug properties, molecular descriptors play a crucial role as they provide quantitative values that describe the structure and properties of a molecule. Let's discuss the influence of the mentioned molecular descriptors on the predicted drug property:

1. SMR_VSA2 (-0.248): SMR_VSA2 (Simplified Molecular-Recognition Feature Volume Surface Area) is a descriptor that quantifies the polar surface area (PSA) of a molecule. The PSA describes the total surface area of polar atoms (such as O, N, and S) in a molecule. A larger PSA value typically indicates a more hydrophilic (water-loving) molecule. This property can influence drug absorption, distribution, metabolism, excretion, and toxicity (ADMET). A negative value for SMR_VSA2 suggests that the drug molecule might have a smaller polar surface area, which could lead to better absorption and potentially improved bioavailability.

2. NumHDonors (-0.086): This descriptor represents the count of hydrogen bond donors (such as NH, OH, and SH) in a molecule. The number of hydrogen bond donors influences the drug's ability to interact with biological targets like proteins or nucleic acids. A higher number of hydrogen bond donors often results in stronger and more stable interactions, which can enhance the drug's efficacy and potency. However, a negative value suggests that the drug molecule might have fewer hydrogen bond donors, which could lead to weaker interactions and potentially lower drug efficacy.

3. fr_piperdine (0.070): This descriptor quantifies the proportion of the piperidine ring in a molecule. Piperidine is a common heterocyclic ring found in many drugs, as it can act as a hydrogen bond acceptor and donor, enhancing drug-receptor interactions. A positive value for fr_piperdine indicates that the drug molecule contains more piperidine rings, which could contribute to improved drug potency and affinity.

In summary, the predicted drug property is influenced by the molecular descriptors in question because they provide information about the drug's polarity, hydrogen bonding capacity, and structural features, which collectively determine its interaction with biological targets and overall pharmacological behavior."
ADME_HLM,41,mistral,biomedical,3,"['SMR_VSA2', 'fr_nitro_arom', 'VSA_EState1']","[0.11066085358092984, 0.06899173053593516, 0.06122786863997847]","
You are a biomedical expert.

A machine learning model predicted a drug property.

The most influential molecular descriptors were:

- SMR_VSA2: 0.111
- fr_nitro_arom: 0.069
- VSA_EState1: 0.061


Explain in biomedical and chemical terms why these descriptors influence the prediction.
Avoid mentioning SHAP or machine learning terminology.
"," In the context of drug property prediction, molecular descriptors are numerical attributes that help characterize the structure and properties of a chemical compound. The three descriptors you've mentioned – SMR_VSA2, fr_nitro_arom, and VSA_EState1 – influence the prediction of a drug property due to their relationship with the chemical structure and properties of the drug molecule.

1. SMR_VSA2: This descriptor is related to the Sterimol Relative Volume Solvent-Accessible Surface Area (RSA), which is a measure of the exposed surface area of a molecule that can interact with solvent molecules. A higher SMR_VSA2 value suggests a larger solvent-accessible surface area, which might influence drug properties such as solubility, bioavailability, and pharmacokinetics.

2. fr_nitro_arom: This descriptor represents the fraction of aromatic nitro groups in a molecule. The nitro group (-NO2) is an electron-withdrawing group, which can affect the electronic properties of the molecule, such as its electron density, dipole moment, and reactivity. The presence of nitro groups can impact the drug's affinity for biological targets, metabolism, and overall activity.

3. VSA_EState1: This descriptor is related to the Electronic State 1 (EST1) of the molecule, which refers to the molecular electronic properties. EST1 includes the energy and electron density distribution of a molecule. Changes in EST1 can influence the drug's ability to interact with biological targets, such as receptors, enzymes, or DNA, which are essential for the drug's pharmacological effect."
ADME_HLM,42,mistral,biomedical,3,"['BCUT2D_MWHI', 'SMR_VSA2', 'PEOE_VSA13']","[-0.09132851199782617, 0.06184592551390746, 0.058822245470941247]","
You are a biomedical expert.

A machine learning model predicted a drug property.

The most influential molecular descriptors were:

- BCUT2D_MWHI: -0.091
- SMR_VSA2: 0.062
- PEOE_VSA13: 0.059


Explain in biomedical and chemical terms why these descriptors influence the prediction.
Avoid mentioning SHAP or machine learning terminology.
"," In the context of predicting drug properties, molecular descriptors are numerical values calculated to quantify different aspects of a compound's structure. These descriptors can significantly influence the predicted drug property due to their relationship with various physicochemical and pharmacological characteristics of the drug molecule.

1. BCUT2D_MWHI: This descriptor is a 2D molecular weight-based partition coefficient calculated using the Balaban's Connectivity Index Theory (BCUT). A negative value for BCUT2D_MWHI suggests a lower hydrophilicity (water-liking) for the molecule, implying that it might be more lipophilic (fat-soluble). Lipophilicity plays a crucial role in drug absorption, distribution, metabolism, and excretion, as well as in the binding affinity of a drug to its target. Therefore, a lower BCUT2D_MWHI value might contribute to the predicted drug property.

2. SMR_VSA2: This descriptor is based on the surface-area-based fragment volume (VSA) approach. A positive value for SMR_VSA2 indicates that the molecule has a larger fragment volume, meaning it likely possesses more complex or bulkier structures. The size and complexity of a drug molecule can impact its ability to interact with biological targets, such as proteins or receptors. A larger fragment volume might lead to a better fit and stronger binding, potentially resulting in a more potent drug effect, hence influencing the predicted drug property.

3. PEOE_VSA13: This descriptor is another surface-area-based fragment volume descriptor, but it focuses on the polar surface area (PSA) and uses a particular fragment with 13 heavy atoms (PEOE stands for Polar Electron-donating Oxygen-containing Ethereal). A positive value for PEOE_VSA13 signifies a higher polar surface area, which is related to the hydrophilicity of the molecule. The polar surface area can affect drug solubility, absorption, distribution, and excretion. A higher polar surface area might lead to improved drug solubility, making it more bioavailable and thus potentially impacting the predicted drug property.

In summary, these molecular descriptors influence the predicted drug property by providing information about the molecule's lipophilicity, size and complexity, and polar surface area, which can collectively impact various pharmacological and physicochemical properties that are essential for drug behavior and efficacy."
ADME_HLM,43,mistral,biomedical,3,"['SMR_VSA2', 'EState_VSA8', 'fr_alkyl_halide']","[0.27615906722809064, 0.11158008609622277, 0.10211940330784655]","
You are a biomedical expert.

A machine learning model predicted a drug property.

The most influential molecular descriptors were:

- SMR_VSA2: 0.276
- EState_VSA8: 0.112
- fr_alkyl_halide: 0.102


Explain in biomedical and chemical terms why these descriptors influence the prediction.
Avoid mentioning SHAP or machine learning terminology.
"," In the context of predicting a drug property, molecular descriptors play a crucial role as they provide quantitative measures of a molecule's structural and physicochemical properties. Here's a brief explanation of how the mentioned molecular descriptors might influence the prediction:

1. SMR_VSA2 (Surface-Modified Radial Distribution Function, van der Waals atom-2): This descriptor quantifies the van der Waals interactions, which are weak but attractive forces between molecules arising from the temporary dipoles induced in the molecules. These interactions are essential for various biological processes, such as drug-protein interactions, and can significantly influence a drug's pharmacokinetics and pharmacodynamics. A higher value (0.276) for this descriptor suggests that the molecule has a stronger tendency to interact with other molecules via van der Waals forces, which could affect its behavior within the biological system.

2. EState_VSA8 (Electronic State - Vertical Electronic Energy Difference at state 8): This descriptor measures the difference in energy between the highest occupied molecular orbital (HOMO) and the lowest unoccupied molecular orbital (LUMO) of a molecule. These orbitals are important in determining a molecule's ability to donate or accept electrons, which are crucial for various chemical reactions, including drug-target interactions. A higher value (0.112) for this descriptor implies a larger energy gap between HOMO and LUMO, suggesting that the molecule might be more challenging to ionize or oxidize, which could impact its biological activity.

3. fr_alkyl_halide: This descriptor indicates the presence of an alkyl halide functional group (an alkyl group bonded to a halogen atom) within the molecule. Alkyl halides are generally lipophilic (fat-soluble) and can act as hydrophobic probes, enhancing a drug's ability to penetrate lipid biomembranes. A higher value (0.102) for this descriptor suggests that the molecule contains more alkyl halide groups, which could enhance its permeability and potentially its bioavailability within the body. However, the presence of halogens can also affect the reactivity and metabolism of a drug, which could influence its overall activity and safety profile."
ADME_HLM,44,mistral,biomedical,3,"['NumHDonors', 'SMR_VSA2', 'VSA_EState4']","[-0.09452388753073494, 0.08156910346519756, 0.059550786142725826]","
You are a biomedical expert.

A machine learning model predicted a drug property.

The most influential molecular descriptors were:

- NumHDonors: -0.095
- SMR_VSA2: 0.082
- VSA_EState4: 0.060


Explain in biomedical and chemical terms why these descriptors influence the prediction.
Avoid mentioning SHAP or machine learning terminology.
"," In the context of predicting drug properties, molecular descriptors serve as numerical characteristics that quantify the structural features of a drug molecule. These descriptors help us understand the physical and chemical properties of a drug and how it interacts with biological systems.

1. NumHDonors (Number of Hydrogen Bond Donors): A hydrogen bond donor is an atom that can donate a hydrogen atom to form a hydrogen bond. This atom is usually bound to an electronegative atom such as nitrogen, oxygen, or carbon with a heteroatom. The higher the number of hydrogen bond donors, the more hydrogen bonds the molecule can form. This can influence the prediction because hydrogen bonding is crucial for the interaction of a drug with biological macromolecules like proteins, DNA, and RNA, which can affect the drug's bioavailability, efficacy, and overall pharmacological behavior.

2. SMR_VSA2 (Spectral Moments Ratio - Vertical Second Amplitude): This descriptor quantifies the distribution of electron density within a molecule and provides information about the molecule's electronic properties. The SMR_VSA2 value can influence the prediction as it reflects the energy difference between the highest occupied molecular orbital (HOMO) and the lowest unoccupied molecular orbital (LUMO). The energy difference between HOMO and LUMO plays a significant role in determining a drug's electrophilicity, nucleophilicity, and reactivity towards various biological targets, which can influence its pharmacological activity.

3. VSA_EState4 (Energy State 4 of Vertical Spectral Abundance): This descriptor also quantifies the distribution of electron density within a molecule, but it focuses on the higher energy regions of the molecule's electronic structure. The VSA_EState4 value can influence the prediction because it offers insights into the molecule's reactivity and its ability to undergo chemical reactions, which can impact the drug's interaction with biological targets and its overall pharmacological activity.

In summary, the three molecular descriptors influence the prediction of a drug property because they provide valuable information about the drug's structural features, electronic properties, and reactivity, which are essential factors that determine the drug's interaction with biological systems and its pharmacological behavior."
ADME_HLM,45,mistral,biomedical,3,"['SMR_VSA2', 'EState_VSA8', 'NumHDonors']","[-0.3487445423520878, -0.07918918322192567, -0.04871779963328822]","
You are a biomedical expert.

A machine learning model predicted a drug property.

The most influential molecular descriptors were:

- SMR_VSA2: -0.349
- EState_VSA8: -0.079
- NumHDonors: -0.049


Explain in biomedical and chemical terms why these descriptors influence the prediction.
Avoid mentioning SHAP or machine learning terminology.
"," In the context of predicting drug properties, these molecular descriptors play crucial roles due to their intrinsic connections with the chemical structure and behavior of a drug molecule.

1. SMR_VSA2 (Spectral Moments Ratio - Vertical Second Additive) is a descriptor that characterizes the electron distribution and polarizability of a molecule. It quantifies the differences in electron density between different regions of the molecule. This descriptor influences the prediction as it provides insight into how a drug molecule may interact with its biological target, which often involves hydrophobic and electrostatic interactions. A more negative value for SMR_VSA2 suggests a more polar molecule, which might have different affinity or activity compared to less polar molecules.

2. EState_VSA8 (Electronic State - Vertical Second Additive) reflects the electron-withdrawing or -donating capacity of a molecule. It measures the tendency of a molecule to donate or accept electrons, which is vital for forming bonds with other molecules, including biological targets. A more negative EState_VSA8 value indicates a more electron-withdrawing molecule, which could affect its reactivity, bioavailability, and ultimately, its drug properties.

3. NumHDonors represents the number of hydrogen bond donor atoms in a molecule. Hydrogen bonding is a critical non-covalent interaction between a molecule and its biological target, often playing a key role in drug-target interactions. The number of hydrogen bond donor atoms in a drug molecule can significantly influence its affinity for the target, its solubility, and its pharmacokinetic properties. A higher number of hydrogen bond donors typically results in stronger interactions with the target, but it may also affect the drug's solubility and bioavailability.

In summary, these molecular descriptors influence the predicted drug property due to their relationships with the electron distribution, polarity, electron-withdrawing/donating capacity, and hydrogen bonding ability of the drug molecule, which are all essential aspects for drug-target interactions and drug behavior in a biological system."
ADME_HLM,46,mistral,biomedical,3,"['SMR_VSA2', 'PEOE_VSA11', 'PEOE_VSA7']","[0.17057022403685973, 0.11396346568506315, 0.06163658663962646]","
You are a biomedical expert.

A machine learning model predicted a drug property.

The most influential molecular descriptors were:

- SMR_VSA2: 0.171
- PEOE_VSA11: 0.114
- PEOE_VSA7: 0.062


Explain in biomedical and chemical terms why these descriptors influence the prediction.
Avoid mentioning SHAP or machine learning terminology.
"," In the context of predicting drug properties, molecular descriptors like SMR_VSA2, PEOE_VSA11, and PEOE_VSA7 play crucial roles by providing quantitative attributes that help characterize a compound's structure, behavior, and interactions.

1. SMR_VSA2 (Surface-area-based Molecular Recognition volume descriptor, Volumetric Segmentation Analysis 2): This descriptor quantifies the overall three-dimensional shape and size of a molecule, particularly focusing on the surface area. A larger SMR_VSA2 value may suggest a larger molecule with a more extensive surface area for potential interactions with biological targets, thus influencing the predicted drug property.

2. PEOE_VSA11 (Polar-Electronic Occupancy, Volumetric Segmentation Analysis 11): This descriptor indicates the degree of polarity and electron distribution within a molecule. A higher PEOE_VSA11 value signifies a more polar molecule with a higher electron density, which can increase the hydrogen bonding ability or electrostatic interactions with biological targets. This, in turn, may affect the predicted drug property.

3. PEOE_VSA7 (Polar-Electronic Occupancy, Volumetric Segmentation Analysis 7): Similar to PEOE_VSA11, this descriptor also provides information about the polarity and electron distribution of a molecule. However, it focuses more on the atom-centered properties, like charge density or atomic polarizability. A higher PEOE_VSA7 value suggests a more polar and electron-rich molecule, which can influence its interactions with biological targets, thereby affecting the predicted drug property.

In summary, these molecular descriptors influence the prediction of drug properties by quantifying aspects such as molecular size, shape, polarity, and electron distribution, all of which are crucial factors in determining a compound's interactions with biological systems."
ADME_HLM,47,mistral,biomedical,3,"['SMR_VSA2', 'NumSaturatedHeterocycles', 'MinAbsPartialCharge']","[0.33052035166304333, 0.06027240253927677, 0.052240786793249346]","
You are a biomedical expert.

A machine learning model predicted a drug property.

The most influential molecular descriptors were:

- SMR_VSA2: 0.331
- NumSaturatedHeterocycles: 0.060
- MinAbsPartialCharge: 0.052


Explain in biomedical and chemical terms why these descriptors influence the prediction.
Avoid mentioning SHAP or machine learning terminology.
"," In the context of predicting drug properties, these molecular descriptors play crucial roles in determining the pharmacological and physicochemical behavior of a compound.

1. SMR_VSA2 (SpectroMetric Reaction-Volume Surface Area 2): This descriptor quantifies the three-dimensional shape and volume of a molecule, which can significantly influence its interactions with biological targets. For instance, a molecule with a larger volume may be more likely to occupy a larger active site on a protein, enhancing its binding affinity. Conversely, a smaller molecule may be more readily absorbed and distributed within the body.

2. NumSaturatedHeterocycles: Heterocycles are rings that contain at least one atom other than carbon (e.g., nitrogen, oxygen, sulfur). The presence of these rings in a molecule can impact its pharmacological properties. Heterocycles often contribute to the stability, solubility, and reactivity of a compound. For example, a compound with multiple heterocycles may exhibit enhanced lipophilicity, which can aid in drug absorption and membrane permeability.

3. MinAbsPartialCharge: This descriptor refers to the lowest absolute value of partial charges distributed across the molecule. Partial charges represent the distribution of electrons within a molecule, which can determine the molecule's ionization state and its electrostatic interactions with other molecules, such as biological targets or other drug molecules. A molecule with a lower minimum absolute partial charge may be less polar and thus more lipophilic, which can influence its distribution within the body and its ability to cross cell membranes. On the other hand, a higher minimum absolute partial charge may indicate a more polar molecule, which could enhance its interaction with hydrophilic biological targets or solvents.

In summary, these molecular descriptors influence the prediction of drug properties by providing insights into the shape, reactivity, and electrostatic behavior of the molecule, which are essential factors in determining its pharmacological and physicochemical properties."
ADME_HLM,48,mistral,biomedical,3,"['SMR_VSA2', 'SlogP_VSA3', 'PEOE_VSA11']","[-0.2092309326108506, 0.06291451945092562, 0.06185122639233647]","
You are a biomedical expert.

A machine learning model predicted a drug property.

The most influential molecular descriptors were:

- SMR_VSA2: -0.209
- SlogP_VSA3: 0.063
- PEOE_VSA11: 0.062


Explain in biomedical and chemical terms why these descriptors influence the prediction.
Avoid mentioning SHAP or machine learning terminology.
"," In the context of drug properties prediction, these molecular descriptors play crucial roles due to their significance in describing the chemical and physical properties of the drug molecules.

1. SMR_VSA2 (-0.209) is a descriptor related to the polar surface area (PSA) of a molecule. PSA is a measure of the total surface area of a molecule that is covered by polar (hydrophilic) groups such as -OH, -NH2, and -COOH. A negative value for SMR_VSA2 suggests that the drug molecule has a relatively small polar surface area, meaning it has fewer polar groups. This can influence drug properties such as solubility, absorption, distribution, metabolism, and excretion (ADME), as well as drug-target interactions.

2. SlogP_VSA3 (0.063) is a descriptor related to the octanol-water partition coefficient (logP) of a molecule. logP is a measure of a compound's lipophilicity or its ability to distribute between octanol (a lipid) and water. A positive value for SlogP_VSA3 indicates that the drug molecule has a certain degree of lipophilicity, meaning it tends to dissolve in lipid-rich environments. This property can influence drug properties such as membrane permeability, bioavailability, and distribution.

3. PEOE_VSA11 (0.062) is a descriptor related to the number of rotatable bonds in a molecule. Rotatable bonds are chemical bonds where the bond angle can change, allowing a molecule to adopt different conformations. A positive value for PEOE_VSA11 suggests that the drug molecule has several rotatable bonds, which can lead to increased conformational flexibility. This property can influence drug properties such as drug-target interactions, binding affinity, and pharmacokinetics.

In summary, these molecular descriptors influence the prediction of drug properties by providing information about the polar/hydrophilic character, lipophilic character, and conformational flexibility of the drug molecule, all of which are crucial factors in understanding and predicting drug behavior in the body."
ADME_HLM,49,mistral,biomedical,3,"['SMR_VSA2', 'VSA_EState9', 'BCUT2D_LOGPLOW']","[-0.09540815901918731, 0.06275223340936763, 0.05352278472976753]","
You are a biomedical expert.

A machine learning model predicted a drug property.

The most influential molecular descriptors were:

- SMR_VSA2: -0.095
- VSA_EState9: 0.063
- BCUT2D_LOGPLOW: 0.054


Explain in biomedical and chemical terms why these descriptors influence the prediction.
Avoid mentioning SHAP or machine learning terminology.
"," In the context of predicting drug properties, molecular descriptors serve as numerical characteristics that help describe and differentiate between various chemical structures. Here's a brief explanation of the influence of the mentioned molecular descriptors on the predicted drug property:

1. SMR_VSA2 (Surface-area-related Virtual Screening Descriptor 2): This descriptor indicates the surface area of the molecule. A more negative value suggests a smaller surface area, which could affect the drug's ability to interact with its target, as a smaller surface area may limit the availability of sites for binding.

2. VSA_EState9 (Electronic State Descriptor 9): This descriptor quantifies the electron-donating or electron-withdrawing properties of a molecule. A positive value for VSA_EState9 implies an electron-withdrawing character, which may impact the drug's ability to donate hydrogen bonds or electrons, potentially affecting its interaction with biological targets.

3. BCUT2D_LOGPLOW (Buchi Color-Unity-Chromophoricity-Valence Force Field 2D LogP): This descriptor represents the hydrophobicity or lipophilicity of a molecule, which is crucial for drug absorption, distribution, metabolism, and excretion (ADME) properties. A higher positive value indicates increased lipophilicity, potentially enhancing the drug's ability to pass through cell membranes and potentially influencing its pharmacokinetic behavior."
