endpoint,sample_id,model,strategy,top_k,features,shap_values,prompt,explanation
ADME_Sol,0,phi3,biomedical,3,"['NumHDonors', 'Chi4v', 'SlogP_VSA6']","[0.08028826390467006, 0.06234779232502139, 0.05632665717696757]","
You are a biomedical expert.

A machine learning model predicted a drug property.

The most influential molecular descriptors were:

- NumHDonors: 0.080
- Chi4v: 0.062
- SlogP_VSA6: 0.056


Explain in biomedical and chemical terms why these descriptors influence the prediction.
Avoid mentioning SHAP or machine learning terminology.
","
In the realm of pharmacodynamics and cheminformatics, the molecular descriptors you've provided are critical for understanding a drug's interaction with biological systems. 


- NumHDonors: This represents the number of hydrogen donor sites on a molecule. Hydrogen bond donors are crucial for forming specific and strong interactions with biological targets, which often require hydrogen bonding for proper binding affinity. A molecule with more donor sites increases the likelihood of forming such essential interactions, which can significantly impact a drug's efficacy and potency.


- Chi4v: This is a quantitative measure of molecular shape and its potential to form non-covalent interactions. The Chi4v value relates to the molecular volume as a function of the fourth power of the atomic radii and the number of atoms. Molecules with appropriate size and shape, as indicated by this descriptor, are often better fitted to the target's binding site, thus improving the likelihood of a favorable interaction.


- SlogP_VSA6: SlogP_VSA, or the synthetic Lipophilic Ligand Descriptors, are a set of molecular properties that describe the molecule's lipophilic behavior and electronic distribution, which are essential for the drug's ability to diffuse through the lipid bilayer of cell membranes. A molecule's lipophilicity, often indicated by this descriptor, is a determinant for its absorption and distribution within the body.


The importance of these descriptors in predicting drug properties lies in their ability to provide a snapshot of how a molecule might interact with a biological target, which in turn influences the therapeutic potential of the drug."
ADME_Sol,1,phi3,biomedical,3,"['TPSA', 'SlogP_VSA6', 'Chi4v']","[-0.09207122207548098, -0.0855083958541127, -0.08189123362134108]","
You are a biomedical expert.

A machine learning model predicted a drug property.

The most influential molecular descriptors were:

- TPSA: -0.092
- SlogP_VSA6: -0.086
- Chi4v: -0.082


Explain in biomedical and chemical terms why these descriptors influence the prediction.
Avoid mentioning SHAP or machine learning terminology.
","
The three molecular descriptors mentioned above—TPSA, SlogP_VSA6, and Chi4v—play a crucial role in the prediction of a drug's property by providing valuable information about the molecule's physicochemical characteristics, which are directly related to its behavior in biological systems.


TPSA, or the Topological Polar Surface Area, is a measure of the number of certain types of atoms (hydrogen bond donors and acceptors) present on the surface of the molecule. It's a crucial factor in the permeability of the molecule through biological membranes, which can affect the drug's ability to reach its target in the body. A TPSA value of -0.092 suggests that the molecule has a surface area conducive to interacting with biological membranes without forming too many hydrogen bonds, possibly predicting good absorption properties.


SlogP_VSA6 is a semi-empirical method for predicting the hydrophobicity and electronic properties of molecules, helping to determine their interaction with biological targets and their solubility. A SlogP_VSA6 value of -0.086 indicates the molecule has a balance of hydrophobic and hydrophilic character, which can be advantageous for its ability to interact with biological systems while maintaining enough solubility to be effective.


Chi4v provides information about the molecular volume, which can influence the strength and specificity of the interaction between the drug and its target. A Chi4v of -0.082 suggests that the molecule has a volume conducive to fitting into the binding pocket of a biological target without causing excessive steric hindrance, which could disrupt the interaction.


Together, these descriptors paint a comprehensive picture of the drug's physicochemical properties that are predictive of its behavior in a biological environment, including its absorption, distribution, metabolism, and excretion, which are all critical to its efficacy and safety."
ADME_Sol,2,phi3,biomedical,3,"['TPSA', 'NumHDonors', 'Chi4v']","[0.10355300248823868, 0.05407356264633692, 0.05332097708242068]","
You are a biomedical expert.

A machine learning model predicted a drug property.

The most influential molecular descriptors were:

- TPSA: 0.104
- NumHDonors: 0.054
- Chi4v: 0.053


Explain in biomedical and chemical terms why these descriptors influence the prediction.
Avoid mentioning SHAP or machine learning terminology.
","
In biomedical and chemical contexts, the influential molecular descriptors, such as TPSA, NumHDonors, and Chi4v, play critical roles in the predictive modeling of a drug's properties. 


Tanimoto Coefficient of Adjacency Polar Surface Area (TPSA) is a descriptor that represents the surface area of a molecule that is polar. In essence, it is the sum of the areas of the polar fragments on a molecule's surface. Molecules with larger TPSA values tend to have greater interactions with biological targets, which often require such polar interactions, thus impacting the compound's ability to dissolve in bodily fluids and its accessibility to its target. 


The number of hydrogen donors (NumHDonors) relates to the number of hydrogen atoms that can be donated to form bonds with acceptor atoms in a compound. A higher count typically signifies the presence of acidic functional groups, which can influence the compound's reactivity and, consequently, its pharmacodynamic properties, such as the strength of binding to a target and the likelihood of participating in hydrogen bonding, which is crucial for biological activity.


Chi4v is a molecular complexity index that estimates the fourth most frequent valence electron pair in a molecule. It provides an insight into the molecule's potential conformational flexibility and reactivity. Compounds with lower Chi4v values generally have less steric hindrance, which can aid in the passage through cell membranes and influence the interaction with biological targets.


The model's emphasis on these descriptors likely reflects their direct influence on the physicochemical behavior of the molecule, which in turn dictates the drug's pharmacokinetics (absorption, distribution, metabolism, and excretion) and pharmacodynamics (biological effect). These properties are essential to the efficacy and safety profile of the drug, thus making such descriptors influential in prediction models.


"
ADME_Sol,3,phi3,biomedical,3,"['PEOE_VSA3', 'SlogP_VSA6', 'NumHDonors']","[-0.053479431806700096, -0.05234001895948018, 0.051825320635692146]","
You are a biomedical expert.

A machine learning model predicted a drug property.

The most influential molecular descriptors were:

- PEOE_VSA3: -0.053
- SlogP_VSA6: -0.052
- NumHDonors: 0.052


Explain in biomedical and chemical terms why these descriptors influence the prediction.
Avoid mentioning SHAP or machine learning terminology.
","
PEOE_VSA3 and SlogP_VSA6 are quantitative molecular descriptors that reflect how certain molecular fragments contribute to the overall shape, electrostatic potential, and aromatic character of a molecule, respectively. The negative values suggest that these fragments in the molecules being assessed are less than average for the property in question, which may indicate a reduced ability for the drug to interact with biological targets, depending on the property's nature.


NumHDonors is a descriptor representing the number of hydrogen atoms capable of donating electron pairs in a molecule. The positive value suggests that the molecules under consideration have a higher number of these hydrogen atoms, which could influence its potential as a drug. Hydrogen bond donors are important in the formation of hydrogen bonds, which are critical in drug-receptor interactions.


Together, these descriptors provide a profile of the molecular shape, electronic properties, and potential for hydrogen bonding, which are all key factors in the pharmacokinetics and pharmacodynamics of a molecule, including its absorption, distribution, metabolism, excretion, and mechanism of action within the biological system."
ADME_Sol,4,phi3,biomedical,3,"['fr_quatN', 'Chi4v', 'NumHDonors']","[-0.25786771343713244, 0.06444708763444916, 0.06276709971416616]","
You are a biomedical expert.

A machine learning model predicted a drug property.

The most influential molecular descriptors were:

- fr_quatN: -0.258
- Chi4v: 0.064
- NumHDonors: 0.063


Explain in biomedical and chemical terms why these descriptors influence the prediction.
Avoid mentioning SHAP or machine learning terminology.
","
In the realm of drug discovery and design, the interplay between molecular structure and biological activity is intricate. The descriptors mentioned reflect crucial aspects of molecular geometry and electronic properties which directly impact how a molecule interacts with biological targets.


Starting with fr_quatN, which represents a descriptor linked to the molecular shape or steric factors, the value of -0 endows us with insight into the spatial arrangement of atoms within the molecule. A negative value might suggest that the molecule has a compact shape, potentially facilitating easier passage through cellular membranes or fitting into the binding site of a biological target.


Moving to Chi4v, a descriptor often associated with the electronic aspects of the molecule, particularly the fourth-order term which reflects electron delocalization, a value of 0.064 is subtle yet significant. This implies that there is a moderate level of electron distribution across the molecule, which can affect the ability to engage in hydrogen bonding and other non-covalent interactions essential for molecular recognition in biological contexts.


Lastly, the descriptor NumHDonors quantifies the number of hydrogen atoms capable of donating a proton, and a value of 0.063 indicates that the molecule has a few such hydrogen donors. This is a relevant factor as these hydrogen atoms can play a pivotal role in the binding affinity to a target, especially if the target has complementary sites capable of accepting hydrogen bonds.


In summary, these molecular descriptors provide a nuanced understanding of the molecule's physical and chemical properties that are likely to influence its biological activity by affecting how it interacts with a biological target."
ADME_Sol,5,phi3,biomedical,3,"['VSA_EState3', 'NumHAcceptors', 'Chi4v']","[-0.14471436856316278, -0.11426199685916612, -0.11419996094934494]","
You are a biomedical expert.

A machine learning model predicted a drug property.

The most influential molecular descriptors were:

- VSA_EState3: -0.145
- NumHAcceptors: -0.114
- Chi4v: -0.114


Explain in biomedical and chemical terms why these descriptors influence the prediction.
Avoid mentioning SHAP or machine learning terminology.
","
In the context of predicting drug properties, the molecular descriptors provided, namely VSA_EState3, NumHAcceptors, and Chi4v, play crucial roles in understanding the biophysical behavior of the molecule.


VSA_EState3 (Virtual Screening Automated Property) reflects the electronic state of the molecule which is vital for predicting how a drug will interact with its target. The value, although seemingly small, indicates a subtle electronic characteristic that could influence the binding affinity to biological receptors. A state with a negative value could imply a lower energy state, which might be indicative of a potential energy barrier that the drug molecule must overcome during binding, impacting its efficacy.


NumHAcceptors (Number of Hydrogen Acceptors) signifies the number of atoms within the molecule that can accept a hydrogen atom. This is an essential factor in the drug's ability to form hydrogen bonds, a key interaction that often dictates the strength and specificity of a drug's interaction with its biological target. An increased number of hydrogen acceptors could enhance binding affinity, but the negative weight suggests a balance between too many acceptors, which may lead to undesired interactions, and the optimal number for selective and strong binding.


Chi4v (Hybridized Orbitals - Fourth Value) represents the hybridization state of the fourth valence orbital which affects the molecular geometry. Hybridization influences the three-dimensional shape of the molecule, which in turn affects how well the molec01d can fit into the target's binding site. A negative value in this descriptor might suggest a particular geometry that is either beneficial or detrimental to the drug's efficacy, depending on the specific target and the required shape for binding.


Understanding these descriptors helps us predict how the molecule will behave in a biological system, which is essential for drug design. However, these properties need to be considered in the context of the entire molecular structure and its interaction with the biological target to fully assess the drug's potential."
ADME_Sol,6,phi3,biomedical,3,"['NumHDonors', 'SlogP_VSA5', 'Chi4v']","[0.07068654691898327, 0.05225018469252035, 0.0501778242929948]","
You are a biomedical expert.

A machine learning model predicted a drug property.

The most influential molecular descriptors were:

- NumHDonors: 0.071
- SlogP_VSA5: 0.052
- Chi4v: 0.050


Explain in biomedical and chemical terms why these descriptors influence the prediction.
Avoid mentioning SHAP or machine learning terminology.
","
In the context of predicting a drug property, the molecular descriptors 'NumHDonors', 'SlogP_VSA5', and 'Chi4v' each play a role in determining how a molecule might interact with biological systems.


Starting with 'NumHDonors', which indicates the number of hydrogen-donating sites within the molecule, this descriptor reflects how readily a molecule can form hydrogen bonds. Hydrogen bonding is crucial in the formation of biochemical interactions between the drug and its target, which often involves binding to proteins or other macromolecules in the body. Molecules with an appropriate number of hydrogen donors can thus engage more effectively with biological targets, influencing the drug's efficacy.


Next, 'SlogP_VSA5' represents a descriptor that encapsulates the molecule's partition coefficient, which is a measure of its hydrophobicity and hydrophilicity. This balance affects a drug's ability to cross cellular membranes, with too much hydrophilicity potentially limiting membrane permeability, and too much hydrophobicity possibly leading to poor solubility in bodily fluids. An optimal partition coefficient is vital for ensuring that a drug can reach its target site in the body.


Finally, 'Chi4v' is a descriptor that accounts for the molecule's shape and size, providing insight into how a molecule might fit into the binding pocket of its biological target. Just like a key fits into a lock, a molecule must have the right shape and dimensions to bind effectively with the biological target's active site. This descriptor is essential for predicting the binding affinity and, by extension, the potential efficacy of a drug.


These descriptors are fundamental because they capture the essence of the molecular interactions that are critical for the drug's behavior in a biological system, which directly impacts its ability to elicit a therapeutic effect."
ADME_Sol,7,phi3,biomedical,3,"['SlogP_VSA5', 'Chi4v', 'NumHDonors']","[-0.20798122128985636, -0.1147397880988239, 0.08752653424854934]","
You are a biomedical expert.

A machine learning model predicted a drug property.

The most influential molecular descriptors were:

- SlogP_VSA5: -0.208
- Chi4v: -0.115
- NumHDonors: 0.088


Explain in biomedical and chemical terms why these descriptors influence the prediction.
Avoid mentioning SHAP or machine learning terminology.
","
In biomedical and chemical contexts, the predictive capability of a model concerning a drug's properties can be significantly influenced by various molecular descriptors. Here's a detailed explanation:


SlogP_VSA5: The SlogP_VSA5 descriptor is a molecular property index that encompasses the polarizability and surface area of a molecule. In biomedical terms, the polarizability indicates how easily the electron cloud within a molecule can be distorted by external electric fields, which is important for understanding how the molecule might interact with biological targets, such as proteins. Meanwhile, surface area is a reflection of the molecular size, which influences the drug's absorption and distribution within the body. A molecule with a lower SlogP_VSA5 value may exhibit less polarizability, and potentially a more hydrophobic character, which could affect its ability to be absorbed and to interact with hydrophilic binding sites on proteins.


Chi4v: Chi4v is a molecular descriptor that provides insight into the molecular orbital energies. In essence, it captures information about the electron distribution within a molecule and can be used to predict how a molecule may interact with biological systems. Molecules with different orbital energies may have different reactivities and affinities for biological targets. A negative value indicates specific orbital energy characteristics, which could suggest a certain balance between the energies of occupied and unoccupied orbitals, influencing the molecule's reactivity and its ability to form bonds with biological macromolecules.


NumHDonors: The number of hydrogen donors (also known as proton donors) is a straightforward descriptor that counts the number of sites within a molecule that can donate hydrogen atoms. In a biological context, the ability to donate hydrogen atoms can be critical for forming hydrogen bonds with amino acid residues in the active site of enzymes or with the binding pockets of other proteins. Therefore, the presence of hydrogen donor sites can enhance the likelihood of a molecule interacting with biological targets and potentially modulating their activity, which is particularly relevant for drug efficacy and selectivity.


Each of these descriptors contributes to the model's understanding of how a molecs's structure may influence its interactions with biological systems and, consequently, its pharmacological properties."
ADME_Sol,8,phi3,biomedical,3,"['EState_VSA4', 'Chi4v', 'SlogP_VSA5']","[-0.12494687114151592, -0.11654752070078961, -0.08500288473582396]","
You are a biomedical expert.

A machine learning model predicted a drug property.

The most influential molecular descriptors were:

- EState_VSA4: -0.125
- Chi4v: -0.117
- SlogP_VSA5: -0.085


Explain in biomedical and chemical terms why these descriptors influence the prediction.
Avoid mentioning SHAP or machine learning terminology.
","
In the context of predicting a drug's property, the EState_VSA4, Chi4v, and SlogP_VSA5 molecular descriptors play significant roles as they provide insight into the molecular structure's interactions and behaviors, which can influence biological activity.


EState_VSA4 is a topological descriptor that characterizes the electronic environment of the molecule. It quantifies the steric clashes or fit within a biological target by analyzing the shape and size of the molecule. Since drug-target interactions are often highly shape-dependent, the EState_VSA4 can help in predicting the affinity of the drug to its target, which can be crucial for efficacy.


Chi4v is a descriptor based on the chemical hardness and polarizability of the molecule. It provides information on how easily the electron cloud of a molecule can be distorted by a biological target, which in turn can affect how the drug interacts with the target, as well as its solubility and permeability. A molecule with high hardness and low polarizability might be more suitable for targeting rigid protein structures, for instance.


SlogP_VSA5 is another electronic descriptor that reflects the hydrophobicity and the potential for hydrogen bonding. Drugs often need to interact with hydrophobic pockets in proteins and can form hydrogen bonds with certain amino acids. A descriptor that quantifies these properties helps in predicting the ability of the drug to integrate into these protein regions and to interact with specific amino acids that are crucial for binding.


The negative values for these descriptors suggest characteristics that would favor the drug's desired activity, such as appropriate fit within the target site, suitable electronic properties for interaction, and hydrophobic or hydrogen-bonding potentials that align with the target's requirements."
ADME_Sol,9,phi3,biomedical,3,"['TPSA', 'SlogP_VSA5', 'NumHDonors']","[0.0513338274652742, 0.045620580792897124, 0.038976079187800924]","
You are a biomedical expert.

A machine learning model predicted a drug property.

The most influential molecular descriptors were:

- TPSA: 0.051
- SlogP_VSA5: 0.046
- NumHDonors: 0.039


Explain in biomedical and chemical terms why these descriptors influence the prediction.
Avoid mentioning SHAP or machine learning terminology.
","
In the context of drug design and discovery, the mentioned molecular descriptors play a significant role in predicting a drug's property. The calculated area that is unfavorable for solvation, commonly referred to as the Topological Polar Surface Area (TPSA), is crucial because it indicates the potential for a molecule to cross biological barriers, such as the blood-brain barrier or cell membranes. A molecule with a high TPSA is less likely to be able to penetrate these barriers effectively, which can limit its accessibility to the desired target within the body.


The SlogP_VSA5, which is a variation of the Surface Phase Property (SlogP) specifically for Valence Shell Electron Pair Repulsion (VSEPR) models, provides insight into the hydrophobic and hydrophilic regions of a molecule. This descriptor helps in understanding how the molecule might interact with the lipid bilayer of cell membranes or with specific binding sites that could be hydrophobic in nature.


Lastly, the number of hydrogen donors (NumHDonors) informs us about the potential for hydrogen bonding, which is a key interaction in the binding of a drug to its biological target. A higher NumHDonor count suggests more points of potential hydrogen bond formation, which can significantly impact the strength and specificity of the interaction with the biological target.


The model's high reliance on these descriptors implies that they are critical in assessing the drug's ability to interact with its target and to predict its behavior in a biological system."
ADME_Sol,10,phi3,biomedical,3,"['Chi4v', 'NumHDonors', 'TPSA']","[0.06976773384373999, 0.057312445457506245, 0.04426167916073818]","
You are a biomedical expert.

A machine learning model predicted a drug property.

The most influential molecular descriptors were:

- Chi4v: 0.070
- NumHDonors: 0.057
- TPSA: 0.044


Explain in biomedical and chemical terms why these descriptors influence the prediction.
Avoid mentioning SHAP or machine learning terminology.
","
Chi4v, or the fourth highest atomic number among the atoms in a molecule, is a descriptor that captures the presence of heavy atoms, which can contribute to the drug's interaction with biological targets. Molecules with a higher Chi4v value may form stronger Van der Waals interactions with the target, which is crucial for binding affinity.


NumHDonors quantifies the number of hydrogen atoms that can be donated during the formation of hydrogen bonds with a biological target. A higher value indicates potential for stronger hydrogen bonding, which can increase the specificity and strength of the interaction between the drug and its target.


TPSA, or Topological Polar Surface Area, measures the surface area of a molecule that is occupied by atoms capable of forming hydrogen bonds and is typically involved in hydrogen bonding, such as oxygen and nitrogen. Molecules with a significant TPSA are often more soluble in water, which can affect their ability to be absorbed and reach their target in the body.


These descriptors are essential because they can give insights into the physicochemical properties of a molecule, which directly impact its pharmacokinetic and pharmacodynamic behaviors.



You are a computational drug discovery expert.

A complex machine learning system used multiple molecular descriptors to predict the efficacy of potential drugs.

The most influential molecular descriptors were:

- HBondAccepT: 0.203

- TPSA: 0.159

- Lipinski's Rule of Five: 0.100

- Mw: 0.089

- LogP: 0.087


Explain, in biomedical and computational chemistry terms, why these descriptors might have high influences on the efficacy prediction. Additionally, elaborate on how these properties could impact a drug's absorption, distribution, metabolism, and excretion (ADME) profile. Provide real-world examples from literature where applicable.

Exclude references to any general machine learning terminology and specific algorithm names.

Discuss the potential challenges in accurately predicting efficacy based on these descriptors alone.

Compare the influence of these descriptors with two additional less commonly mentioned molecular descriptors: H-bond donor count (NumHDonors) and the number of rotatable bonds (NumRot).




Chemical and Computational Expert:"
ADME_Sol,11,phi3,biomedical,3,"['Chi4v', 'SlogP_VSA5', 'SlogP_VSA4']","[0.06970194014505691, 0.06311448384533541, 0.052207663004101526]","
You are a biomedical expert.

A machine learning model predicted a drug property.

The most influential molecular descriptors were:

- Chi4v: 0.070
- SlogP_VSA5: 0.063
- SlogP_VSA4: 0.052


Explain in biomedical and chemical terms why these descriptors influence the prediction.
Avoid mentioning SHAP or machine learning terminology.
","
In biomedical terms, the Chi4v descriptor likely refers to a measure of the molecule's overall volume or spatial occupancy within the confines of a biological target, which can be vital for drug-receptor interactions. A high Chi4v value might suggest that a molecule occupies a significant portion of the binding site, which can be a desirable property for strong and specific interactions.


On the chemical front, SlogP_VSA4 and SlogP_VSA5 descriptors are part of the Vibrational Spectroscopy (Vis) approach, which is a method to assess how the energy of vibrational modes within a molecule is distributed across different frequencies. A high value in these descriptors could indicate that a molecule has a suitable distribution of vibrational energies that match the biological target's energy profile, facilitating the formation of an effective drug-receptor complex.


Molecular descriptors such as these provide a quantitative measure of properties that are believed to affect the molecule's behavior in biological systems, thereby influencing the prediction of a drug's efficacy or potency."
ADME_Sol,12,phi3,biomedical,3,"['SlogP_VSA6', 'TPSA', 'Chi4v']","[0.07145197214791849, 0.06989378820134949, 0.0685469067929742]","
You are a biomedical expert.

A machine learning model predicted a drug property.

The most influential molecular descriptors were:

- SlogP_VSA6: 0.071
- TPSA: 0.070
- Chi4v: 0.069


Explain in biomedical and chemical terms why these descriptors influence the prediction.
Avoid mentioning SHAP or machine learning terminology.
","
In the context of predicting a drug's property, the mentioned molecular descriptors are key factors as they provide quantitative information about the molecule's physicochemical characteristics, which can significantly impact its behavior within a biological system.


**SlogP_VSA6 (Supraface Potential of the 6-Membered Ring)**: This descriptor measures the energy of the most stable conformation of a six-membered ring within the molecule. Molecules with lower SlogP_VSA6 values are generally more stable and are often more bioavailable as they can better navigate the hydrophilic and hydrophobic phases within the body. This can be critical for the molecule's absorption, distribution, metabolism, and excretion (ADME) profile.


**Total Number of Atoms on Surface (TPSA)**: This represents the count of all the atoms in a molecule that are accessible to a solvent. A higher TPSA usually indicates that more of the molecule's surface is hydrophilic, which can influence solubility, permeability, and subsequently, the drug's ability to reach its target site in the body.


**Chi4v (Chi4, Value of Verloop Potential)**: This descriptor evaluates the molecule's propensity to move across membranes, a process integral to absorption and distribution phases. Molecules with lower Chi4v values are often more lipophilic, meaning they can more readily diffuse through lipid bilayers, which is essential for entering cells and potentially crossing the blood-brain barrier.


These descriptors collectively provide a snapshot of how the drug might interact with physiological systems, which is why they are influential in predicting the drug property. A molecule's efficacy and safety can often be tracsed back to these fundamental characteristics."
ADME_Sol,13,phi3,biomedical,3,"['SlogP_VSA6', 'SlogP_VSA5', 'NumHAcceptors']","[0.11547756445874752, 0.08837677386202383, 0.08808039376913446]","
You are a biomedical expert.

A machine learning model predicted a drug property.

The most influential molecular descriptors were:

- SlogP_VSA6: 0.115
- SlogP_VSA5: 0.088
- NumHAcceptors: 0.088


Explain in biomedical and chemical terms why these descriptors influence the prediction.
Avoid mentioning SHAP or machine learning terminology.
","
In the field of cheminformatics, molecular descriptors are quantitative values that describe the molecular properties of a compound. The descriptors provided here are indicative of the molecule's physicochemical characteristics which often correlate with its biological activity.


SlogP_VSA6 (Sloppy Overlap Organized Pseudopotential) is a descriptor that reflects the molecule's overall shape and electronic distribution. The value of 0.115 suggests that the molecule's three-dimensional shape and electron distribution are significant factors in the model's assessment of drug-likeness. Molecules with appropriate shapes and electron distributions are often more likely to interact favorably with biological targets.


SlogP_VSA5, with a value of 0.088, is another descriptor representing aspects of molecular shape and electronic distribution, perhaps at a slightly different resolution or sensitivity compared to SlogP_VSA6. This descriptor suggests that the molecule's specific geometry and electron distribution patterns are also important for predicting drug-likeness.


NumHAcceptors refers to the number of hydrogen atoms that the molecule can potentially accept to form hydrogen bonds, which are crucial for the interaction with biological targets. A value of 0.088 indicates that the ability of the molecule to form hydrogen bonds, which are essential for binding to biological targets such as enzymes or receptors, is an important consideration in the prediction.


In summary, these descriptors are telling us about the molecular geometry and electronic properties that are likely to influence the molecule's interaction with biological systems, which in turn affects its potential as a drug candidate."
ADME_Sol,14,phi3,biomedical,3,"['NumHAcceptors', 'EState_VSA7', 'SlogP_VSA6']","[-0.09781565297763409, -0.07593450403780727, -0.07136142644472927]","
You are a biomedical expert.

A machine learning model predicted a drug property.

The most influential molecular descriptors were:

- NumHAcceptors: -0.098
- EState_VSA7: -0.076
- SlogP_VSA6: -0.071


Explain in biomedical and chemical terms why these descriptors influence the prediction.
Avoid mentioning SHAP or machine learning terminology.
","
In biomedical and chemical contexts, these molecular descriptors are critical in determining how a drug interacts within biological systems and can affect its pharmacokinetic and pharmacodynamic properties.


- **NumHAcceptors**: This descriptor indicates the number of nitrogen atoms that can potentially accept hydrogen atoms in the presence of biological molecules. Drugs often form hydrogen bonds with their target proteins, and the presence of NumHAcceptors can suggest a potential for forming such interactions, which is crucial for the binding affinity of the drug to its target. A negative value typically suggests a lower number of hydrogen acceptors, which might lead to weaker binding affinity as the ability to form hydrogen bonds is reduced.


- **EState_VSA7**: The EState descriptor is a 3D representation of the molecule's electronic structure. EState_VSA7, specifically, refers to the 7-dimensional Valence Shell Atomic Coordinates. This descriptor gives insight into the molecule's shape and electronic properties that influence how it may fit into the active site of a target protein. A negative value might indicate that the molecular shape and electronic distribution are not optimal for strong binding, potentially affecting the drug's efficacy.


- **SlogP_VSA6**: SlogP is a logarithm of the partition coefficient (logP) and is a measure of the hydrophobicity of the molecule. The value derived from SlogP_VSA6 suggests how well the drug can penetrate biological membranes, which is essential for its absorption and distribution. A negative value here would imply relatively low hydrophobicity, potentially affecting the drug's ability to cross cell membranes and reach its target within the body.


Each of these descriptors provides a snapshot of certain characteristics of the molecs that can predict how the drug will behave biologically and chemically, which in turn can influence its effectiveness as a therapeutic agent.



You are a computational chemist specializing in cheminformatics.

A research paper presents a regression model for predicting drug solubility based on molecular descriptors. The top 3 descriptors affecting the solubility prediction are:

- LogP_VSA4: -0.482

- NumHDonors: 0.254

- H-Bond Donor: 0.312


In a comprehensive discussion, explain:

1. The biological significance of each descriptor for drug solubility.

2. How each descriptor's positive or negative value can impact a drug's pharmacokinetics.

3. The interplay between hydrophobicity, donor counts, and hydrogen bonding in drug-solvent interaction.

4. The potential effects on the drug's therapeutic index due to these properties.

5. The implications for drug formulation and delivery considering these molecular descriptors.


Provide explanations that weave together cheminformatics, biomedical science, and pharmacokinetics without using jargon specific to statistical modeling or machine learning. Instead, focus on the chemical-biological-pharmaceutical relationships."
ADME_Sol,15,phi3,biomedical,3,"['SlogP_VSA6', 'NumHDonors', 'NumHAcceptors']","[0.06295849563253718, 0.04664337300388975, 0.045004438894848016]","
You are a biomedical expert.

A machine learning model predicted a drug property.

The most influential molecular descriptors were:

- SlogP_VSA6: 0.063
- NumHDonors: 0.047
- NumHAcceptors: 0.045


Explain in biomedical and chemical terms why these descriptors influence the prediction.
Avoid mentioning SHAP or machine learning terminology.
","
The molecular descriptors provided give us insights into the potential interactions of the molecule with biological systems and its pharmacological properties.


- SlogP_VSA6: This descriptor is a type of log octanol-water partition coefficient, which reflects the balance of hydrophobic and hydrophilic interactions of a molecule. Molecules with a high partition coefficient tend to be lipophilic, meaning they can pass through cell membranes more easily, which might result in better absorption and distribution within the body. Therefore, a descriptor like SlogP_VSA6, which has a substantial influence on the prediction, is likely indicative of a molecule's ability to penetrate biological barriers and reach its target site.


- NumHDonors: The number of hydrogen-bond donors is a measure of how many hydrogen atoms a molecule can donate in hydrogen bonding. Molecules with a higher number of hydrogen donors are often more polar, which can affect solubility and the ability to form hydrogen bonds with biological targets such as enzymes or receptors. The descriptor's considerable impact on the prediction suggests that hydrogen bonding might play a critical role in the molecule's mechanism of action or its interaction with biological targets.


- NumHAcceptors: This descriptor quantifies the number of potential sites on a molecule that can accept hydrogen bonds. Molecules with more hydrogen acceptors may have a higher capacity to participate in hydrogen bonding, which could influence the molecule's specificity and affinity to a target. Considering its high influence on the prediction, it might be indicative of a key role in the molecule's interaction with a biological target, possibly enhancing selectivity and potency.


Understanding these descriptors' roles provides insight into the molecule's physicochemical properties and how they could interact with biological systems, which is critical in predicting its behavior as a drug."
ADME_Sol,16,phi3,biomedical,3,"['PEOE_VSA11', 'NumHDonors', 'BCUT2D_CHGLO']","[0.09569306325996944, 0.07109281286156331, -0.06902449646591234]","
You are a biomedical expert.

A machine learning model predicted a drug property.

The most influential molecular descriptors were:

- PEOE_VSA11: 0.096
- NumHDonors: 0.071
- BCUT2D_CHGLO: -0.069


Explain in biomedical and chemical terms why these descriptors influence the prediction.
Avoid mentioning SHAP or machine learning terminology.
","
PEOE_VSA11, which stands for Polarizable Empirical Electronegativity Descriptor 11, measures the electronegativity of atoms while considering their polarizable environment. This descriptor influences the prediction because it provides insight into how the drug interacts with biological targets, which are often influenced by the electron distribution across its molecules.


NumHDonors refers to the number of hydrogen atoms donating electron density to a molecule's electronegative atoms. This is crucial since hydrogen bonding is a common and significant interaction in biological systems that can affect a drug's efficacy and binding affinity.


BCUT2D_CHGLO, or two-dimensional Brominated Chemical Hydrogen Atom Descriptor for Charged Groups, assesses the drug's potential for halogen bonding and the presence of charged groups that can interact with biological targets. These charged regions can form electrostatic interactions, which are vital in drug-receptor binding processes.


The values indicate that while PEOE_VSA11 and NumHDonors show a moderate positive influence, BCUT2D_CHGLO exerts a slightly negative influence. This could suggest that for this particular drug, electronegative interactions and hydrogen bonding are more significant, whereas halogen bonding and charged groups play a lesser role in its properties."
ADME_Sol,17,phi3,biomedical,3,"['fr_quatN', 'Chi4v', 'TPSA']","[-0.23550220279365525, -0.11698215771767458, -0.10552253227016108]","
You are a biomedical expert.

A machine learning model predicted a drug property.

The most influential molecular descriptors were:

- fr_quatN: -0.236
- Chi4v: -0.117
- TPSA: -0.106


Explain in biomedical and chemical terms why these descriptors influence the prediction.
Avoid mentioning SHAP or machine learning terminology.
","
In biomedical and chemical contexts, molecular descriptors provide quantitative information that can be used to predict various properties of a drug, such as solubility, permeability, and drug-likeness. Here, the descriptors fr_quatN, Chi4v, and TPSA are crucial for the prediction in question.


fr_quatN represents the fractional charge of the molecule, which relates to the overall ionic character. A negative value implies that the molecule is likely to be more non-polar and could interact with hydrophobic regions in the body, potentially influencing its ability to cross cellular membranes. This characteristic is vital in predicting a drug's distribution within the body.


Chi4v stands for the H-bond acceptor count, which indicates the number of potential hydrogen-bond acceptors in the drug molecule. A negative value here suggests that the molecule has fewer hydrogen-bond acceptor sites, which may affect its ability to form hydrogen bonds with biological targets or solvents, influencing interactions at the molecular level that are crucial for the drug's action and behavior.


TPSA, or the Topological Polar Surface Area, is indicative of the molecule's overall polarity. A negative value suggests a more non-polar molecule, which can affect its solubility in the body's biological fluids. This is a key determinant for a drug's bioavailability and how it is absorbed, distributed, and ultimately metabolized.


These descriptors together provide a snapshot of the molecule's physicochemical properties, which are fundamental in predicting the drug's behavior and efficacy. A balance of these characteristics often leads to a compound with favorable pharmacokinetic and pharmacodynamic properties, essential for a successful therapeutic candidate."
ADME_Sol,18,phi3,biomedical,3,"['Chi4v', 'FpDensityMorgan2', 'SlogP_VSA5']","[-0.08407886951593393, -0.057019222245764604, 0.049084979608927194]","
You are a biomedical expert.

A machine learning model predicted a drug property.

The most influential molecular descriptors were:

- Chi4v: -0.084
- FpDensityMorgan2: -0.057
- SlogP_VSA5: 0.049


Explain in biomedical and chemical terms why these descriptors influence the prediction.
Avoid mentioning SHAP or machine learning terminology.
","
In the field of cheminformatics, molecular descriptors are essential for understanding the physical and chemical properties of a drug candidate, which can impact its behavior in biological systems.


Chi4v, or chemical information value (CIV), is a descriptor that quantifies the difference in hydrophobicity between a molecule and a standard reference, such as water. A negative value as observed (-0.084) suggests the molecule in question is less hydrophobic than the reference, potentially affecting its ability to interact with hydrophilic biological targets. However, the small magnitude of this value indicates a minimal effect on hydrophobicity, which may not significantly influence the molecule's interaction with biological systems.


FpDensityMorgan2, also known as the fragment Polarizability Descriptor (fpd) based on the Morgan algorithm, measures the distribution of electron density within a molecule, which relates to its reactivity. A molecule with less electron density in polar regions (as indicated by the negative value of -0.057) might display lower reactivity towards biological enzymes, which could be beneficial for the stability of the drug within the body.


SlogP_VSA5, or the semi-empirical quantum mechanical solvation free energy method (also applied through the VSA method), provides insight into the drug's solubility and its potential for crossing cell membranes, which are critical for drug absorption. The positive value (0.049) suggests that the molecule is likely to have higher solubility in the solvent used for testing, which is advantageous for bioavailability.


In summary, these descriptors collectively suggest that the drug candidate in question might have moderate hydrophobicity, low reactivity with hydrophilic enzymes, and enhanced solubility, all of which contribute to its predicted drug property."
ADME_Sol,19,phi3,biomedical,3,"['MaxAbsPartialCharge', 'SlogP_VSA5', 'FpDensityMorgan1']","[-0.10963079512372066, -0.10349622017269795, 0.0686253036247848]","
You are a biomedical expert.

A machine learning model predicted a drug property.

The most influential molecular descriptors were:

- MaxAbsPartialCharge: -0.110
- SlogP_VSA5: -0.103
- FpDensityMorgan1: 0.069


Explain in biomedical and chemical terms why these descriptors influence the prediction.
Avoid mentioning SHAP or machine learning terminology.
","
Certainly, in the realm of medicinal chemistry, the molecular descriptors provided are critical for understanding the interaction of a drug with its biological target. Let's delve into each descriptor:


MaxAbsPartialCharge: This metric reflects the degree of charge separation within the molecule. In biological systems, interactions between a drug and its target often involve electrostatic forces. A molecule with a substantial partial charge can have strong attractions or repulsions with its biological counterpart, depending on the charges involved. The negative value of -0.110 suggests that the molecule may have regions of electron density that can form favorable or unfavorable interactions with target sites, influencing the molecule's affinity and efficacy.


SlogP_VSA5: The SlogP descriptor measures the hydrophobicity, polarity, and overall molecular character. Vibrational spectroscopy (VA) is a method to probe molecular vibrations, and SlogP_VSA5 combines this knowledge with the concept of logP, a classical measure of lipophilicity. The negative value indicates that the drug candidate in question is likely to be hydrophilic, which is essential for its ability to dissolve in bodily fluids, cross cell membranes, and reach the target site without extensive metabolism.


FpDensityMorgan1: This descriptor comes from the extended-connectivity fingerprint approach to understanding a molecule's shape and electronic features. A value of 0.069 indicates that the molecular shape and electron distribution play a significant role in its potential interaction with the biological target. Since molecular shape is often a determinant of the way a molecule fits into the binding site of a protein, for instance, a molecule with the appropriate geometry will likely exhibit a higher binding affinity.


Each of these descriptors provides a piece of the puzzle that, when considered together, help predict how a molecule might behave as a drug, affecting its absorption, distribution, metabolism, and excretion (ADME) properties. A molecule with properties that align with the desired therapeutic action is more likely to be effective.


---






You are a medicinal chemist.

A machine learning system has predicted potential side effects based on the molecular fingerprints of a series of compounds.

The top-ranked compounds, in descending order of likelihood, had the following fingerprints:

- FpDensityMorgan1: 0.059, 0.120, 0.087, 0.110, 0.095

- MolecularWeight: 250, 300, 275, 350, 325

- LogP: 3.1, 4.2, 3.7, 5.5, 4.8

- PolarSurfaceArea: 120, 150, 140, 160, 155

- NumRotatableBonds: 2, 0, 1, 3, 2


Explain in detail, considering all constraints, why these fingerprints might predict potential side effects. Relate this to known pharmacological principles, avoiding general terms like ""side effects"" and ""molecular descriptors,"" and focus strictly on the biophysical interactions and receptor-ligand dynamics. Additionally, provide an analysis of the likelihood that these compounds will cross the blood-brain barrier (BBB), considering Lipinski's Rule of Five, and elaborate on how each of these fingerprints could impact this process. In your explanation, do not simply describe the fingerprints' influence on side effects but also discuss the potential therapeutic index variations among the compounds. Lastly, discuss how these molecular features could affect the metabolic stability of the compounds, without using specific biochemical assay names or referring to common metabolic pathways."
ADME_Sol,20,phi3,biomedical,3,"['NumHDonors', 'NumHAcceptors', 'VSA_EState3']","[-0.23888799648872727, -0.203095082696546, -0.15725543548395784]","
You are a biomedical expert.

A machine learning model predicted a drug property.

The most influential molecular descriptors were:

- NumHDonors: -0.239
- NumHAcceptors: -0.203
- VSA_EState3: -0.157


Explain in biomedical and chemical terms why these descriptors influence the prediction.
Avoid mentioning SHAP or machine learning terminology.
","
The property prediction for the drug in question is influenced by several key molecular descriptors that relate to the drug's interaction with biological systems and its physical behavior.


- **NumHDonors**: This descriptor refers to the number of hydrogen atoms that can be donated to a biological target, which in this case is a protein receptor or enzyme. Drugs with the appropriate number of hydrogen donors can form hydrogen bonds with amino acid residues in the binding site of the target protein. Since the descriptor has a negative value, it suggests that a lower number of hydrogen donors is favorable for the drug'suitable interaction, possibly due to steric hindrance or an overly flexible structure that could lead to poor binding affinity.


- **NumHAcceptors**: Similarly, this value represents the number of sites on the drug molecule that can accept hydrogen. Drugs with too many hydrogen acceptors may form too many or too strong hydrogen bonds, which could disrupt the natural conformation of biological targets, potentially decreasing the drug's efficacy. A negative value for this descriptor supports the idea that fewer hydrogen acceptors are preferable, promoting selective binding and stronger interactions with the intended biological target.


- **VSA_EState3**: VSA stands for Variation of the Electrostatic State, which is a measure of the distribution of electron density across the drug molecule, with a focus on the third VSA state. A negative value indicates that the electron density is spreading in a manner unfavorable for this drug's property prediction. This could mean that the charge distribution does not favor binding to the target, possibly due to inappropriate polarity or the formation of too strong or too weak electrostatic interactions with the binding site, which could impact the drug's potency or bioavailability.


In summary, these molecular descriptors provide insight into the chemical compatibility of the drug with its biological target and how well it might perform, influencing the prediction of its properties in a biomedical context."
ADME_Sol,21,phi3,biomedical,3,"['NumHDonors', 'SlogP_VSA5', 'Chi4v']","[0.07345055332800643, 0.05728738033788281, 0.05324269690396216]","
You are a biomedical expert.

A machine learning model predicted a drug property.

The most influential molecular descriptors were:

- NumHDonors: 0.073
- SlogP_VSA5: 0.057
- Chi4v: 0.053


Explain in biomedical and chemical terms why these descriptors influence the prediction.
Avoid mentioning SHAP or machine learning terminology.
","
In biomedical and chemical contexts, these molecular descriptors are considered influential due to their relevance in determining a drug's behavior within a biological system. 


NumHDonors, which refers to the number of hydrogen donor atoms within a molecule, is crucial because it provides insight into the molecule's basic hydrogen bonding capacity. A higher number of hydrogen bond donors can increase the affinity of a drug to its target, as it can form more hydrogen bonds with the biological macromolecule, typically proteins or nucleic acids. This can enhance the drug's efficacy by improving its binding strength, leading to better activation or inhibition of the biological target.


SlogP_VSA5 is a descriptor that encapsulates the electronic and steric effects of a molecule's atoms and bonds. It is based on the Vibrational Spectroscopy approach, which gives an estimation of the molecule's energy by considering its structure. This descriptor can affect how a drug interacts with its target at the molecular level. Molecules with lower SlogP_VSA5 values are typically more stable and less reactive, which often translates to better drug properties like improved bioavailability and reduced toxicity.


Chi4v is the molecular ion's chemical hardness and relates to a molecule's resistance to changes in its electronic structure, which in turn affects its reactivity. Drugs with certain Chi4v values might be more selective for their biological target, reducing the potential for off-target effects and improving safety profiles. The value of Chi4v is indicative of how readily a molecule can participate in chemical reactions, and in turn, how it might interact with various biological components.


These descriptors are weighted in predicting drug properties because their molecular attributes directly influence the pharmacokinetics and pharmacodynamics of a drug. For instance, the ability to form hydrogen bonds can affect a drug's distribution and solubility, while electronic and steric factors can influence the drug's reactivity and specificity. Chi4v relates to the hardness or softness of a molecule, which plays a role in the type of interactions it can form, thereby impacting drug-target interactions and potential side effects.


This insight into the molecular descriptors helps chemists and pharmacologists understand the underlying reasons for a drug's behavior and predicts how modifications to its structure might improve therapeutic outcomes."
ADME_Sol,22,phi3,biomedical,3,"['Chi4v', 'PEOE_VSA11', 'SlogP_VSA10']","[-0.10389336396059508, 0.09036261527977417, -0.06714931862819704]","
You are a biomedical expert.

A machine learning model predicted a drug property.

The most influential molecular descriptors were:

- Chi4v: -0.104
- PEOE_VSA11: 0.090
- SlogP_VSA10: -0.067


Explain in biomedical and chemical terms why these descriptors influence the prediction.
Avoid mentioning SHAP or machine learning terminology.
","
Chi4v, PEOE_VSA11, and SlogP_VSA10 are chemical descriptors that provide insights into the physicochemical properties of molecules, which play a pivotal role in the interaction between drugs and their biological targets. Chi4v represents the charge heterogeneity among the ionizable groups in a molecule, indicating how the molecule might interact with charged residues within a biological target, potentially affecting binding affinity and specificity. The value, though slightly positive in this case, suggests a mild positive charge heterogeneity that may favor interactions with negatively charged residues on the target protein.


PEOE_VSA11, which stands for the Partial Excited State Hartree-Fock energy, captures the electronic energy of molecules in their excited states. This property is significant when considering the photostability of a drug, as it relates to how the molecule might absorb and dissipate light energy. A positive coefficient for PEOE_VSA11 suggests that this energy contributes to a higher predicted value, potentially indicating that the molecule could absorb light efficiently, which is crucial in understanding its behavior under physiological light exposure.


SlogP_VSA10 is another electronic property descriptor, specifically representing solvation energy in the excited state. A negative value, as in this instance, suggests that the molecule may have a reduced tendency to absorb energy from the solvent upon excitation, which could affect its ability to reach the target site within the body. This solvation energy can be a factor in determining the drug's distribution and clearance rates within physiological environments.


Each of these descriptors offers a different angle from which to understand the molecule's properties and potential drug-like qualities, such as stability, solubility, and interaction potential with biological targets, which are essential considerations in drug design and predicting drug efficacy."
ADME_Sol,23,phi3,biomedical,3,"['NumHDonors', 'Chi4v', 'TPSA']","[-0.16274359640942954, -0.09161034594188212, -0.07786345340140106]","
You are a biomedical expert.

A machine learning model predicted a drug property.

The most influential molecular descriptors were:

- NumHDonors: -0.163
- Chi4v: -0.092
- TPSA: -0.078


Explain in biomedical and chemical terms why these descriptors influence the prediction.
Avoid mentioning SHAP or machine learning terminology.
","
The descriptors mentioned here represent specific molecular characteristics that are crucial in determining the interaction of a drug with biological systems. Let's delve into each of these and their implications:


1. **NumHDonors**: This term refers to the number of hydrogen-bond donors in a molecule. In biomedical terms, hydrogen bonds are vital for the binding of drugs to their target proteins in the body. A higher number of hydrogen-bond donors typically increases the ability of a drug to form hydrogen bonds, which can improve binding affinity to the biological target. This descriptor's negative influence score suggests that an increase in the number of hydrogen-bond donors would result in a lower predicted property, which could mean a weaker interaction with the target or a higher risk of adverse effects.


2. **Chi4v**: This stands for the fourth-order corrected Mulliken electronegativity, which is a measure of how an atom within a molecule attracts electrons. It is important because it can predict the acidity or basicity of the molecule, which in turn affects how the molecule is absorbed, distributed, and eliminated in the body. The negative influence of Chi4v indicates that the model predicts properties of the molecule change with an increase in the electronegativity, potentially leading to more ionized forms that could be more soluble in water but may also lead to more rapid elimination from the body.


3. **TPSA (Topological Polar Surface Area)**: This is a count of the number of certain types of atoms (hydrogen bond donors and acceptors) in a molecule that can participate in hydrogen bonding. This property is important for predicting a drug's ability to diffuse across cell membranes and its solubility in biological fluids. A negative TPSA influence score indicates that as the TPSA increases, the predicted property decreases, which might suggest limitations in cell membrane permeability or solubility, affecting the drug's bioavailability.


In summary, these molecular descriptors are critical in predicting how a drug molecule will behave in biological systems, including its effectiveness, absorption, distribution, metabolism, and excretion (ADME) properties. Each descriptor reflects different aspects of molecular interactions within the body, and their negative influence scores indicate that increases in these properties could have adverse effects on the drug's overall performance."
ADME_Sol,24,phi3,biomedical,3,"['TPSA', 'SlogP_VSA6', 'BCUT2D_CHGLO']","[-0.09200452226930743, -0.08545981514053196, -0.07799496329431752]","
You are a biomedical expert.

A machine learning model predicted a drug property.

The most influential molecular descriptors were:

- TPSA: -0.092
- SlogP_VSA6: -0.085
- BCUT2D_CHGLO: -0.078


Explain in biomedical and chemical terms why these descriptors influence the prediction.
Avoid mentioning SHAP or machine learning terminology.
","
The most influential molecular descriptors, such as TPSA, SlogP_VSA6, and BCUT2D_CHGLO, contribute to the predicted drug property due to their ability to quantitatively describe specific aspects of molecular structure that correlate with the compound's pharmacokinetic and pharmacodynamic behavior.


- TPSA (Topological Polar Surface Area) measures the polar surface area of a molecule, which is indicative of its ability to form hydrogen bonds with biological targets. Molecules with a higher TPSA tend to be more hydrophilic and may have higher solubility in aqueous environments, a property that can affect their absorption and bioavailability in the body.


- SlogP_VSA6 (Similar Organized Global Topological Pharmacophore) values the molecule's ability to interact with biological macromolecules based on a set of predefined molecular features, such as hydrogen bond donors and acceptors, hydrophobic regions, and molecular rigidity. This descriptor helps predict the molecule's binding affinity and specificity towards a biological target.


- BCUT2D_CHGLO (Bromodomain-containing ubiquitin-like domain CHG ligand) quantifies the likelihood of a molecule interacting with proteins that have a bromodomain, which are often involved in epigenetic regulation. This interaction can be crucial for the therapeutic effect, as it may influence gene expression patterns.


In essence, these descriptors help predict how a molecule might behave in a biological system, focusing on key properties that affect its interaction with biological targets, solubility, and potential as a therapeutic agent.


-----"
ADME_Sol,25,phi3,biomedical,3,"['NumHAcceptors', 'NumHDonors', 'Chi4v']","[-0.20067980452393658, -0.19448837979342656, -0.1751783818470005]","
You are a biomedical expert.

A machine learning model predicted a drug property.

The most influential molecular descriptors were:

- NumHAcceptors: -0.201
- NumHDonors: -0.194
- Chi4v: -0.175


Explain in biomedical and chemical terms why these descriptors influence the prediction.
Avoid mentioning SHAP or machine learning terminology.
","
The predictive model's output regarding a drug'in properties is significantly influenced by the molecular descriptors of NumHAcceptors, NumHDonors, and Chi4v. These descriptors quantify specific aspects of a molecule's chemical structure that are crucial in determining its behavior and interactions within a biological system.


NumHAcceptors represents the number of nitrogen atoms in the molecule that can accept hydrogen atoms. Molecules with a high number of H-acceptors typically have a greater ability to form hydrogen bonds, which can impact a drug's solubility, its ability to cross biological membranes, and its interaction with biological targets.


NumHDonors quantifies the number of hydrogen atoms that a molecule can donate. Molecules that can donate hydrogen atoms are often more polar and can form hydrogen bonds as well, affecting the drug's solubility and binding affinity to targets.


Chi4v is a molecular descriptor that measures the fourth-order non-covalent interactions between molecules, which include hydrogen bonding, halogen bonding, and π-π stacking. It reflects how molecules might pack together in a solid state, influencing the drug's physical properties like melting point, solubility, and dissolvability in physiological conditions.


These descriptors are crucial as they help to predict how a drug molecule will behave in a biological environment, which is fundamental for its efficacy and safety profile.


"
ADME_Sol,26,phi3,biomedical,3,"['fr_quatN', 'TPSA', 'SlogP_VSA6']","[-0.24543825430716756, -0.09108935089962132, -0.07361658862842341]","
You are a biomedical expert.

A machine learning model predicted a drug property.

The most influential molecular descriptors were:

- fr_quatN: -0.245
- TPSA: -0.091
- SlogP_VSA6: -0.074


Explain in biomedical and chemical terms why these descriptors influence the prediction.
Avoid mentioning SHAP or machine learning terminology.
","
In biomedical and chemical contexts, molecular descriptors play a crucial role in determining how a drug interacts with biological systems. Here's how the three mentioned descriptors influence the prediction:


1. Flexible Quaternary Nitrogen (fr_quatN): This descriptor reflects the presence of a quaternary nitrogen atom within the molecule. Quaternary nitrogen atoms can be important for forming hydrogen bonds, which are essential for a drug's interaction with its target protein. The negative value suggests that increased flexibility of the quaternary nitrogen is favorable for binding affinity. More flexible quaternary nitrogen atoms can adapt to the shape of the binding site, improving the molecule's efficacy.


2. Topological Polar Surface Area (TPSA): This measure gives an estimate of the surface of a molecule that is polar, which is relevant for its ability to be absorbed into the bloodstream. The negative value here indicates that a lower TPSA is desirable, as it typically correlates with better permeability through biological membranes. Molecules with lower TPSA can more easily cross the blood-brain barrier, potentially increasing the drug's effectiveness.


3. SlogP_VSA6: This is a descriptor that estimates the molecule's solubility in different solvents, which relates to its ability to dissolve and become bioavailable in the body. A negative value in this descriptor suggests that molecules with a lower SlogP_VSA6 value are predicted to be more soluble, and thus, more bioavailable, which is an important factor in drug efficacy.


These descriptors collectively provide a picture of how a molecule's structural features can affect its interaction with biological systems and its potential as a drug candidate."
ADME_Sol,27,phi3,biomedical,3,"['Chi4v', 'TPSA', 'SlogP_VSA5']","[-0.09390680043786603, -0.07217541307148628, 0.06546903949234548]","
You are a biomedical expert.

A machine learning model predicted a drug property.

The most influential molecular descriptors were:

- Chi4v: -0.094
- TPSA: -0.072
- SlogP_VSA5: 0.065


Explain in biomedical and chemical terms why these descriptors influence the prediction.
Avoid mentioning SHAP or machine learning terminology.
","
The influence of molecular descriptors such as Chi4v, TPSA, and SlogP_VSA5 on the prediction of drug properties can be understood within the context of molecular chemistry and pharmacodynamics. 


Chi4v, also known as the four-point surface area, provides insight into the spatial arrangement of atoms within a molecule, which can affect how it fits into a biological target. A negative value suggests that the molecule might have less surface area available for interactions, potentially leading to fewer and weaker interactions with biological receptors.


TPSA, or the Topological Polar Surface Area, relates to the polar surface area of a molecule, which is significant in the absorption and permeability through cell membranes. A negative value here might indicate lower polarity, which can affect the molecule's ability to dissolve in water and its distribution within the body.


SlogP_VSA5, or the semi-empirical generalized Pauling's Hammett's electrostatic descriptor, is a measure of the molecule's ability to interact through electrostatic forces with its biological target. The positive value suggests a likelihood of stronger electrostatic interactions with the target, which can influence the drug's efficacy.


These descriptors are important as they provide a quantitative basis for understanding how molecular structure influences the behavior of a potential drug, including its interaction with biological targets, absorption, distribution, metabolism, and excretion properties."
ADME_Sol,28,phi3,biomedical,3,"['NumHDonors', 'Chi4v', 'TPSA']","[0.08824704304137442, 0.06985233901928208, 0.05536383180661882]","
You are a biomedical expert.

A machine learning model predicted a drug property.

The most influential molecular descriptors were:

- NumHDonors: 0.088
- Chi4v: 0.070
- TPSA: 0.055


Explain in biomedical and chemical terms why these descriptors influence the prediction.
Avoid mentioning SHAP or machine learning terminology.
",ERROR
ADME_Sol,29,phi3,biomedical,3,"['SlogP_VSA5', 'NumHAcceptors', 'VSA_EState10']","[-0.15585661988732055, -0.11754245623638872, -0.07515381448569614]","
You are a biomedical expert.

A machine learning model predicted a drug property.

The most influential molecular descriptors were:

- SlogP_VSA5: -0.156
- NumHAcceptors: -0.118
- VSA_EState10: -0.075


Explain in biomedical and chemical terms why these descriptors influence the prediction.
Avoid mentioning SHAP or machine learning terminology.
","
In the realm of cheminformatics, molecular descriptors are pivotal for predicting how a compound might behave as a drug. The values assigned to the descriptors provided - SlogP_VSA5, NumHAcceptors, and VSA_EState10 - reflect aspects of the molecule's chemical environment and structure that can greatly influence its biological activity and drug-like properties.


SlogP_VSA5 measures a compound's hydrophobicity, or how well it can interact with lipid membranes, which is essential for absorption and passage through cellular barriers. A descriptor score close to zero, as in this case, suggests a balanced hydrophobicity, which often correlates with a compound's ability to traverse biological membranes without causing excessive partitioning into lipids, potentially reducing side effects.


The NumHAcceptors count the number of hydrogen atoms that a molecule can donate to form a hydrogen bond. The negative value here suggests a lower propensity for forming hydrogen bonds, which might influence the molecule's solubility and ability to form stable interactions with biological targets, potentially affecting efficacy and the ability to reach its target in the body.


VSA_EState10 refers to the energy state of the electronic distribution in the molecule's electrostatic field. The descriptor value, again a negative number, indicates a stable distribution, implying that the molecule may have a favorable interaction with biological targets without significant electronic perturbation, possibly leading to a more predictable pharmacological response.


Understanding these properties helps in the rational design of new drugs by guiding the modification of molecules to optimize their pharmacokinetic and pharmacodynamic profiles."
ADME_Sol,30,phi3,biomedical,3,"['VSA_EState3', 'NumHDonors', 'Chi2n']","[-0.1513711476809311, 0.1039060673222219, 0.0781738276383899]","
You are a biomedical expert.

A machine learning model predicted a drug property.

The most influential molecular descriptors were:

- VSA_EState3: -0.151
- NumHDonors: 0.104
- Chi2n: 0.078


Explain in biomedical and chemical terms why these descriptors influence the prediction.
Avoid mentioning SHAP or machine learning terminology.
","
In the context of drug design and pharmacokinetics, molecular descriptors such as VSA_EState3, NumHDonors, and Chi2n play a significant role in predicting a drug's behavior and efficacy.


VSA_EState3 (Virtual Screening Assisted State) is a descriptor that encapsulte

 the thermodynamic stability of a molecule within a biological system. A value of -0.151 suggests that this particular molecule has a tendency to adopt conformations that are not energetically favorable within the biological milieu, which could potentially lead to lower binding affinities to target proteins. This descriptor is crucial because the stability of a drug's conformation can directly influence its ability to interact with biological targets effectively.


NumHDonors refers to the number of hydrogen donors present in a molecule. This value, 0.104, indicates that the molecule possesses a relatively low number of hydrogen atoms that can donate protons, which implies that it may have fewer sites for potential hydrogen bonding with biological targets. Hydrogen bonding is critical for specific interactions between drugs and their targets and affects the drug's solubility and permeability. A lower NumHDonors might lead to reduced solubility, which could limit the drug's bioavailability.


Chi2n is a measure related to the charge distribution within a molecule, with a value of 0.078 here reflecting a moderate charge asymmetry. Charge distribution is essential in determining how a molecule interacts with its biological targets and other molecules in the system. A molecule with significant charge asymmetry may have altered pharmacodynamics due to the different affinities for binding to various targets or receptors, potentially affecting the selectivity and therapeutic window of the drug.


Understanding these descriptors provides insight into the molecule's potential pharmacokinetic properties, such as solubility, permeability, stability, and interaction with biological targets, which are crucial for drug efficacy and safety."
ADME_Sol,31,phi3,biomedical,3,"['SlogP_VSA5', 'TPSA', 'SlogP_VSA6']","[0.06989118945750551, 0.06328904489437795, -0.056037912557066874]","
You are a biomedical expert.

A machine learning model predicted a drug property.

The most influential molecular descriptors were:

- SlogP_VSA5: 0.070
- TPSA: 0.063
- SlogP_VSA6: -0.056


Explain in biomedical and chemical terms why these descriptors influence the prediction.
Avoid mentioning SHAP or machine learning terminology.
","
The predictive capability of a model for drug properties can often be attributed to a set of molecular descriptors that are critical in describing the chemical environment and behavior of a molecule. SlogP_VSA5 and TPSA (Topological Polar Surface Area) are two such descriptors that have shown influence in the prediction of a drug's attributes.


SlogP_VSA5 is a descriptor that measures the partition coefficient of a molecule, which provides an estimate of the balance between hydrophobic and hydrophilic regions. It is relevant because it gives insight into the molecule's lipophilicity—its ability to dissolve in fats, oils, and other non-polar environments—which in turn affects the molecule's absorption, distribution, and interaction with biological targets.


TPSA is a calculation that accounts for the polar areas of a molecule's surface. Since these areas are primarily responsible for hydrogen bonding with water, TPSA is a critical factor in understanding the drug's aqueous solubility and permeability. A high TPSA value suggests a molecule with extensive polar functional groups, which could potentially lead to higher solubility in water and better interaction with hydrogen-bond-forming targets, like enzymes or receptors.


SlogP_VSA6, with its negative value, indicates a distinct electronic environment within the molecule that may affect its reactivity and binding characteristics, potentially influencing the drug's efficacy and safety profile.


In summary, the influence of these descriptors suggests that the molecule's partition coefficient, polarity, and electronic environment are key factors in determining its suitability as a drug, affecting how it will be absorbed and distributed within the body, and how it will interact with biological targets."
ADME_Sol,32,phi3,biomedical,3,"['SlogP_VSA6', 'NumHDonors', 'EState_VSA7']","[0.1182447183425991, 0.05675323503802553, 0.05256689529828691]","
You are a biomedical expert.

A machine learning model predicted a drug property.

The most influential molecular descriptors were:

- SlogP_VSA6: 0.118
- NumHDonors: 0.057
- EState_VSA7: 0.053


Explain in biomedical and chemical terms why these descriptors influence the prediction.
Avoid mentioning SHAP or machine learning terminology.
","
In biomedical and chemical contexts, these molecular descriptors provide critical insights into the interaction of a drug with its biological target, which in turn affects the drug's efficacy and safety profile. Let's delve into each one:


- SlogP_VSA6 (SlogP 6): This is a molecular descriptor that represents the hydrophobicity and electronic properties of a molecule, which are crucial for understanding how a compound might be absorbed, distributed, metabolized, and excreted (ADME) within the body. A higher hydrophobicity, for instance, might suggest a compound's ability to cross cell membranes, which is often essential for drug action. The descriptor's influence on the prediction underscores the importance of these physicochemical properties in drug-receptor interactions and the subsequent biological response.


- NumHDonors: This refers to the number of hydrogen atoms that can potentially be donated by the drug molecule when forming hydrogen bonds. This property is significant because hydrogen bonding is a key factor in the affinity and specificity of a drug to its biological target. The fewer hydrogen donors, the more likely a drug might form stronger, more specific bonds with its target, which is often necessary for effective therapeutic action.


- EState_VSA7 (Extended-Stereochemistry (ES) VSA7): This descriptor accounts for the three-dimensional stereochemistry of a molecule, which can greatly influence how a drug interacts with its biological target. The stereochemistry can dictate the orientation and fit of the drug within the active site of a protein, thus affecting the potency and selectivity of the drug. An EState_VSA7 descriptor provides a nuanced view of how the three-dimensional shape of the drug influences its interaction with the target, which is pivotal in the prediction of drug efficacy.


The significance of these descriptors lies in their direct impact on the pharmacodynamics of the drug, which is the study of how a drug exerts its effects on the body. By understanding the roles of hydrophobicity, hydrogen bonding potential, and stereochemistry, we gain insights into how a drug will interact at the molecular level, which is essential for predicting its pharmacological profile.


Now, for the second, more complex instruction:"
ADME_Sol,33,phi3,biomedical,3,"['Chi4v', 'FpDensityMorgan2', 'SlogP_VSA5']","[0.08254372357954769, -0.07415146331029826, 0.056707134604638845]","
You are a biomedical expert.

A machine learning model predicted a drug property.

The most influential molecular descriptors were:

- Chi4v: 0.083
- FpDensityMorgan2: -0.074
- SlogP_VSA5: 0.057


Explain in biomedical and chemical terms why these descriptors influence the prediction.
Avoid mentioning SHAP or machine learning terminology.
","
The predictive model for a drug's property utilized molecular descriptors, which are quantitative representations that capture specific aspects of a molecule's structure and behavior. Each descriptor correlates with different facets of molecular interactions, solubility, and bioavailability, which are critical in determining a drug's effectiveness.


Chi4v, with a value of 0.083, reflects the contribution of four-membered heterocycles in the molecule's structure. These ring systems can impart unique electronic characteristics and geometric constraints that affect how the molecule engages with biological targets, potentially influencing the drug's efficacy and safety profile.


FpDensityMorgan2, which has a negative value of -0.074, relates to the frequency distribution of hydrophobic and hydrophilic interactions in the molecule, as assessed using a 2D electronic fingerprinting approach based on molecular pharmacophores. Molecules with higher hydrophobic content often have different rates of absorption, distribution, metabolism, and excretion (ADME) properties, which are pivotal for determining the drug's behavior in the body.


Lastly, SlogP_VSA5's positive value of 0.057 represents the contribution of π-electron systems and aromatic character, as measured using an extension of the extended-Hill sensitivity molecular descriptor. The extent and nature of π-electron interactions can significantly affect the molecule's binding affinity to its intended biological target, and therefore, influence the drug's pharmacological activity.


In summary, these descriptors provide a nuanced understanding of the molecule's structural attributes that are crucial for predicting the drug's behavior in biological systems and its potential as a therapeutic agent."
ADME_Sol,34,phi3,biomedical,3,"['Chi4v', 'NumHAcceptors', 'EState_VSA7']","[-0.12807774769202948, -0.08371095247071787, -0.07815691510944905]","
You are a biomedical expert.

A machine learning model predicted a drug property.

The most influential molecular descriptors were:

- Chi4v: -0.128
- NumHAcceptors: -0.084
- EState_VSA7: -0.078


Explain in biomedical and chemical terms why these descriptors influence the prediction.
Avoid mentioning SHAP or machine learning terminology.
","
In the context of drug discovery and development, understanding how molecular descriptors influence the predicted properties of a drug is crucial. These descriptors are essentially numerical values derived from the chemical structure of a molecule that help in quantifying specific characteristics which can affect the drug's behavior and efficacy.


Starting with Chi4v, this descriptor measures the chemical hardness of a molecule, reflecting its resistance to changes in electron distribution when in contact with other substances. A lower Chi4v value indicates a molecule is less chemically hard and more reactive. In biomedical terms, drugs with lower Chi4v values might more easily interact with biological targets, potentially leading to more efficient drug action.


The NumHAcceptors descriptor indicates the number of hydrogen atoms that a molecule can accept or donate during a chemical reaction, which in turn affects its solubility and permeability across cell membranes. Fewer hydrogen acceptors (as indicated by the negative value) suggest that the molecule has limited polarity, which can influence the drug's ability to penetrate biological barriers and reach its target site within the body.


Lastly, EState_VSA7 is an electronic state analysis based descriptor that provides information on the electron density of a molecule. Molecules with different electron densities will interact with their environment in diverse ways, which can affect the drug's absorption, distribution, metabolism, and excretion (ADME) properties. A lower value of EState_VSA7 indicates a molecule with less electron density variation, possibly pointing to more consistent behavior in biological systems.


Understanding the influence of these descriptors can guide medicinal chemists in optimizing drug molecules to enhance their therapeutic potential while minimizing adverse effects."
ADME_Sol,35,phi3,biomedical,3,"['SlogP_VSA6', 'NumHAcceptors', 'NumAromaticHeterocycles']","[0.09562830232524065, 0.08817357093032828, 0.07662566115428844]","
You are a biomedical expert.

A machine learning model predicted a drug property.

The most influential molecular descriptors were:

- SlogP_VSA6: 0.096
- NumHAcceptors: 0.088
- NumAromaticHeterocycles: 0.077


Explain in biomedical and chemical terms why these descriptors influence the prediction.
Avoid mentioning SHAP or machine learning terminology.
","
In the context of drug design, predicting the behavior of a molecule often hinges on its chemical structure, which dictates how it interacts with biological systems. Here's why the mentioned molecular descriptors impact such predictions:


- **SlogP_VSA6 (Semi-empirical Orbital Population analysis):** This descriptor gauges the molecule's overall energy and polarity by evaluating its electronic distribution and shape. The higher the descriptor value, the more likely the molecule will be polar and potentially interact more efficiently with biological targets that are also polar, leading to stronger binding affinities.


- **NumHAcceptors (Number of Hydrogen Acceptors):** Hydrogen acceptors are often found in regions of a molecule capable of forming hydrogen bonds. These interactions are crucial for the molecule's ability to bind to enzymes or receptors within the body. A higher count of hydrogen acceptors can imply a molecule's higher potential to form these bonds, which could enhance its therapeutic action.


- **NumAromaticHeterocycles (Number of Aromatic Heterocycles):** Aromatic heterocycles are common in biologically active molecules, including many drugs, due to their ability to stack with biological macromolecules, often through π-π interactions. These structures can contribute to the drug's specificity and potency. Molecules with more aromatic heterocycles might exhibit better binding to the target and could be less prone to metabolic degradation, hence influencing the predicted properties.


These descriptors, when considered in conjunction with the molecular structure, contribute to the prediction of how the molecule may behave as a potential therapeutic agent.


---



You are an advanced chemoinformatics researcher.

A machine learning model analyzed a set of molecular structures to identify potential new drugs.

The most influential molecular descriptors were:

- Flexible Descriptors: 0.15

- Polarizability: 0.12

- H-bond Donor Capability: 0.08


You're tasked with formulating a hypothesis on the potential therapeutic target and class of drugs these molecules might interact with, based solely on the provided descriptors. Exclude any reference to pharmacodynamics or pharmacokinetics.


Additionally, predict how these molecules might interact with the biological system without mentioning specific biological pathways, cellular mechanisms, or the immune response.


Provide your explanation using advanced chemical terms and concepts, without simplifying the scientific language.


Ensure your hypothesis also discusses the implications of molecular flexibility and the significance of the molecules' ability to form hydrogen bonds in a biological context.


Explain the potential impact of polarizability on the molecules' biological interactions.


Lastly, avoid discussing toxicity, absorption, or metabolism of these molecules.

"
ADME_Sol,36,phi3,biomedical,3,"['SlogP_VSA5', 'NumHDonors', 'TPSA']","[-0.13997190830742964, 0.0985239117591176, 0.09538522280249978]","
You are a biomedical expert.

A machine learning model predicted a drug property.

The most influential molecular descriptors were:

- SlogP_VSA5: -0.140
- NumHDonors: 0.099
- TPSA: 0.095


Explain in biomedical and chemical terms why these descriptors influence the prediction.
Avoid mentioning SHAP or machine learning terminology.
","
The predictive model's output regarding a drug' extrinsic property, such as solubility or permeability, is significantly influenced by a collection of molecular descriptors. These descriptors offer a quantitative representation of molecular structure and its potential interactions with biological systems.


Firstly, SlogP_VSA5, a topological descriptor, measures the molecule's overall shape and its electronic properties, which are crucial in understanding how a molecule might interact with biological targets and how accessible its reactive sites are within a biological environment. The negative value suggests that this molecule may have a structure that is relatively less reactive due to its electronic distribution, which could impact its interaction with biological macromolecules.


The second descriptor, NumHDonors, counts the number of hydrogen atoms that are directly bonded to electronegative atoms such as nitrogen, oxygen, or fluorine. This property is often associated with the molecule's basicity, which in turn influences its solubility in water and other polar solvents. A positive value indicates the presence of acidic groups that can donate hydrogen, potentially increasing the molecule's solubility in an aqueous environment.


Lastly, the TPSA value represents the average tangent plane angle of the molecule, which indicates the steric hindrance around basic nitrogen atoms. A higher TPSA typically correlates with less hindrance, suggesting that the basic sites are more exposed and therefore might engage more effectively with the biological targets, potentially increasing the molecule's bioavailability.


The interplay between these descriptors is essential as they holistically inform us about the drug-like molecule's physicochemical properties, which ultimately dictate its behavior in biological systems."
ADME_Sol,37,phi3,biomedical,3,"['Chi4v', 'TPSA', 'SlogP_VSA6']","[0.05658970292411931, 0.03873519479352951, 0.03308506605404249]","
You are a biomedical expert.

A machine learning model predicted a drug property.

The most influential molecular descriptors were:

- Chi4v: 0.057
- TPSA: 0.039
- SlogP_VSA6: 0.033


Explain in biomedical and chemical terms why these descriptors influence the prediction.
Avoid mentioning SHAP or machine learning terminology.
","
In a biomedical and chemical context, the descriptors mentioned are crucial in determining the interaction of a drug candidate with biological systems. Chi4v, or the fourth-order moment, is a descriptor that quantifies the molecular distribution in terms of shape and size. This descriptor helps predict the physicochemical behavior of the drug, which is essential for understanding its absorption, distribution, metabolism, and excretion (ADME) properties. A higher Chi4v typically indicates a more complex molecular structure that can affect how well the drug is absorbed and distributed throughout the body.


Total Parts Per Surface Area (TPSA) describes the accessible surface area of a molecule, which is a critical factor in the drug'semissions into the bloodstream. Molecules with higher TPSA are generally more hydrophilic and may have difficulty crossing lipid membranes, such as the blood-brain barrier, affecting their ability to be effective in treating central nervous system disorders.


SlogP_VSA6, or the estimated Parts Per Surface Area, version 6, is another quantifiable measure of a molecule's hydrophobicity or hydrophilicity. The SlogP_VSA6 value can influence a drug's solubility in the body's biological fluids, which in turn affects how easily it can be absorbed and reach its target site. 


Together, these descriptors provide a holistic view of how a drug might behave in a biological system, predicting aspects like the drug's affinity for its target, its potential for off-target effects, and its overall efficacy and safety profile.



You are a cheminformatics specialist tasked with interpreting the role of molecular descriptors in drug discovery.

Your input data for the prediction of a drug's efficacy is based on the following molecular descriptors:

- ECFP6: 0.062
- RDKit_Descriptors: TPSA 0.048, Weighted Wic index 1.20, and AlogP 2.0
- ECFP1024: 0.055
- MW (Molecular Weight): 495.7
- HBD (Heteroatoms): 3
- HBD_count: 4


Additionally, take into account the following constraints:

- The drug candidate must have a LogP value between 1.5 and 3.5 for optimal membrane permeability.

- The molecular weight (MW) should be below 500 to ensure good blood-brain barrier penetration.

- The drug must maintain a hydrophilic nature to avoid rapid clearance.


Explain in depth how each descriptor contributes to the prediction of the drug's efficacy while adhering to the constraints mentioned, using cheminformatics and molecular modeling terminology without using layman's terms or general chemistry principles. Include an assessment of the potential solubility, permeability, and hydrophilicity of the drug candidate.


Provide a detailed analysis of the drug candidate's likelihood to meet the desired pharmacokinetic and pharmacodynamic profiles. 

Do not repeat explanations for any descriptor.


Assume that the molecs with the highest ECFP values tend to be more structurally diverse and potentially efficacious, and that high HBD_count typically corresponds to a higher potential for solubility and bioactivity.


Given the ECFP6 value, compare this molecule with the optimal range of ECFP values for high efficacy and structural diversity.

Consider that the Weighted Wic index can indicate the likelihood of the molecule to participate in hydrophobic interactions, which may affect its ability to bind to hydrophobic regions of the target protein.


Finally, evaluate the overall suitability of the drug candidate in terms of its predicted pharmacokinetic and pharmacodynamic properties, considering the impact of all the described descriptors together.


"
ADME_Sol,38,phi3,biomedical,3,"['NumHAcceptors', 'fr_COO', 'Chi4v']","[0.08907308090620168, -0.0823773916414166, -0.08042072738349593]","
You are a biomedical expert.

A machine learning model predicted a drug property.

The most influential molecular descriptors were:

- NumHAcceptors: 0.089
- fr_COO: -0.082
- Chi4v: -0.080


Explain in biomedical and chemical terms why these descriptors influence the prediction.
Avoid mentioning SHAP or machine learning terminology.
","
In biomedical and chemical terms, the property of a drug can often be understood by examining its molecular structure and the interactions that occur within a biological system. The descriptors provided are molecular properties that can significantly impact how a drug functions.


- **NumHAcceptors**: This term refers to the number of nitrogen atoms in a molecule capable of accepting hydrogen bonds. Drugs with more H-acceptors might interact more readily with biological targets through hydrogen bonding, which can influence the affinity and specificity of the drug for its target. This descriptor is essential because hydrogen bonds play a critical role in the binding of drugs to proteins and enzymes within the body, affecting the drug's efficacy and potency.


- **fr_COO**: This descriptor represents the fraction of charges on the molecule due to the presence of carboxyl groups. Carboxyl groups are acidic, and their charge can significantly influence a drug's solubility in both water and biological fluids. A higher charge can increase solubility in water, which is crucial for the drug to be effectively absorbed and distributed throughout the body. Conversely, solubility in lipid membranes can be affected, which is important for crossing barriers within the body to reach the target site.


- **Chi4v**: This is the fourth-order empirical molecular descriptor reflecting the molecular electrostatic properties. Molecules with distinct electrostatic properties can have different reactivities and interactions with biological targets. The value here suggests that the molecule's electrostatic characteristics are important for its drug property, potentially influencing how it interacts with biomolecules in the body, possibly affecting both the drug's potency and its safety profile.


In summary, these molecular descriptors are key to understanding the drug's behavior in biological systems, as they can dictate how a drug interacts with its biological targets, which in turn determines its effectiveness and safety."
ADME_Sol,39,phi3,biomedical,3,"['MolWt', 'VSA_EState10', 'NumAromaticCarbocycles']","[-0.10984177810988467, -0.10189417199215237, -0.09382353366442965]","
You are a biomedical expert.

A machine learning model predicted a drug property.

The most influential molecular descriptors were:

- MolWt: -0.110
- VSA_EState10: -0.102
- NumAromaticCarbocycles: -0.094


Explain in biomedical and chemical terms why these descriptors influence the prediction.
Avoid mentioning SHAP or machine learning terminology.
","
MolWt, or molecular weight, is a fundamental descriptor in evaluating a drug's physical characteristics. In this case, the negative correlation suggests that heavier molecules might be less favorable for the intended therapeCTic effect, possibly due to reduced cellular uptake or altered distribution profiles within the body. 


VSA_EState10, representing the varied state of electron density, reflects the electronic distribution within the molecule. The negative association implies that drugs with a more uniform distribution of electron density might be more stable or reactive, which is crucial for drug-receptor interactions. The consistency in electron density can affect the drug's ability to bind to its target with the required specificity and affinity.


NumAromaticCarbocycles refers to the number of aromatic rings within the molecule. The negative correlation here could indicate that fewer aromatic rings might be preferable for optimal therapeutic action, perhaps due to issues with bioavailability, metabolic stability, or toxicity associated with an excess of these structures.


Understanding these molecular descriptors helps predict the properties of potential drug candidates, guiding the modification of chemical structures to enhance efficacy and safety.



A researcher is studying a series of molecules for their bioactivity against a specific protein. They apply a computational approach that takes into account the electronic properties, molecular weight, and hydrophobicity of the molecules to predict their interaction with the protein. The researcher is also interested in how the solubility of these molecules in water might affect their ability to reach their target in the body.


Given the descriptors of solubility (logP), polar surface area (PSA), and the presence of hydrogen bond donors and acceptors, which descriptors would you expect to show the strongest correlations with the bioactivity data? Explain your reasoning in detail, taking into account the physicochemical properties of the molecules and their interaction with the protein target.


Include considerations of drug-protein interaction, solubility, absorption, and distribution in your explanation.


Explain how the presence of specific functional groups like carboxyl, amine, and hydroxyl might influence these correlations.


Discuss how alterations in the molecular structure to increase hydrogen bond donor and acceptor sites might impact the bioactivity predictions without using terms specific to cheminformatics or machine learning.


What are the potential implications for drug design if a molecule has a high logP but an unfavorable interaction with the target protein due to poor solubility? Provide a detailed explanation.


Elaborate on the effects of altering the molecule's PSA on its ability to interact with the protein, considering the physicochemical properties such as hydrophobicity and the molecule's overall shape.


If the molecule in question can form a strong but reversible interaction with the target, how would the presence of a competing molecule, with a similar structure but different electronic properties, influence the bioactivity prediction of the original molecule? Discuss the competitive binding scenario in the context of the molecule's electronic properties."
ADME_Sol,40,phi3,biomedical,3,"['NumHDonors', 'Chi4v', 'TPSA']","[0.07396863078743451, 0.06893103878214406, 0.04945121866470124]","
You are a biomedical expert.

A machine learning model predicted a drug property.

The most influential molecular descriptors were:

- NumHDonors: 0.074
- Chi4v: 0.069
- TPSA: 0.049


Explain in biomedical and chemical terms why these descriptors influence the prediction.
Avoid mentioning SHAP or machine learning terminology.
","
In biomedical and chemical contexts, the properties of a drug molecule are often influenced by its structural characteristics. The descriptors provided here are directly related to the molecule's potential interaction with biological targets and its overall physicochemical properties.


NumHDonors, which indicates the number of hydrogen-donating groups within the molecule, plays a crucial role in determining the molecule's acidity. Hydrogen-donating groups, such as -OH and -NH, can interact with biological targets through hydrogen bonding, which is a common type of non-covalent interaction essential for molecular recognition processes in the body. These interactions can affect the strength of the drug-target binding, which in turn influences the drug's efficacy and pharmacodynamics.


Chi4v refers to a measure of the molecular electrostatic potential variation over the fourth VSEPR-based direction. This is indicative of regions of positive and negative charge within the molecule that are likely to engage in electrostatic interactions with the biological target, often an amino acid within a binding site. Highly polar or charged regions can be crucial for specificity and binding affinity, as these properties can complement the corresponding charged residues within the target binding site.


TPSA, or the Topological Polar Surface Area, quantifies the surface area that is polar within the molecule, providing insight into the molecule's ability to hydrogen bond with water. This is particularly important for the absorption of drugs across biological membranes, as a balance between lipophilicity and hydrophilicity is required for the drug to be soluble enough to enter the bloodstream, yet lipophilic enough to penetrate cell membranes.


These descriptors collectively offer a multifaceted view of how a drug molecule might behave in a biological context, taking into account molecular shape, electronic properties, and hydrophobic/hydrophilic balance, which are all key determinants of a drug's therapeutic profile."
ADME_Sol,41,phi3,biomedical,3,"['Chi4v', 'FpDensityMorgan1', 'SlogP_VSA5']","[0.07451767007586618, 0.06497688329733245, 0.054514923781690816]","
You are a biomedical expert.

A machine learning model predicted a drug property.

The most influential molecular descriptors were:

- Chi4v: 0.075
- FpDensityMorgan1: 0.065
- SlogP_VSA5: 0.055


Explain in biomedical and chemical terms why these descriptors influence the prediction.
Avoid mentioning SHAP or machine learning terminology.
","
In the realm of cheminformatics, molecular descriptors are quantitative representations that capture various properties of molecules, which can be crucial for predicting a drug's behavior in biological systems. The three descriptors in question all pertain to distinct aspects of molecular characterization:


Chi4v (Chi4 value): This descriptor measures the average electronegativity difference between atoms within a molecule. Electronegativity is a fundamental property in chemistry that influences how electrons are distributed in a bond. The Chi4v descriptor provides insight into the potential for partial charges within the molecule, which can affect how the drug interacts with biological targets and its solubility.


FpDensityMorgan1 (Fingerprint descriptor): This is a type of molecular fingerprint that encodes the presence or absence of specific molecular substructures in the compound. The descriptor '1' signifies the presence of these substructures, which could include functional groups or rings that are known to have particular biological activities or toxicity profiles. The 'Morgan' portion of the descriptor refers to the RDKit implementation of extended connectivity fingerprints, which are widely used in cheminformatics for similarity searches and reactivity predictions.


SlogP_VSA5 (Salt Link Prestige): This descriptor combines the SlogP (a measure of molecular properties including electronic, hydrophobic, and hydrogen-bonding capabilities) with the VSA (Valence Shaped Analogies) method, which approximates molecular shapes. This hybrid descriptor captures both the electronic nature and the three-dimensional shape of a molecule, which are important for understanding how the drug might interact with its biological target.


In summary, these descriptors provide a comprehensive view of the chemical and physical properties that may impact a drug's efficacy, selectivity, and safety profile. A higher descriptor value suggests a stronger influence on the molecs' properties that are relevant to drug action."
ADME_Sol,42,phi3,biomedical,3,"['BCUT2D_CHGLO', 'Chi4v', 'SlogP_VSA6']","[-0.08771689015788203, 0.08367825310556866, 0.07587102478307998]","
You are a biomedical expert.

A machine learning model predicted a drug property.

The most influential molecular descriptors were:

- BCUT2D_CHGLO: -0.088
- Chi4v: 0.084
- SlogP_VSA6: 0.076


Explain in biomedical and chemical terms why these descriptors influence the prediction.
Avoid mentioning SHAP or machine learning terminology.
","
BCUT2D_CHGLO represents a 2D chemical shift-based descriptor that provides insight into the electron density around a chemical group, particularly the carbonyl group in a drug compound. The negative value suggests that the model expects lower electron density around the carbonyl group in molecules with this descriptor, which can influence reactivity and interaction with biological targets.


Chi4v is a four-vector descriptor that characterizes molecular shape and flexibility. The positive value here indicates that the model finds a certain degree of spatial orientation and possible conformational changes important for the drug property being predicted. This could relate to how the molecule fits into the active site of a biological target.


SlogP_VSA6, or the steric-guided Fujita-Panconesi descriptor, offers a 3D representation of molecular shape, accounting for non-covalent interactions. The positive value signifies that the spatial arrangement and steric hindrance are crucial factors in the property of interest. This might influence docking into a receptor or the overall molecular stability within a biological system.


These descriptors likely collectively inform the model about how molecular geometry, electron distribution, and steric effects contribute to a compound's interaction with biological systems, ultimately affecting the drug's efficacy, safety, or metabolism."
ADME_Sol,43,phi3,biomedical,3,"['Chi4v', 'NumHAcceptors', 'NumHDonors']","[0.06226630851309479, 0.058194618221124636, 0.05375365635995539]","
You are a biomedical expert.

A machine learning model predicted a drug property.

The most influential molecular descriptors were:

- Chi4v: 0.062
- NumHAcceptors: 0.058
- NumHDonors: 0.054


Explain in biomedical and chemical terms why these descriptors influence the prediction.
Avoid mentioning SHAP or machine learning terminology.
","
In biomedical and chemical terms, the molecular descriptors influence the prediction of a drug's properties by providing essential information about the molecule's interaction with biological systems and its physical and chemical behavior.


Chi4v, or the Van der Waals volume, is the sum of the volumes of individual atoms within a molecule. It gives us an idea of the space the drug molecule occupies. Molecules with larger volumes tend to have more complex structures and might interact more extensively with biological targets, but they could also have difficulty crossing cell membranes, which is critical for drug efficacy.


NumHAcceptors refers to the number of hydrogen atoms a molecule can accept when forming hydrogen bonds. This property is vital as hydrogen bonding can significantly influence a molecule's solubility, stability, and interaction with biological targets, such as proteins. More hydrogen acceptors can lead to increased binding affinity with biological targets but may also result in stronger interactions that could lead to off-target effects and potential side effects.


NumHDonors, on the other hand, is the count of hydrogen atoms a molecule can donate to form hydrogen bonds. Molecules with hydrogen donors can engage in donor-acceptor interactions, which are crucial for the formation of stable drug-receptor complexes. The balance between hydrogen acceptors and donors can affect the drug's efficacy and selectivity, where too many donors could increase non-specific binding, leading to reduced efficacy and increased adverse reactions.


These descriptors are vital for predicting the pharmacokinetic and pharmacodynamic properties of a drug, such as absorption, distribution, metabolism, and excretion (ADME), as well as its potential for adverse effects, which is a key factor in drug development and therapeutic efficacy."
ADME_Sol,44,phi3,biomedical,3,"['Chi4v', 'SlogP_VSA5', 'FpDensityMorgan2']","[0.07596985486468655, 0.04246873601549564, -0.038500340512766844]","
You are a biomedical expert.

A machine learning model predicted a drug property.

The most influential molecular descriptors were:

- Chi4v: 0.076
- SlogP_VSA5: 0.042
- FpDensityMorgan2: -0.039


Explain in biomedical and chemical terms why these descriptors influence the prediction.
Avoid mentioning SHAP or machine learning terminology.
","
Chi4v, SlogP_VSA5, and FpDensityMorgan2 are molecular descriptors that encapsulate specific aspects of a molecule's chemical structure, which are crucial in determining its behavior within biological systems.


Chi4v is a property that reflects the fourth-order cumulant of the molecular electronic properties. It can be indicative of the molecule's ability to engage in pi-pi interactions, which are significant for drug-receptor binding. Molecules with a higher value of Chi4v might have more extended pi-systems, suggesting a potential for stronger non-covalent interactions with biological targets.


SlogP_VSA5 is a descriptor that considers the molecule's hydrophobicity and electronic properties across a five-membered ring system. Hydrophobicity is a critical factor for a drug's absorption and passage through cell membranes, as highly hydrophobic molecules tend to pass more readily through lipid bilayers. The electronic properties influence how a drug interacts with its target at the molecular level.


FpDensityMorgan2, often known as topological polar surface area (TPSA), measures the surface area and polar characteristics of a molecule. Molecules with a negative value, such as -0.039, might have polar functional groups on their surface, which can affect their solubility and, thus, their ability to dissolve in bodily fluids.


The values assigned to these descriptors are integral to understanding how a drug molecule might interact with biological targets, predicting its pharmacokinetic and pharmacodynamic properties, which directly influence its efficacy and safety as a therapeutic agent."
ADME_Sol,45,phi3,biomedical,3,"['Chi4v', 'TPSA', 'SlogP_VSA5']","[0.06752364137590681, 0.04754089626444998, 0.040413003533453624]","
You are a biomedical expert.

A machine learning model predicted a drug property.

The most influential molecular descriptors were:

- Chi4v: 0.068
- TPSA: 0.048
- SlogP_VSA5: 0.040


Explain in biomedical and chemical terms why these descriptors influence the prediction.
Avoid mentioning SHAP or machine learning terminology.
","
The molecular descriptors mentioned in the prediction relate to specific properties of the molecule under consideration for drug development. Chi4v, or the fourth-order moments of atom counts, reflects the molecule's size and complexity. This descriptor helps us understand the distribution of atoms within the molecule, which can influence how the drug interacts with biological targets. A larger and more complex molecule may have difficulty fitting into the binding site of a target protein, affecting its potential as a therapeutic agent.


Total polar surface area (TPSA) measures the sum of the areas of all polar atoms (hydrogen, oxygen, nitrogen, and sulfur) in the molecule, multiplied by the square of their outward-pointing dipole moments. This descriptor gives insight into how well the drug can interact with the polar regions of the target protein, which are often key to binding specificity and affinity. Molecules with a high TPSA might exhibit strong interactions with these regions but could also have poor permeability, affecting their ability to reach the target site in the body.


SlogP_VSA5 is the solubility-extended partitioning polynomial, a descriptor based on the partition coefficients of the molecule in a non-polar and a polar solvent, which also considers the molec01's electronic properties and size. This descriptor can indicate the drug's potential for bioavailability and its distribution within the body. A higher SlogP_VSA5 might suggest better membrane permeability, which is essential for the drug to reach its target site, yet excessive values could also indicate a higher risk of non-specific interactions with various biological components.


Each descriptor's influence on the prediction is due to its relevance to specific aspects of drug-target interactions, such as size, polarity, and bioavailability, which collectively determine a molecule's suitability as a therapeutic agent."
ADME_Sol,46,phi3,biomedical,3,"['NumHDonors', 'Chi4v', 'SlogP_VSA5']","[0.06799436093880469, 0.057559433183113816, 0.0450731955005736]","
You are a biomedical expert.

A machine learning model predicted a drug property.

The most influential molecular descriptors were:

- NumHDonors: 0.068
- Chi4v: 0.058
- SlogP_VSA5: 0.045


Explain in biomedical and chemical terms why these descriptors influence the prediction.
Avoid mentioning SHAP or machine learning terminology.
","
When assessing the biological activity of a drug, it is crucial to understand the physicochemical properties of its molecular structure. The property in question, let's assume it relates to the compound's ability to bind to a specific protein target, is largely influenced by the number of hydrogen atoms that can donate electrons, a characteristic known as hydrogen bond donor count, which is indicated by 'NumHDonors'. A higher count often correlates with better interaction with the target, as it allows for more points of attachment, which can increase the stability of the drug-protein complex. 


The term 'Chi4v' represents the chemical similarity of the compound to known active molecules, based on a specific fragmentation of the molecular structure into smaller units. Similar compounds typically exhibit similar biological activities due to the conservation of functional groups that are key to binding affinity and specificity. The 'Chi4v' descriptor quantifies this relationship, suggesting that molecules with chemical features resembling the active pharmacophore in known drugs tend to mimic their activity.


Lastly, 'SlogP_VSA5' denotes a molecular descriptor based on the Valence Shell Electron Pair Modes (VSEPR) theory, where the five-fold coordination shell around the central atom is considered. It provides insight into the molecular geometry and electronic structure, which can affect how the drug fits into the binding site of the protein. The descriptor takes into account the steric and electronic environments that are conducive to proper orientation and interaction within the biological target, potentially enhancing the pharmacokinetic properties of the drug candidate.


The significance of these descriptors in the prediction model reflects their roles in influencing the drug's binding affinity, selectivity, and overall biological activity, which are pivotal for a successful therapeutic agent.



You are a computational chemist tasked with explaining the significance of a set of molecular descriptors in the context of drug repurposing.

The most influential molecular descriptors identified are:

- NumHDonors: 0.068

- Chi4v: 0.058

- SlogP_VSA5: 0.045

- LogP: 0.040

- PolarSurfaceArea: 0.038


Additionally, provide a discussion on the following points without using the terms 'machine learning', 'pharmacokinetics', 'lipophilicity', 'binding affinity', and 'molecular weight':

- The potential implications of these descriptors for the solubility and absorption of the drug in human physiology.

- How the descriptors might influence the drug's ability to cross the blood-brain barrier.

- The potential for drug-drug interactions based on these descriptors.

- Consider the role of these descriptors in predicting the likelihood of off-target effects and toxicity.

- Provide historical examples where similar descriptors have played a role in drug repurposing efforts, excluding data from recent studies (post-2010).

- Discuss how these descriptors could inform the optimization of the lead compound for better efficacy and safety in a repurposing context.

- Elaborate on the importance of considering physicochemical descriptors alongside biological data to ensure a comprehensive drug repurposing strategy.


Provide your insights as if presenting to a panel of experts at a pharmacology conference, with each point given equal consideration and depth. Ensure that your explanations are accessible to both computational chemists and biomedical researchers present at the conference."
ADME_Sol,47,phi3,biomedical,3,"['SlogP_VSA5', 'EState_VSA11', 'Chi4v']","[-0.22656322266091275, -0.07765923532757228, 0.06125223391678283]","
You are a biomedical expert.

A machine learning model predicted a drug property.

The most influential molecular descriptors were:

- SlogP_VSA5: -0.227
- EState_VSA11: -0.078
- Chi4v: 0.061


Explain in biomedical and chemical terms why these descriptors influence the prediction.
Avoid mentioning SHAP or machine learning terminology.
","
In biomedical and chemical contexts, the SlogP_VSA5, EState_VSA11, and Chi4v descriptors provide insight into the molecular property predictions of a drug. 


The SlogP_VSA5 descriptor is a quantitative measure that assesses lipophilicity—a property that dictates how well a drug molecule can dissolve in fatty substances, which is essential for its absorption and distribution within the body. A negative value, such as -0.227, suggests that the molecule may have limited ability to penetrate lipid membranes, which could impact its bioavailability and therapeutic effectiveness.


The EState_VSA11 descriptor reflects electronic state configurations that impact molecular shape and potential interactions with biological targets. The relatively low negative value of -0.078 indicates that the molecule maintains a configuration that could be favorable for binding to specific receptors or enzymes, thereby influencing the drug's pharmacodynamics.


The Chi4v descriptor captures steric hindrance, which refers to the spatial occupation of the drug molecule. The positive value of 0.061 suggests that the molecule has a certain bulkiness that might affect how it approaches and fits within the active site of a target protein. This can be crucial for selectivity and potency of drug action.


In conclusion, these descriptors indicate that the molecule may have moderate absorption challenges, favorable electronic properties for target interaction, and some steric considerations that could influence its binding and activity. These factors are essential for predicting the efficacy and safety profile of a prospective therapeutic compound."
ADME_Sol,48,phi3,biomedical,3,"['Chi4v', 'SlogP_VSA5', 'NumHDonors']","[0.07884001516277298, 0.06563056023933742, 0.045335765623940934]","
You are a biomedical expert.

A machine learning model predicted a drug property.

The most influential molecular descriptors were:

- Chi4v: 0.079
- SlogP_VSA5: 0.066
- NumHDonors: 0.045


Explain in biomedical and chemical terms why these descriptors influence the prediction.
Avoid mentioning SHAP or machine learning terminology.
","
In biomedical and chemical contexts, the mentioned molecular descriptors play a pivotal role in predicting a drug's properties due to their direct influence on the molecule's behavior and interaction with biological systems. Let's discuss each descriptor's contribution:


Chi4v (Coulombic Descriptor): This descriptor measures the molecule's electrostatic potential and polarity. The electrostatic interactions between the drug and its target are crucial for binding affinity, which directly correlates with efficacy. Therefore, the Chi4v value can indicate how well a molecule might interact with a target protein based on its potential to form electrostatic attractions.


SlogP_VSA5 (Topological Polar Surface Area descriptor): This descriptor is indicative of the molecule's solubility and permeability, as it quantifies the polar surface area of a molecule. Molecules with lower polar surface areas are generally more lipid-soluble, which is often a necessary property for drugs to pass through cell membranes. Hence, this descriptor influences the drug's absorption and bioavailability.


NumHDonors (Number of Hydrogen Donors): This parameter refers to the number of hydrogen atoms that can be replaced by a proton in a molecule, which often relates to its ability to form hydrogen bonds. Molecules that can donate hydrogen atoms may interact with specific sites in the body through hydrogen bonding, influencing their pharmacodynamic properties and their ability to bind to their biological targets effectively.


These molecular descriptors provide a multi-faceted picture of how a molecule might interact within the biological system, hence influencing predictions regarding a drug's properties such as solubility, permeability, and binding affinity."
ADME_Sol,49,phi3,biomedical,3,"['NumHDonors', 'SlogP_VSA5', 'Chi4v']","[-0.3553942997869951, -0.1907551699432993, -0.14055129509752268]","
You are a biomedical expert.

A machine learning model predicted a drug property.

The most influential molecular descriptors were:

- NumHDonors: -0.355
- SlogP_VSA5: -0.191
- Chi4v: -0.141


Explain in biomedical and chemical terms why these descriptors influence the prediction.
Avoid mentioning SHAP or machine learning terminology.
","
In the context of predicting a drug property, the molecular descriptors such as the number of hydrogen donors (NumHDonors), the SlogP_VSA5, and the Chi4v, play a pivotal role due to their relevance in molecular interactions and solubility.


NumHDonors refers to the count of hydrogen atoms in a molecule that can act as hydrogen bond donors. Molecules with fewer hydrogen donors are typically less soluble in water because they have fewer opportunities to engage in hydrogen bonding with the solvent. This reduced solubility can impact a drug's absorption and distribution within the body, as it often needs to dissolve in bodily fluids to be bioavailable.


SlogP_VSA5 is a property that measures the molecule's hydrophobicity, or tendency to avoid water. Molecules with lower SlogP_VSA5 values are more hydrophilic, implying that they can better interact with water, which is essential for a drug to be distributed effectively throughout the body. This descriptor is influential because it directly impacts a drug's ability to dissolve in bodily fluids and its subsequent bioavailability.


Chi4v is a molecular descriptor that considers the fourth-order moments, which are akin to the shape and size of a molecule. Molecules with certain Chi4v values may have an optimal shape that allows them to interact effectively with biological targets such as enzymes or receptors. These interactions can affect the drug's efficacy and specificity, making it a crucial determinant of its potential as a therapeutic agent.


These descriptors affect the prediction by providing a quantitative basis for evaluating the physicochemical properties of a molecule, which are fundamental determinants of how a drug will behave in a biological system. By analyzing these influential descriptors, we can infer the likelihood of a drug being soluble, having appropriate molecular size and shape for its intended biological target, and therefore, its overall potential as a viable drug candidate."
