Endpoint,N,Mean,Std,Min,25%,50%,75%,Max
Sol,2173,1.2599429654855039,0.6834159380398808,-1.0,1.15351,1.542825,1.687351,2.179264
MDR1,2642,0.39782913966691896,0.6884645461749404,-1.162425,-0.162356,0.153291,0.9050130000000001,2.725057
rPPB,885,0.7187640937246849,0.7516973590515706,-1.63827216398,0.232996110392,0.801403710017,1.27852496474,2.0
hPPB,1808,0.6428826804451018,0.7268008934141289,-1.59345981957,0.158873375199,0.67851837904,1.20411998266,2.0
RLM,3054,2.2562065412573675,0.7504223758978843,1.02792,1.6882905,2.3110679999999997,2.835274,3.969622
HLM,3087,1.3200193268545515,0.6239516998655095,0.675687,0.675687,1.205313,1.8031155,3.372714
