endpoint,Pearson_r_CV,Pearson_r_test,MSE_test
ADME_HLM,0.6801405775005726,0.6855952423618328,0.2057535241112646
ADME_hPPB,0.7394194524010302,0.7490255014209879,0.23611956503628537
ADME_MDR1_ER,0.7221589409247637,0.737212488857209,0.19741843196228356
ADME_RLM,0.6994215580193216,0.6928240965317749,0.2941907599570841
ADME_rPPB,0.6636991264867955,0.7134369639136176,0.3000322114567461
ADME_Sol,0.5531994808836861,0.5537799290325218,0.3465654296723463
