endpoint,Pearson_r_CV,Pearson_r_test,MSE_test
ADME_HLM,0.6390580285382679,0.6653846620813405,0.2159399523780559
ADME_hPPB,0.7274006580471845,0.7072745308316932,0.26936615436259836
ADME_MDR1_ER,0.7098153191346724,0.7089186561596101,0.217098535068729
ADME_RLM,0.6801428471647145,0.6761336800177677,0.30694503077596036
ADME_rPPB,0.6741187335992402,0.6817553562646089,0.32688719225495927
ADME_Sol,0.5299287938572023,0.5325529058670317,0.3569714959453325
